STRUCTURE,STRUCTURE_ID,ACTION,FREQ,REF_AREA,INDICATOR,SEX,AGE,URBANISATION,UNIT_MEASURE,COMP_BREAKDOWN_1,COMP_BREAKDOWN_2,COMP_BREAKDOWN_3,TIME_PERIOD,OBS_VALUE,AGG_METHOD,UNIT_TYPE,DECIMALS,DATABASE_ID,TIME_FORMAT,UNIT_MULT,OBS_STATUS,OBS_CONF,FREQ_LABEL,REF_AREA_LABEL,INDICATOR_LABEL,SEX_LABEL,AGE_LABEL,URBANISATION_LABEL,UNIT_MEASURE_LABEL,COMP_BREAKDOWN_1_LABEL,COMP_BREAKDOWN_2_LABEL,COMP_BREAKDOWN_3_LABEL,AGG_METHOD_LABEL,UNIT_TYPE_LABEL,DECIMALS_LABEL,DATABASE_ID_LABEL,TIME_FORMAT_LABEL,UNIT_MULT_LABEL,OBS_STATUS_LABEL,OBS_CONF_LABEL
datastructure,WB.DATA360:DS_DATA360(1.3),I,A,VEN,WB_WDI_SI_POV_GINI,_T,_T,_T,0_TO_100,_Z,_Z,_Z,1999,47.7,_Z,IX,2,WB_WDI,P1Y,0,A,PU,Annual,"Venezuela, RB",Gini index,Total,All age ranges or no breakdown by age,Total,0-100 scale,Not Applicable,Not Applicable,Not Applicable,Not Applicable,Index,Two,World Development Indicators (WDI),Annual,Units,Normal value,Public
datastructure,WB.DATA360:DS_DATA360(1.3),I,A,ZWE,WB_WDI_SI_POV_GINI,_T,_T,_T,0_TO_100,_Z,_Z,_Z,2017,44.3,_Z,IX,2,WB_WDI,P1Y,0,A,PU,Annual,Zimbabwe,Gini index,Total,All age ranges or no breakdown by age,Total,0-100 scale,Not Applicable,Not Applicable,Not Applicable,Not Applicable,Index,Two,World Development Indicators (WDI),Annual,Units,Normal value,Public
datastructure,WB.DATA360:DS_DATA360(1.3),I,A,PSE,WB_WDI_SI_POV_GINI,_T,_T,_T,0_TO_100,_Z,_Z,_Z,2009,34.5,_Z,IX,2,WB_WDI,P1Y,0,A,PU,Annual,West Bank and Gaza,Gini index,Total,All age ranges or no breakdown by age,Total,0-100 scale,Not Applicable,Not Applicable,Not Applicable,Not Applicable,Index,Two,World Development Indicators (WDI),Annual,Units,Normal value,Public
datastructure,WB.DATA360:DS_DATA360(1.3),I,A,ZWE,WB_WDI_SI_POV_GINI,_T,_T,_T,0_TO_100,_Z,_Z,_Z,2011,43.2,_Z,IX,2,WB_WDI,P1Y,0,A,PU,Annual,Zimbabwe,Gini index,Total,All age ranges or no breakdown by age,Total,0-100 scale,Not Applicable,Not Applicable,Not Applicable,Not Applicable,Index,Two,World Development Indicators (WDI),Annual,Units,Normal value,Public
datastructure,WB.DATA360:DS_DATA360(1.3),I,A,VEN,WB_WDI_SI_POV_GINI,_T,_T,_T,0_TO_100,_Z,_Z,_Z,2002,48.9,_Z,IX,2,WB_WDI,P1Y,0,A,PU,Annual,"Venezuela, RB",Gini index,Total,All age ranges or no breakdown by age,Total,0-100 scale,Not Applicable,Not Applicable,Not Applicable,Not Applicable,Index,Two,World Development Indicators (WDI),Annual,Units,Normal value,Public
datastructure,WB.DATA360:DS_DATA360(1.3),I,A,VNM,WB_WDI_SI_POV_GINI,_T,_T,_T,0_TO_100,_Z,_Z,_Z,2002,37.0,_Z,IX,2,WB_WDI,P1Y,0,A,PU,Annual,Vietnam,Gini index,Total,All age ranges or no breakdown by age,Total,0-100 scale,Not Applicable,Not Applicable,Not Applicable,Not Applicable,Index,Two,World Development Indicators (WDI),Annual,Units,Normal value,Public
datastructure,WB.DATA360:DS_DATA360(1.3),I,A,ZMB,WB_WDI_SI_POV_GINI,_T,_T,_T,0_TO_100,_Z,_Z,_Z,2002,42.1,_Z,IX,2,WB_WDI,P1Y,0,A,PU,Annual,Zambia,Gini index,Total,All age ranges or no breakdown by age,Total,0-100 scale,Not Applicable,Not Applicable,Not Applicable,Not Applicable,Index,Two,World Development Indicators (WDI),Annual,Units,Normal value,Public
datastructure,WB.DATA360:DS_DATA360(1.3),I,A,VNM,WB_WDI_SI_POV_GINI,_T,_T,_T,0_TO_100,_Z,_Z,_Z,2010,39.3,_Z,IX,2,WB_WDI,P1Y,0,A,PU,Annual,Vietnam,Gini index,Total,All age ranges or no breakdown by age,Total,0-100 scale,Not Applicable,Not Applicable,Not Applicable,Not Applicable,Index,Two,World Development Indicators (WDI),Annual,Units,Normal value,Public
datastructure,WB.DATA360:DS_DATA360(1.3),I,A,PSE,WB_WDI_SI_POV_GINI,_T,_T,_T,0_TO_100,_Z,_Z,_Z,2010,35.3,_Z,IX,2,WB_WDI,P1Y,0,A,PU,Annual,West Bank and Gaza,Gini index,Total,All age ranges or no breakdown by age,Total,0-100 scale,Not Applicable,Not Applicable,Not Applicable,Not Applicable,Index,Two,World Development Indicators (WDI),Annual,Units,Normal value,Public
datastructure,WB.DATA360:DS_DATA360(1.3),I,A,ZMB,WB_WDI_SI_POV_GINI,_T,_T,_T,0_TO_100,_Z,_Z,_Z,2010,52.0,_Z,IX,2,WB_WDI,P1Y,0,A,PU,Annual,Zambia,Gini index,Total,All age ranges or no breakdown by age,Total,0-100 scale,Not Applicable,Not Applicable,Not Applicable,Not Applicable,Index,Two,World Development Indicators (WDI),Annual,Units,Normal value,Public
datastructure,WB.DATA360:DS_DATA360(1.3),I,A,VEN,WB_WDI_SI_POV_GINI,_T,_T,_T,0_TO_100,_Z,_Z,_Z,2001,47.2,_Z,IX,2,WB_WDI,P1Y,0,A,PU,Annual,"Venezuela, RB",Gini index,Total,All age ranges or no breakdown by age,Total,0-100 scale,Not Applicable,Not Applicable,Not Applicable,Not Applicable,Index,Two,World Development Indicators (WDI),Annual,Units,Normal value,Public
datastructure,WB.DATA360:DS_DATA360(1.3),I,A,UZB,WB_WDI_SI_POV_GINI,_T,_T,_T,0_TO_100,_Z,_Z,_Z,2003,35.2,_Z,IX,2,WB_WDI,P1Y,0,A,PU,Annual,Uzbekistan,Gini index,Total,All age ranges or no breakdown by age,Total,0-100 scale,Not Applicable,Not Applicable,Not Applicable,Not Applicable,Index,Two,World Development Indicators (WDI),Annual,Units,Normal value,Public
datastructure,WB.DATA360:DS_DATA360(1.3),I,A,VEN,WB_WDI_SI_POV_GINI,_T,_T,_T,0_TO_100,_Z,_Z,_Z,2003,47.9,_Z,IX,2,WB_WDI,P1Y,0,A,PU,Annual,"Venezuela, RB",Gini index,Total,All age ranges or no breakdown by age,Total,0-100 scale,Not Applicable,Not Applicable,Not Applicable,Not Applicable,Index,Two,World Development Indicators (WDI),Annual,Units,Normal value,Public
datastructure,WB.DATA360:DS_DATA360(1.3),I,A,VNM,WB_WDI_SI_POV_GINI,_T,_T,_T,0_TO_100,_Z,_Z,_Z,2008,35.6,_Z,IX,2,WB_WDI,P1Y,0,A,PU,Annual,Vietnam,Gini index,Total,All age ranges or no breakdown by age,Total,0-100 scale,Not Applicable,Not Applicable,Not Applicable,Not Applicable,Index,Two,World Development Indicators (WDI),Annual,Units,Normal value,Public
datastructure,WB.DATA360:DS_DATA360(1.3),I,A,PSE,WB_WDI_SI_POV_GINI,_T,_T,_T,0_TO_100,_Z,_Z,_Z,2005,34.7,_Z,IX,2,WB_WDI,P1Y,0,A,PU,Annual,West Bank and Gaza,Gini index,Total,All age ranges or no breakdown by age,Total,0-100 scale,Not Applicable,Not Applicable,Not Applicable,Not Applicable,Index,Two,World Development Indicators (WDI),Annual,Units,Normal value,Public
datastructure,WB.DATA360:DS_DATA360(1.3),I,A,YEM,WB_WDI_SI_POV_GINI,_T,_T,_T,0_TO_100,_Z,_Z,_Z,2005,34.7,_Z,IX,2,WB_WDI,P1Y,0,A,PU,Annual,"Yemen, Rep.",Gini index,Total,All age ranges or no breakdown by age,Total,0-100 scale,Not Applicable,Not Applicable,Not Applicable,Not Applicable,Index,Two,World Development Indicators (WDI),Annual,Units,Normal value,Public
datastructure,WB.DATA360:DS_DATA360(1.3),I,A,DZA,WB_WDI_SI_POV_GINI,_T,_T,_T,0_TO_100,_Z,_Z,_Z,2011,27.6,_Z,IX,2,WB_WDI,P1Y,0,A,PU,Annual,Algeria,Gini index,Total,All age ranges or no breakdown by age,Total,0-100 scale,Not Applicable,Not Applicable,Not Applicable,Not Applicable,Index,Two,World Development Indicators (WDI),Annual,Units,Normal value,Public
datastructure,WB.DATA360:DS_DATA360(1.3),I,A,ARG,WB_WDI_SI_POV_GINI,_T,_T,_T,0_TO_100,_Z,_Z,_Z,2011,42.7,_Z,IX,2,WB_WDI,P1Y,0,A,PU,Annual,Argentina,Gini index,Total,All age ranges or no breakdown by age,Total,0-100 scale,Not Applicable,Not Applicable,Not Applicable,Not Applicable,Index,Two,World Development Indicators (WDI),Annual,Units,Normal value,Public
datastructure,WB.DATA360:DS_DATA360(1.3),I,A,ARM,WB_WDI_SI_POV_GINI,_T,_T,_T,0_TO_100,_Z,_Z,_Z,2011,29.4,_Z,IX,2,WB_WDI,P1Y,0,A,PU,Annual,Armenia,Gini index,Total,All age ranges or no breakdown by age,Total,0-100 scale,Not Applicable,Not Applicable,Not Applicable,Not Applicable,Index,Two,World Development Indicators (WDI),Annual,Units,Normal value,Public
datastructure,WB.DATA360:DS_DATA360(1.3),I,A,ARG,WB_WDI_SI_POV_GINI,_T,_T,_T,0_TO_100,_Z,_Z,_Z,2010,43.7,_Z,IX,2,WB_WDI,P1Y,0,A,PU,Annual,Argentina,Gini index,Total,All age ranges or no breakdown by age,Total,0-100 scale,Not Applicable,Not Applicable,Not Applicable,Not Applicable,Index,Two,World Development Indicators (WDI),Annual,Units,Normal value,Public
datastructure,WB.DATA360:DS_DATA360(1.3),I,A,ARM,WB_WDI_SI_POV_GINI,_T,_T,_T,0_TO_100,_Z,_Z,_Z,2010,30.0,_Z,IX,2,WB_WDI,P1Y,0,A,PU,Annual,Armenia,Gini index,Total,All age ranges or no breakdown by age,Total,0-100 scale,Not Applicable,Not Applicable,Not Applicable,Not Applicable,Index,Two,World Development Indicators (WDI),Annual,Units,Normal value,Public
datastructure,WB.DATA360:DS_DATA360(1.3),I,A,AUS,WB_WDI_SI_POV_GINI,_T,_T,_T,0_TO_100,_Z,_Z,_Z,2010,34.7,_Z,IX,2,WB_WDI,P1Y,0,A,PU,Annual,Australia,Gini index,Total,All age ranges or no breakdown by age,Total,0-100 scale,Not Applicable,Not Applicable,Not Applicable,Not Applicable,Index,Two,World Development Indicators (WDI),Annual,Units,Normal value,Public
datastructure,WB.DATA360:DS_DATA360(1.3),I,A,PSE,WB_WDI_SI_POV_GINI,_T,_T,_T,0_TO_100,_Z,_Z,_Z,2007,35.6,_Z,IX,2,WB_WDI,P1Y,0,A,PU,Annual,West Bank and Gaza,Gini index,Total,All age ranges or no breakdown by age,Total,0-100 scale,Not Applicable,Not Applicable,Not Applicable,Not Applicable,Index,Two,World Development Indicators (WDI),Annual,Units,Normal value,Public
datastructure,WB.DATA360:DS_DATA360(1.3),I,A,USA,WB_WDI_SI_POV_GINI,_T,_T,_T,0_TO_100,_Z,_Z,_Z,2013,40.9,_Z,IX,2,WB_WDI,P1Y,0,A,PU,Annual,United States,Gini index,Total,All age ranges or no breakdown by age,Total,0-100 scale,Not Applicable,Not Applicable,Not Applicable,Not Applicable,Index,Two,World Development Indicators (WDI),Annual,Units,Normal value,Public
datastructure,WB.DATA360:DS_DATA360(1.3),I,A,URY,WB_WDI_SI_POV_GINI,_T,_T,_T,0_TO_100,_Z,_Z,_Z,2013,40.5,_Z,IX,2,WB_WDI,P1Y,0,A,PU,Annual,Uruguay,Gini index,Total,All age ranges or no breakdown by age,Total,0-100 scale,Not Applicable,Not Applicable,Not Applicable,Not Applicable,Index,Two,World Development Indicators (WDI),Annual,Units,Normal value,Public
datastructure,WB.DATA360:DS_DATA360(1.3),I,A,UZB,WB_WDI_SI_POV_GINI,_T,_T,_T,0_TO_100,_Z,_Z,_Z,2022,31.2,_Z,IX,2,WB_WDI,P1Y,0,A,PU,Annual,Uzbekistan,Gini index,Total,All age ranges or no breakdown by age,Total,0-100 scale,Not Applicable,Not Applicable,Not Applicable,Not Applicable,Index,Two,World Development Indicators (WDI),Annual,Units,Normal value,Public
datastructure,WB.DATA360:DS_DATA360(1.3),I,A,VNM,WB_WDI_SI_POV_GINI,_T,_T,_T,0_TO_100,_Z,_Z,_Z,2022,36.1,_Z,IX,2,WB_WDI,P1Y,0,A,PU,Annual,Vietnam,Gini index,Total,All age ranges or no breakdown by age,Total,0-100 scale,Not Applicable,Not Applicable,Not Applicable,Not Applicable,Index,Two,World Development Indicators (WDI),Annual,Units,Normal value,Public
datastructure,WB.DATA360:DS_DATA360(1.3),I,A,ZMB,WB_WDI_SI_POV_GINI,_T,_T,_T,0_TO_100,_Z,_Z,_Z,2022,51.5,_Z,IX,2,WB_WDI,P1Y,0,A,PU,Annual,Zambia,Gini index,Total,All age ranges or no breakdown by age,Total,0-100 scale,Not Applicable,Not Applicable,Not Applicable,Not Applicable,Index,Two,World Development Indicators (WDI),Annual,Units,Normal value,Public
datastructure,WB.DATA360:DS_DATA360(1.3),I,A,ALB,WB_WDI_SI_POV_GINI,_T,_T,_T,0_TO_100,_Z,_Z,_Z,2008,30.0,_Z,IX,2,WB_WDI,P1Y,0,A,PU,Annual,Albania,Gini index,Total,All age ranges or no breakdown by age,Total,0-100 scale,Not Applicable,Not Applicable,Not Applicable,Not Applicable,Index,Two,World Development Indicators (WDI),Annual,Units,Normal value,Public
datastructure,WB.DATA360:DS_DATA360(1.3),I,A,AGO,WB_WDI_SI_POV_GINI,_T,_T,_T,0_TO_100,_Z,_Z,_Z,2008,42.7,_Z,IX,2,WB_WDI,P1Y,0,A,PU,Annual,Angola,Gini index,Total,All age ranges or no breakdown by age,Total,0-100 scale,Not Applicable,Not Applicable,Not Applicable,Not Applicable,Index,Two,World Development Indicators (WDI),Annual,Units,Normal value,Public
datastructure,WB.DATA360:DS_DATA360(1.3),I,A,ARG,WB_WDI_SI_POV_GINI,_T,_T,_T,0_TO_100,_Z,_Z,_Z,2008,45.0,_Z,IX,2,WB_WDI,P1Y,0,A,PU,Annual,Argentina,Gini index,Total,All age ranges or no breakdown by age,Total,0-100 scale,Not Applicable,Not Applicable,Not Applicable,Not Applicable,Index,Two,World Development Indicators (WDI),Annual,Units,Normal value,Public
datastructure,WB.DATA360:DS_DATA360(1.3),I,A,ARM,WB_WDI_SI_POV_GINI,_T,_T,_T,0_TO_100,_Z,_Z,_Z,2008,29.2,_Z,IX,2,WB_WDI,P1Y,0,A,PU,Annual,Armenia,Gini index,Total,All age ranges or no breakdown by age,Total,0-100 scale,Not Applicable,Not Applicable,Not Applicable,Not Applicable,Index,Two,World Development Indicators (WDI),Annual,Units,Normal value,Public
datastructure,WB.DATA360:DS_DATA360(1.3),I,A,AUS,WB_WDI_SI_POV_GINI,_T,_T,_T,0_TO_100,_Z,_Z,_Z,2008,35.4,_Z,IX,2,WB_WDI,P1Y,0,A,PU,Annual,Australia,Gini index,Total,All age ranges or no breakdown by age,Total,0-100 scale,Not Applicable,Not Applicable,Not Applicable,Not Applicable,Index,Two,World Development Indicators (WDI),Annual,Units,Normal value,Public
datastructure,WB.DATA360:DS_DATA360(1.3),I,A,USA,WB_WDI_SI_POV_GINI,_T,_T,_T,0_TO_100,_Z,_Z,_Z,2000,40.1,_Z,IX,2,WB_WDI,P1Y,0,A,PU,Annual,United States,Gini index,Total,All age ranges or no breakdown by age,Total,0-100 scale,Not Applicable,Not Applicable,Not Applicable,Not Applicable,Index,Two,World Development Indicators (WDI),Annual,Units,Normal value,Public
datastructure,WB.DATA360:DS_DATA360(1.3),I,A,URY,WB_WDI_SI_POV_GINI,_T,_T,_T,0_TO_100,_Z,_Z,_Z,2000,43.4,_Z,IX,2,WB_WDI,P1Y,0,A,PU,Annual,Uruguay,Gini index,Total,All age ranges or no breakdown by age,Total,0-100 scale,Not Applicable,Not Applicable,Not Applicable,Not Applicable,Index,Two,World Development Indicators (WDI),Annual,Units,Normal value,Public
datastructure,WB.DATA360:DS_DATA360(1.3),I,A,UZB,WB_WDI_SI_POV_GINI,_T,_T,_T,0_TO_100,_Z,_Z,_Z,2000,35.9,_Z,IX,2,WB_WDI,P1Y,0,A,PU,Annual,Uzbekistan,Gini index,Total,All age ranges or no breakdown by age,Total,0-100 scale,Not Applicable,Not Applicable,Not Applicable,Not Applicable,Index,Two,World Development Indicators (WDI),Annual,Units,Normal value,Public
datastructure,WB.DATA360:DS_DATA360(1.3),I,A,CHN,WB_WDI_SI_POV_GINI,_T,_T,_T,0_TO_100,_Z,_Z,_Z,2014,39.2,_Z,IX,2,WB_WDI,P1Y,0,A,PU,Annual,China,Gini index,Total,All age ranges or no breakdown by age,Total,0-100 scale,Not Applicable,Not Applicable,Not Applicable,Not Applicable,Index,Two,World Development Indicators (WDI),Annual,Units,Normal value,Public
datastructure,WB.DATA360:DS_DATA360(1.3),I,A,COL,WB_WDI_SI_POV_GINI,_T,_T,_T,0_TO_100,_Z,_Z,_Z,2014,53.6,_Z,IX,2,WB_WDI,P1Y,0,A,PU,Annual,Colombia,Gini index,Total,All age ranges or no breakdown by age,Total,0-100 scale,Not Applicable,Not Applicable,Not Applicable,Not Applicable,Index,Two,World Development Indicators (WDI),Annual,Units,Normal value,Public
datastructure,WB.DATA360:DS_DATA360(1.3),I,A,COM,WB_WDI_SI_POV_GINI,_T,_T,_T,0_TO_100,_Z,_Z,_Z,2014,45.3,_Z,IX,2,WB_WDI,P1Y,0,A,PU,Annual,Comoros,Gini index,Total,All age ranges or no breakdown by age,Total,0-100 scale,Not Applicable,Not Applicable,Not Applicable,Not Applicable,Index,Two,World Development Indicators (WDI),Annual,Units,Normal value,Public
datastructure,WB.DATA360:DS_DATA360(1.3),I,A,CRI,WB_WDI_SI_POV_GINI,_T,_T,_T,0_TO_100,_Z,_Z,_Z,2014,48.6,_Z,IX,2,WB_WDI,P1Y,0,A,PU,Annual,Costa Rica,Gini index,Total,All age ranges or no breakdown by age,Total,0-100 scale,Not Applicable,Not Applicable,Not Applicable,Not Applicable,Index,Two,World Development Indicators (WDI),Annual,Units,Normal value,Public
datastructure,WB.DATA360:DS_DATA360(1.3),I,A,HRV,WB_WDI_SI_POV_GINI,_T,_T,_T,0_TO_100,_Z,_Z,_Z,2014,32.1,_Z,IX,2,WB_WDI,P1Y,0,A,PU,Annual,Croatia,Gini index,Total,All age ranges or no breakdown by age,Total,0-100 scale,Not Applicable,Not Applicable,Not Applicable,Not Applicable,Index,Two,World Development Indicators (WDI),Annual,Units,Normal value,Public
datastructure,WB.DATA360:DS_DATA360(1.3),I,A,CHL,WB_WDI_SI_POV_GINI,_T,_T,_T,0_TO_100,_Z,_Z,_Z,2017,45.3,_Z,IX,2,WB_WDI,P1Y,0,A,PU,Annual,Chile,Gini index,Total,All age ranges or no breakdown by age,Total,0-100 scale,Not Applicable,Not Applicable,Not Applicable,Not Applicable,Index,Two,World Development Indicators (WDI),Annual,Units,Normal value,Public
datastructure,WB.DATA360:DS_DATA360(1.3),I,A,CHN,WB_WDI_SI_POV_GINI,_T,_T,_T,0_TO_100,_Z,_Z,_Z,2017,39.1,_Z,IX,2,WB_WDI,P1Y,0,A,PU,Annual,China,Gini index,Total,All age ranges or no breakdown by age,Total,0-100 scale,Not Applicable,Not Applicable,Not Applicable,Not Applicable,Index,Two,World Development Indicators (WDI),Annual,Units,Normal value,Public
datastructure,WB.DATA360:DS_DATA360(1.3),I,A,COL,WB_WDI_SI_POV_GINI,_T,_T,_T,0_TO_100,_Z,_Z,_Z,2017,50.9,_Z,IX,2,WB_WDI,P1Y,0,A,PU,Annual,Colombia,Gini index,Total,All age ranges or no breakdown by age,Total,0-100 scale,Not Applicable,Not Applicable,Not Applicable,Not Applicable,Index,Two,World Development Indicators (WDI),Annual,Units,Normal value,Public
datastructure,WB.DATA360:DS_DATA360(1.3),I,A,CRI,WB_WDI_SI_POV_GINI,_T,_T,_T,0_TO_100,_Z,_Z,_Z,2017,48.3,_Z,IX,2,WB_WDI,P1Y,0,A,PU,Annual,Costa Rica,Gini index,Total,All age ranges or no breakdown by age,Total,0-100 scale,Not Applicable,Not Applicable,Not Applicable,Not Applicable,Index,Two,World Development Indicators (WDI),Annual,Units,Normal value,Public
datastructure,WB.DATA360:DS_DATA360(1.3),I,A,HRV,WB_WDI_SI_POV_GINI,_T,_T,_T,0_TO_100,_Z,_Z,_Z,2017,30.4,_Z,IX,2,WB_WDI,P1Y,0,A,PU,Annual,Croatia,Gini index,Total,All age ranges or no breakdown by age,Total,0-100 scale,Not Applicable,Not Applicable,Not Applicable,Not Applicable,Index,Two,World Development Indicators (WDI),Annual,Units,Normal value,Public
datastructure,WB.DATA360:DS_DATA360(1.3),I,A,JPN,WB_WDI_SI_POV_GINI,_T,_T,_T,0_TO_100,_Z,_Z,_Z,2014,31.3,_Z,IX,2,WB_WDI,P1Y,0,A,PU,Annual,Japan,Gini index,Total,All age ranges or no breakdown by age,Total,0-100 scale,Not Applicable,Not Applicable,Not Applicable,Not Applicable,Index,Two,World Development Indicators (WDI),Annual,Units,Normal value,Public
datastructure,WB.DATA360:DS_DATA360(1.3),I,A,KAZ,WB_WDI_SI_POV_GINI,_T,_T,_T,0_TO_100,_Z,_Z,_Z,2014,27.0,_Z,IX,2,WB_WDI,P1Y,0,A,PU,Annual,Kazakhstan,Gini index,Total,All age ranges or no breakdown by age,Total,0-100 scale,Not Applicable,Not Applicable,Not Applicable,Not Applicable,Index,Two,World Development Indicators (WDI),Annual,Units,Normal value,Public
datastructure,WB.DATA360:DS_DATA360(1.3),I,A,KOR,WB_WDI_SI_POV_GINI,_T,_T,_T,0_TO_100,_Z,_Z,_Z,2014,31.2,_Z,IX,2,WB_WDI,P1Y,0,A,PU,Annual,"Korea, Rep.",Gini index,Total,All age ranges or no breakdown by age,Total,0-100 scale,Not Applicable,Not Applicable,Not Applicable,Not Applicable,Index,Two,World Development Indicators (WDI),Annual,Units,Normal value,Public
datastructure,WB.DATA360:DS_DATA360(1.3),I,A,XKX,WB_WDI_SI_POV_GINI,_T,_T,_T,0_TO_100,_Z,_Z,_Z,2014,27.3,_Z,IX,2,WB_WDI,P1Y,0,A,PU,Annual,Kosovo,Gini index,Total,All age ranges or no breakdown by age,Total,0-100 scale,Not Applicable,Not Applicable,Not Applicable,Not Applicable,Index,Two,World Development Indicators (WDI),Annual,Units,Normal value,Public
datastructure,WB.DATA360:DS_DATA360(1.3),I,A,KGZ,WB_WDI_SI_POV_GINI,_T,_T,_T,0_TO_100,_Z,_Z,_Z,2014,26.8,_Z,IX,2,WB_WDI,P1Y,0,A,PU,Annual,Kyrgyz Republic,Gini index,Total,All age ranges or no breakdown by age,Total,0-100 scale,Not Applicable,Not Applicable,Not Applicable,Not Applicable,Index,Two,World Development Indicators (WDI),Annual,Units,Normal value,Public
datastructure,WB.DATA360:DS_DATA360(1.3),I,A,LVA,WB_WDI_SI_POV_GINI,_T,_T,_T,0_TO_100,_Z,_Z,_Z,2014,35.1,_Z,IX,2,WB_WDI,P1Y,0,A,PU,Annual,Latvia,Gini index,Total,All age ranges or no breakdown by age,Total,0-100 scale,Not Applicable,Not Applicable,Not Applicable,Not Applicable,Index,Two,World Development Indicators (WDI),Annual,Units,Normal value,Public
datastructure,WB.DATA360:DS_DATA360(1.3),I,A,CHL,WB_WDI_SI_POV_GINI,_T,_T,_T,0_TO_100,_Z,_Z,_Z,2013,46.8,_Z,IX,2,WB_WDI,P1Y,0,A,PU,Annual,Chile,Gini index,Total,All age ranges or no breakdown by age,Total,0-100 scale,Not Applicable,Not Applicable,Not Applicable,Not Applicable,Index,Two,World Development Indicators (WDI),Annual,Units,Normal value,Public
datastructure,WB.DATA360:DS_DATA360(1.3),I,A,CHN,WB_WDI_SI_POV_GINI,_T,_T,_T,0_TO_100,_Z,_Z,_Z,2013,39.7,_Z,IX,2,WB_WDI,P1Y,0,A,PU,Annual,China,Gini index,Total,All age ranges or no breakdown by age,Total,0-100 scale,Not Applicable,Not Applicable,Not Applicable,Not Applicable,Index,Two,World Development Indicators (WDI),Annual,Units,Normal value,Public
datastructure,WB.DATA360:DS_DATA360(1.3),I,A,COL,WB_WDI_SI_POV_GINI,_T,_T,_T,0_TO_100,_Z,_Z,_Z,2013,53.5,_Z,IX,2,WB_WDI,P1Y,0,A,PU,Annual,Colombia,Gini index,Total,All age ranges or no breakdown by age,Total,0-100 scale,Not Applicable,Not Applicable,Not Applicable,Not Applicable,Index,Two,World Development Indicators (WDI),Annual,Units,Normal value,Public
datastructure,WB.DATA360:DS_DATA360(1.3),I,A,CRI,WB_WDI_SI_POV_GINI,_T,_T,_T,0_TO_100,_Z,_Z,_Z,2013,49.2,_Z,IX,2,WB_WDI,P1Y,0,A,PU,Annual,Costa Rica,Gini index,Total,All age ranges or no breakdown by age,Total,0-100 scale,Not Applicable,Not Applicable,Not Applicable,Not Applicable,Index,Two,World Development Indicators (WDI),Annual,Units,Normal value,Public
datastructure,WB.DATA360:DS_DATA360(1.3),I,A,HRV,WB_WDI_SI_POV_GINI,_T,_T,_T,0_TO_100,_Z,_Z,_Z,2013,32.0,_Z,IX,2,WB_WDI,P1Y,0,A,PU,Annual,Croatia,Gini index,Total,All age ranges or no breakdown by age,Total,0-100 scale,Not Applicable,Not Applicable,Not Applicable,Not Applicable,Index,Two,World Development Indicators (WDI),Annual,Units,Normal value,Public
datastructure,WB.DATA360:DS_DATA360(1.3),I,A,URY,WB_WDI_SI_POV_GINI,_T,_T,_T,0_TO_100,_Z,_Z,_Z,2015,40.1,_Z,IX,2,WB_WDI,P1Y,0,A,PU,Annual,Uruguay,Gini index,Total,All age ranges or no breakdown by age,Total,0-100 scale,Not Applicable,Not Applicable,Not Applicable,Not Applicable,Index,Two,World Development Indicators (WDI),Annual,Units,Normal value,Public
datastructure,WB.DATA360:DS_DATA360(1.3),I,A,ZMB,WB_WDI_SI_POV_GINI,_T,_T,_T,0_TO_100,_Z,_Z,_Z,2015,55.8,_Z,IX,2,WB_WDI,P1Y,0,A,PU,Annual,Zambia,Gini index,Total,All age ranges or no breakdown by age,Total,0-100 scale,Not Applicable,Not Applicable,Not Applicable,Not Applicable,Index,Two,World Development Indicators (WDI),Annual,Units,Normal value,Public
datastructure,WB.DATA360:DS_DATA360(1.3),I,A,NLD,WB_WDI_SI_POV_GINI,_T,_T,_T,0_TO_100,_Z,_Z,_Z,2016,28.2,_Z,IX,2,WB_WDI,P1Y,0,A,PU,Annual,Netherlands,Gini index,Total,All age ranges or no breakdown by age,Total,0-100 scale,Not Applicable,Not Applicable,Not Applicable,Not Applicable,Index,Two,World Development Indicators (WDI),Annual,Units,Normal value,Public
datastructure,WB.DATA360:DS_DATA360(1.3),I,A,BLR,WB_WDI_SI_POV_GINI,_T,_T,_T,0_TO_100,_Z,_Z,_Z,2016,25.3,_Z,IX,2,WB_WDI,P1Y,0,A,PU,Annual,Belarus,Gini index,Total,All age ranges or no breakdown by age,Total,0-100 scale,Not Applicable,Not Applicable,Not Applicable,Not Applicable,Index,Two,World Development Indicators (WDI),Annual,Units,Normal value,Public
datastructure,WB.DATA360:DS_DATA360(1.3),I,A,BEL,WB_WDI_SI_POV_GINI,_T,_T,_T,0_TO_100,_Z,_Z,_Z,2016,27.6,_Z,IX,2,WB_WDI,P1Y,0,A,PU,Annual,Belgium,Gini index,Total,All age ranges or no breakdown by age,Total,0-100 scale,Not Applicable,Not Applicable,Not Applicable,Not Applicable,Index,Two,World Development Indicators (WDI),Annual,Units,Normal value,Public
datastructure,WB.DATA360:DS_DATA360(1.3),I,A,BOL,WB_WDI_SI_POV_GINI,_T,_T,_T,0_TO_100,_Z,_Z,_Z,2016,45.2,_Z,IX,2,WB_WDI,P1Y,0,A,PU,Annual,Bolivia,Gini index,Total,All age ranges or no breakdown by age,Total,0-100 scale,Not Applicable,Not Applicable,Not Applicable,Not Applicable,Index,Two,World Development Indicators (WDI),Annual,Units,Normal value,Public
datastructure,WB.DATA360:DS_DATA360(1.3),I,A,BRA,WB_WDI_SI_POV_GINI,_T,_T,_T,0_TO_100,_Z,_Z,_Z,2016,53.4,_Z,IX,2,WB_WDI,P1Y,0,A,PU,Annual,Brazil,Gini index,Total,All age ranges or no breakdown by age,Total,0-100 scale,Not Applicable,Not Applicable,Not Applicable,Not Applicable,Index,Two,World Development Indicators (WDI),Annual,Units,Normal value,Public
datastructure,WB.DATA360:DS_DATA360(1.3),I,A,CHN,WB_WDI_SI_POV_GINI,_T,_T,_T,0_TO_100,_Z,_Z,_Z,2016,38.5,_Z,IX,2,WB_WDI,P1Y,0,A,PU,Annual,China,Gini index,Total,All age ranges or no breakdown by age,Total,0-100 scale,Not Applicable,Not Applicable,Not Applicable,Not Applicable,Index,Two,World Development Indicators (WDI),Annual,Units,Normal value,Public
datastructure,WB.DATA360:DS_DATA360(1.3),I,A,COL,WB_WDI_SI_POV_GINI,_T,_T,_T,0_TO_100,_Z,_Z,_Z,2016,51.7,_Z,IX,2,WB_WDI,P1Y,0,A,PU,Annual,Colombia,Gini index,Total,All age ranges or no breakdown by age,Total,0-100 scale,Not Applicable,Not Applicable,Not Applicable,Not Applicable,Index,Two,World Development Indicators (WDI),Annual,Units,Normal value,Public
datastructure,WB.DATA360:DS_DATA360(1.3),I,A,CRI,WB_WDI_SI_POV_GINI,_T,_T,_T,0_TO_100,_Z,_Z,_Z,2016,48.7,_Z,IX,2,WB_WDI,P1Y,0,A,PU,Annual,Costa Rica,Gini index,Total,All age ranges or no breakdown by age,Total,0-100 scale,Not Applicable,Not Applicable,Not Applicable,Not Applicable,Index,Two,World Development Indicators (WDI),Annual,Units,Normal value,Public
datastructure,WB.DATA360:DS_DATA360(1.3),I,A,HRV,WB_WDI_SI_POV_GINI,_T,_T,_T,0_TO_100,_Z,_Z,_Z,2016,30.9,_Z,IX,2,WB_WDI,P1Y,0,A,PU,Annual,Croatia,Gini index,Total,All age ranges or no breakdown by age,Total,0-100 scale,Not Applicable,Not Applicable,Not Applicable,Not Applicable,Index,Two,World Development Indicators (WDI),Annual,Units,Normal value,Public
datastructure,WB.DATA360:DS_DATA360(1.3),I,A,CYP,WB_WDI_SI_POV_GINI,_T,_T,_T,0_TO_100,_Z,_Z,_Z,2016,32.9,_Z,IX,2,WB_WDI,P1Y,0,A,PU,Annual,Cyprus,Gini index,Total,All age ranges or no breakdown by age,Total,0-100 scale,Not Applicable,Not Applicable,Not Applicable,Not Applicable,Index,Two,World Development Indicators (WDI),Annual,Units,Normal value,Public
datastructure,WB.DATA360:DS_DATA360(1.3),I,A,BRA,WB_WDI_SI_POV_GINI,_T,_T,_T,0_TO_100,_Z,_Z,_Z,1998,59.6,_Z,IX,2,WB_WDI,P1Y,0,A,PU,Annual,Brazil,Gini index,Total,All age ranges or no breakdown by age,Total,0-100 scale,Not Applicable,Not Applicable,Not Applicable,Not Applicable,Index,Two,World Development Indicators (WDI),Annual,Units,Normal value,Public
datastructure,WB.DATA360:DS_DATA360(1.3),I,A,BFA,WB_WDI_SI_POV_GINI,_T,_T,_T,0_TO_100,_Z,_Z,_Z,1998,49.9,_Z,IX,2,WB_WDI,P1Y,0,A,PU,Annual,Burkina Faso,Gini index,Total,All age ranges or no breakdown by age,Total,0-100 scale,Not Applicable,Not Applicable,Not Applicable,Not Applicable,Index,Two,World Development Indicators (WDI),Annual,Units,Normal value,Public
datastructure,WB.DATA360:DS_DATA360(1.3),I,A,BDI,WB_WDI_SI_POV_GINI,_T,_T,_T,0_TO_100,_Z,_Z,_Z,1998,42.1,_Z,IX,2,WB_WDI,P1Y,0,A,PU,Annual,Burundi,Gini index,Total,All age ranges or no breakdown by age,Total,0-100 scale,Not Applicable,Not Applicable,Not Applicable,Not Applicable,Index,Two,World Development Indicators (WDI),Annual,Units,Normal value,Public
datastructure,WB.DATA360:DS_DATA360(1.3),I,A,CAN,WB_WDI_SI_POV_GINI,_T,_T,_T,0_TO_100,_Z,_Z,_Z,1998,33.2,_Z,IX,2,WB_WDI,P1Y,0,A,PU,Annual,Canada,Gini index,Total,All age ranges or no breakdown by age,Total,0-100 scale,Not Applicable,Not Applicable,Not Applicable,Not Applicable,Index,Two,World Development Indicators (WDI),Annual,Units,Normal value,Public
datastructure,WB.DATA360:DS_DATA360(1.3),I,A,CHL,WB_WDI_SI_POV_GINI,_T,_T,_T,0_TO_100,_Z,_Z,_Z,1998,55.5,_Z,IX,2,WB_WDI,P1Y,0,A,PU,Annual,Chile,Gini index,Total,All age ranges or no breakdown by age,Total,0-100 scale,Not Applicable,Not Applicable,Not Applicable,Not Applicable,Index,Two,World Development Indicators (WDI),Annual,Units,Normal value,Public
datastructure,WB.DATA360:DS_DATA360(1.3),I,A,CHL,WB_WDI_SI_POV_GINI,_T,_T,_T,0_TO_100,_Z,_Z,_Z,2009,47.4,_Z,IX,2,WB_WDI,P1Y,0,A,PU,Annual,Chile,Gini index,Total,All age ranges or no breakdown by age,Total,0-100 scale,Not Applicable,Not Applicable,Not Applicable,Not Applicable,Index,Two,World Development Indicators (WDI),Annual,Units,Normal value,Public
datastructure,WB.DATA360:DS_DATA360(1.3),I,A,COL,WB_WDI_SI_POV_GINI,_T,_T,_T,0_TO_100,_Z,_Z,_Z,2009,54.1,_Z,IX,2,WB_WDI,P1Y,0,A,PU,Annual,Colombia,Gini index,Total,All age ranges or no breakdown by age,Total,0-100 scale,Not Applicable,Not Applicable,Not Applicable,Not Applicable,Index,Two,World Development Indicators (WDI),Annual,Units,Normal value,Public
datastructure,WB.DATA360:DS_DATA360(1.3),I,A,CRI,WB_WDI_SI_POV_GINI,_T,_T,_T,0_TO_100,_Z,_Z,_Z,2009,50.6,_Z,IX,2,WB_WDI,P1Y,0,A,PU,Annual,Costa Rica,Gini index,Total,All age ranges or no breakdown by age,Total,0-100 scale,Not Applicable,Not Applicable,Not Applicable,Not Applicable,Index,Two,World Development Indicators (WDI),Annual,Units,Normal value,Public
datastructure,WB.DATA360:DS_DATA360(1.3),I,A,HRV,WB_WDI_SI_POV_GINI,_T,_T,_T,0_TO_100,_Z,_Z,_Z,2009,32.6,_Z,IX,2,WB_WDI,P1Y,0,A,PU,Annual,Croatia,Gini index,Total,All age ranges or no breakdown by age,Total,0-100 scale,Not Applicable,Not Applicable,Not Applicable,Not Applicable,Index,Two,World Development Indicators (WDI),Annual,Units,Normal value,Public
datastructure,WB.DATA360:DS_DATA360(1.3),I,A,HUN,WB_WDI_SI_POV_GINI,_T,_T,_T,0_TO_100,_Z,_Z,_Z,2017,30.6,_Z,IX,2,WB_WDI,P1Y,0,A,PU,Annual,Hungary,Gini index,Total,All age ranges or no breakdown by age,Total,0-100 scale,Not Applicable,Not Applicable,Not Applicable,Not Applicable,Index,Two,World Development Indicators (WDI),Annual,Units,Normal value,Public
datastructure,WB.DATA360:DS_DATA360(1.3),I,A,ISL,WB_WDI_SI_POV_GINI,_T,_T,_T,0_TO_100,_Z,_Z,_Z,2017,26.1,_Z,IX,2,WB_WDI,P1Y,0,A,PU,Annual,Iceland,Gini index,Total,All age ranges or no breakdown by age,Total,0-100 scale,Not Applicable,Not Applicable,Not Applicable,Not Applicable,Index,Two,World Development Indicators (WDI),Annual,Units,Normal value,Public
datastructure,WB.DATA360:DS_DATA360(1.3),I,A,IDN,WB_WDI_SI_POV_GINI,_T,_T,_T,0_TO_100,_Z,_Z,_Z,2017,36.4,_Z,IX,2,WB_WDI,P1Y,0,A,PU,Annual,Indonesia,Gini index,Total,All age ranges or no breakdown by age,Total,0-100 scale,Not Applicable,Not Applicable,Not Applicable,Not Applicable,Index,Two,World Development Indicators (WDI),Annual,Units,Normal value,Public
datastructure,WB.DATA360:DS_DATA360(1.3),I,A,IRN,WB_WDI_SI_POV_GINI,_T,_T,_T,0_TO_100,_Z,_Z,_Z,2017,36.7,_Z,IX,2,WB_WDI,P1Y,0,A,PU,Annual,"Iran, Islamic Rep.",Gini index,Total,All age ranges or no breakdown by age,Total,0-100 scale,Not Applicable,Not Applicable,Not Applicable,Not Applicable,Index,Two,World Development Indicators (WDI),Annual,Units,Normal value,Public
datastructure,WB.DATA360:DS_DATA360(1.3),I,A,IRL,WB_WDI_SI_POV_GINI,_T,_T,_T,0_TO_100,_Z,_Z,_Z,2017,31.4,_Z,IX,2,WB_WDI,P1Y,0,A,PU,Annual,Ireland,Gini index,Total,All age ranges or no breakdown by age,Total,0-100 scale,Not Applicable,Not Applicable,Not Applicable,Not Applicable,Index,Two,World Development Indicators (WDI),Annual,Units,Normal value,Public
datastructure,WB.DATA360:DS_DATA360(1.3),I,A,ISR,WB_WDI_SI_POV_GINI,_T,_T,_T,0_TO_100,_Z,_Z,_Z,2017,38.2,_Z,IX,2,WB_WDI,P1Y,0,A,PU,Annual,Israel,Gini index,Total,All age ranges or no breakdown by age,Total,0-100 scale,Not Applicable,Not Applicable,Not Applicable,Not Applicable,Index,Two,World Development Indicators (WDI),Annual,Units,Normal value,Public
datastructure,WB.DATA360:DS_DATA360(1.3),I,A,ITA,WB_WDI_SI_POV_GINI,_T,_T,_T,0_TO_100,_Z,_Z,_Z,2017,35.9,_Z,IX,2,WB_WDI,P1Y,0,A,PU,Annual,Italy,Gini index,Total,All age ranges or no breakdown by age,Total,0-100 scale,Not Applicable,Not Applicable,Not Applicable,Not Applicable,Index,Two,World Development Indicators (WDI),Annual,Units,Normal value,Public
datastructure,WB.DATA360:DS_DATA360(1.3),I,A,UKR,WB_WDI_SI_POV_GINI,_T,_T,_T,0_TO_100,_Z,_Z,_Z,2011,24.6,_Z,IX,2,WB_WDI,P1Y,0,A,PU,Annual,Ukraine,Gini index,Total,All age ranges or no breakdown by age,Total,0-100 scale,Not Applicable,Not Applicable,Not Applicable,Not Applicable,Index,Two,World Development Indicators (WDI),Annual,Units,Normal value,Public
datastructure,WB.DATA360:DS_DATA360(1.3),I,A,GBR,WB_WDI_SI_POV_GINI,_T,_T,_T,0_TO_100,_Z,_Z,_Z,2011,33.2,_Z,IX,2,WB_WDI,P1Y,0,A,PU,Annual,United Kingdom,Gini index,Total,All age ranges or no breakdown by age,Total,0-100 scale,Not Applicable,Not Applicable,Not Applicable,Not Applicable,Index,Two,World Development Indicators (WDI),Annual,Units,Normal value,Public
datastructure,WB.DATA360:DS_DATA360(1.3),I,A,USA,WB_WDI_SI_POV_GINI,_T,_T,_T,0_TO_100,_Z,_Z,_Z,2011,41.2,_Z,IX,2,WB_WDI,P1Y,0,A,PU,Annual,United States,Gini index,Total,All age ranges or no breakdown by age,Total,0-100 scale,Not Applicable,Not Applicable,Not Applicable,Not Applicable,Index,Two,World Development Indicators (WDI),Annual,Units,Normal value,Public
datastructure,WB.DATA360:DS_DATA360(1.3),I,A,URY,WB_WDI_SI_POV_GINI,_T,_T,_T,0_TO_100,_Z,_Z,_Z,2011,42.2,_Z,IX,2,WB_WDI,P1Y,0,A,PU,Annual,Uruguay,Gini index,Total,All age ranges or no breakdown by age,Total,0-100 scale,Not Applicable,Not Applicable,Not Applicable,Not Applicable,Index,Two,World Development Indicators (WDI),Annual,Units,Normal value,Public
datastructure,WB.DATA360:DS_DATA360(1.3),I,A,PSE,WB_WDI_SI_POV_GINI,_T,_T,_T,0_TO_100,_Z,_Z,_Z,2011,34.4,_Z,IX,2,WB_WDI,P1Y,0,A,PU,Annual,West Bank and Gaza,Gini index,Total,All age ranges or no breakdown by age,Total,0-100 scale,Not Applicable,Not Applicable,Not Applicable,Not Applicable,Index,Two,World Development Indicators (WDI),Annual,Units,Normal value,Public
datastructure,WB.DATA360:DS_DATA360(1.3),I,A,JPN,WB_WDI_SI_POV_GINI,_T,_T,_T,0_TO_100,_Z,_Z,_Z,2017,31.8,_Z,IX,2,WB_WDI,P1Y,0,A,PU,Annual,Japan,Gini index,Total,All age ranges or no breakdown by age,Total,0-100 scale,Not Applicable,Not Applicable,Not Applicable,Not Applicable,Index,Two,World Development Indicators (WDI),Annual,Units,Normal value,Public
datastructure,WB.DATA360:DS_DATA360(1.3),I,A,KAZ,WB_WDI_SI_POV_GINI,_T,_T,_T,0_TO_100,_Z,_Z,_Z,2017,27.5,_Z,IX,2,WB_WDI,P1Y,0,A,PU,Annual,Kazakhstan,Gini index,Total,All age ranges or no breakdown by age,Total,0-100 scale,Not Applicable,Not Applicable,Not Applicable,Not Applicable,Index,Two,World Development Indicators (WDI),Annual,Units,Normal value,Public
datastructure,WB.DATA360:DS_DATA360(1.3),I,A,KOR,WB_WDI_SI_POV_GINI,_T,_T,_T,0_TO_100,_Z,_Z,_Z,2017,34.9,_Z,IX,2,WB_WDI,P1Y,0,A,PU,Annual,"Korea, Rep.",Gini index,Total,All age ranges or no breakdown by age,Total,0-100 scale,Not Applicable,Not Applicable,Not Applicable,Not Applicable,Index,Two,World Development Indicators (WDI),Annual,Units,Normal value,Public
datastructure,WB.DATA360:DS_DATA360(1.3),I,A,XKX,WB_WDI_SI_POV_GINI,_T,_T,_T,0_TO_100,_Z,_Z,_Z,2017,44.2,_Z,IX,2,WB_WDI,P1Y,0,A,PU,Annual,Kosovo,Gini index,Total,All age ranges or no breakdown by age,Total,0-100 scale,Not Applicable,Not Applicable,Not Applicable,Not Applicable,Index,Two,World Development Indicators (WDI),Annual,Units,Normal value,Public
datastructure,WB.DATA360:DS_DATA360(1.3),I,A,KGZ,WB_WDI_SI_POV_GINI,_T,_T,_T,0_TO_100,_Z,_Z,_Z,2017,27.3,_Z,IX,2,WB_WDI,P1Y,0,A,PU,Annual,Kyrgyz Republic,Gini index,Total,All age ranges or no breakdown by age,Total,0-100 scale,Not Applicable,Not Applicable,Not Applicable,Not Applicable,Index,Two,World Development Indicators (WDI),Annual,Units,Normal value,Public
datastructure,WB.DATA360:DS_DATA360(1.3),I,A,HUN,WB_WDI_SI_POV_GINI,_T,_T,_T,0_TO_100,_Z,_Z,_Z,2014,30.9,_Z,IX,2,WB_WDI,P1Y,0,A,PU,Annual,Hungary,Gini index,Total,All age ranges or no breakdown by age,Total,0-100 scale,Not Applicable,Not Applicable,Not Applicable,Not Applicable,Index,Two,World Development Indicators (WDI),Annual,Units,Normal value,Public
datastructure,WB.DATA360:DS_DATA360(1.3),I,A,ISL,WB_WDI_SI_POV_GINI,_T,_T,_T,0_TO_100,_Z,_Z,_Z,2014,27.8,_Z,IX,2,WB_WDI,P1Y,0,A,PU,Annual,Iceland,Gini index,Total,All age ranges or no breakdown by age,Total,0-100 scale,Not Applicable,Not Applicable,Not Applicable,Not Applicable,Index,Two,World Development Indicators (WDI),Annual,Units,Normal value,Public
datastructure,WB.DATA360:DS_DATA360(1.3),I,A,IDN,WB_WDI_SI_POV_GINI,_T,_T,_T,0_TO_100,_Z,_Z,_Z,2014,38.8,_Z,IX,2,WB_WDI,P1Y,0,A,PU,Annual,Indonesia,Gini index,Total,All age ranges or no breakdown by age,Total,0-100 scale,Not Applicable,Not Applicable,Not Applicable,Not Applicable,Index,Two,World Development Indicators (WDI),Annual,Units,Normal value,Public
datastructure,WB.DATA360:DS_DATA360(1.3),I,A,IRN,WB_WDI_SI_POV_GINI,_T,_T,_T,0_TO_100,_Z,_Z,_Z,2014,34.8,_Z,IX,2,WB_WDI,P1Y,0,A,PU,Annual,"Iran, Islamic Rep.",Gini index,Total,All age ranges or no breakdown by age,Total,0-100 scale,Not Applicable,Not Applicable,Not Applicable,Not Applicable,Index,Two,World Development Indicators (WDI),Annual,Units,Normal value,Public
datastructure,WB.DATA360:DS_DATA360(1.3),I,A,IRL,WB_WDI_SI_POV_GINI,_T,_T,_T,0_TO_100,_Z,_Z,_Z,2014,31.9,_Z,IX,2,WB_WDI,P1Y,0,A,PU,Annual,Ireland,Gini index,Total,All age ranges or no breakdown by age,Total,0-100 scale,Not Applicable,Not Applicable,Not Applicable,Not Applicable,Index,Two,World Development Indicators (WDI),Annual,Units,Normal value,Public
datastructure,WB.DATA360:DS_DATA360(1.3),I,A,ISR,WB_WDI_SI_POV_GINI,_T,_T,_T,0_TO_100,_Z,_Z,_Z,2014,39.8,_Z,IX,2,WB_WDI,P1Y,0,A,PU,Annual,Israel,Gini index,Total,All age ranges or no breakdown by age,Total,0-100 scale,Not Applicable,Not Applicable,Not Applicable,Not Applicable,Index,Two,World Development Indicators (WDI),Annual,Units,Normal value,Public
datastructure,WB.DATA360:DS_DATA360(1.3),I,A,ITA,WB_WDI_SI_POV_GINI,_T,_T,_T,0_TO_100,_Z,_Z,_Z,2014,34.7,_Z,IX,2,WB_WDI,P1Y,0,A,PU,Annual,Italy,Gini index,Total,All age ranges or no breakdown by age,Total,0-100 scale,Not Applicable,Not Applicable,Not Applicable,Not Applicable,Index,Two,World Development Indicators (WDI),Annual,Units,Normal value,Public
datastructure,WB.DATA360:DS_DATA360(1.3),I,A,USA,WB_WDI_SI_POV_GINI,_T,_T,_T,0_TO_100,_Z,_Z,_Z,2019,41.9,_Z,IX,2,WB_WDI,P1Y,0,A,PU,Annual,United States,Gini index,Total,All age ranges or no breakdown by age,Total,0-100 scale,Not Applicable,Not Applicable,Not Applicable,Not Applicable,Index,Two,World Development Indicators (WDI),Annual,Units,Normal value,Public
datastructure,WB.DATA360:DS_DATA360(1.3),I,A,URY,WB_WDI_SI_POV_GINI,_T,_T,_T,0_TO_100,_Z,_Z,_Z,2019,39.7,_Z,IX,2,WB_WDI,P1Y,0,A,PU,Annual,Uruguay,Gini index,Total,All age ranges or no breakdown by age,Total,0-100 scale,Not Applicable,Not Applicable,Not Applicable,Not Applicable,Index,Two,World Development Indicators (WDI),Annual,Units,Normal value,Public
datastructure,WB.DATA360:DS_DATA360(1.3),I,A,VUT,WB_WDI_SI_POV_GINI,_T,_T,_T,0_TO_100,_Z,_Z,_Z,2019,32.3,_Z,IX,2,WB_WDI,P1Y,0,A,PU,Annual,Vanuatu,Gini index,Total,All age ranges or no breakdown by age,Total,0-100 scale,Not Applicable,Not Applicable,Not Applicable,Not Applicable,Index,Two,World Development Indicators (WDI),Annual,Units,Normal value,Public
datastructure,WB.DATA360:DS_DATA360(1.3),I,A,ZWE,WB_WDI_SI_POV_GINI,_T,_T,_T,0_TO_100,_Z,_Z,_Z,2019,50.3,_Z,IX,2,WB_WDI,P1Y,0,A,PU,Annual,Zimbabwe,Gini index,Total,All age ranges or no breakdown by age,Total,0-100 scale,Not Applicable,Not Applicable,Not Applicable,Not Applicable,Index,Two,World Development Indicators (WDI),Annual,Units,Normal value,Public
datastructure,WB.DATA360:DS_DATA360(1.3),I,A,NLD,WB_WDI_SI_POV_GINI,_T,_T,_T,0_TO_100,_Z,_Z,_Z,2013,28.1,_Z,IX,2,WB_WDI,P1Y,0,A,PU,Annual,Netherlands,Gini index,Total,All age ranges or no breakdown by age,Total,0-100 scale,Not Applicable,Not Applicable,Not Applicable,Not Applicable,Index,Two,World Development Indicators (WDI),Annual,Units,Normal value,Public
datastructure,WB.DATA360:DS_DATA360(1.3),I,A,MKD,WB_WDI_SI_POV_GINI,_T,_T,_T,0_TO_100,_Z,_Z,_Z,2013,36.2,_Z,IX,2,WB_WDI,P1Y,0,A,PU,Annual,North Macedonia,Gini index,Total,All age ranges or no breakdown by age,Total,0-100 scale,Not Applicable,Not Applicable,Not Applicable,Not Applicable,Index,Two,World Development Indicators (WDI),Annual,Units,Normal value,Public
datastructure,WB.DATA360:DS_DATA360(1.3),I,A,KAZ,WB_WDI_SI_POV_GINI,_T,_T,_T,0_TO_100,_Z,_Z,_Z,2016,27.2,_Z,IX,2,WB_WDI,P1Y,0,A,PU,Annual,Kazakhstan,Gini index,Total,All age ranges or no breakdown by age,Total,0-100 scale,Not Applicable,Not Applicable,Not Applicable,Not Applicable,Index,Two,World Development Indicators (WDI),Annual,Units,Normal value,Public
datastructure,WB.DATA360:DS_DATA360(1.3),I,A,KOR,WB_WDI_SI_POV_GINI,_T,_T,_T,0_TO_100,_Z,_Z,_Z,2016,35.2,_Z,IX,2,WB_WDI,P1Y,0,A,PU,Annual,"Korea, Rep.",Gini index,Total,All age ranges or no breakdown by age,Total,0-100 scale,Not Applicable,Not Applicable,Not Applicable,Not Applicable,Index,Two,World Development Indicators (WDI),Annual,Units,Normal value,Public
datastructure,WB.DATA360:DS_DATA360(1.3),I,A,XKX,WB_WDI_SI_POV_GINI,_T,_T,_T,0_TO_100,_Z,_Z,_Z,2016,26.7,_Z,IX,2,WB_WDI,P1Y,0,A,PU,Annual,Kosovo,Gini index,Total,All age ranges or no breakdown by age,Total,0-100 scale,Not Applicable,Not Applicable,Not Applicable,Not Applicable,Index,Two,World Development Indicators (WDI),Annual,Units,Normal value,Public
datastructure,WB.DATA360:DS_DATA360(1.3),I,A,KGZ,WB_WDI_SI_POV_GINI,_T,_T,_T,0_TO_100,_Z,_Z,_Z,2016,26.8,_Z,IX,2,WB_WDI,P1Y,0,A,PU,Annual,Kyrgyz Republic,Gini index,Total,All age ranges or no breakdown by age,Total,0-100 scale,Not Applicable,Not Applicable,Not Applicable,Not Applicable,Index,Two,World Development Indicators (WDI),Annual,Units,Normal value,Public
datastructure,WB.DATA360:DS_DATA360(1.3),I,A,LVA,WB_WDI_SI_POV_GINI,_T,_T,_T,0_TO_100,_Z,_Z,_Z,2016,34.3,_Z,IX,2,WB_WDI,P1Y,0,A,PU,Annual,Latvia,Gini index,Total,All age ranges or no breakdown by age,Total,0-100 scale,Not Applicable,Not Applicable,Not Applicable,Not Applicable,Index,Two,World Development Indicators (WDI),Annual,Units,Normal value,Public
datastructure,WB.DATA360:DS_DATA360(1.3),I,A,MNG,WB_WDI_SI_POV_GINI,_T,_T,_T,0_TO_100,_Z,_Z,_Z,2012,33.8,_Z,IX,2,WB_WDI,P1Y,0,A,PU,Annual,Mongolia,Gini index,Total,All age ranges or no breakdown by age,Total,0-100 scale,Not Applicable,Not Applicable,Not Applicable,Not Applicable,Index,Two,World Development Indicators (WDI),Annual,Units,Normal value,Public
datastructure,WB.DATA360:DS_DATA360(1.3),I,A,MNE,WB_WDI_SI_POV_GINI,_T,_T,_T,0_TO_100,_Z,_Z,_Z,2012,41.2,_Z,IX,2,WB_WDI,P1Y,0,A,PU,Annual,Montenegro,Gini index,Total,All age ranges or no breakdown by age,Total,0-100 scale,Not Applicable,Not Applicable,Not Applicable,Not Applicable,Index,Two,World Development Indicators (WDI),Annual,Units,Normal value,Public
datastructure,WB.DATA360:DS_DATA360(1.3),I,A,NRU,WB_WDI_SI_POV_GINI,_T,_T,_T,0_TO_100,_Z,_Z,_Z,2012,32.4,_Z,IX,2,WB_WDI,P1Y,0,A,PU,Annual,Nauru,Gini index,Total,All age ranges or no breakdown by age,Total,0-100 scale,Not Applicable,Not Applicable,Not Applicable,Not Applicable,Index,Two,World Development Indicators (WDI),Annual,Units,Normal value,Public
datastructure,WB.DATA360:DS_DATA360(1.3),I,A,NLD,WB_WDI_SI_POV_GINI,_T,_T,_T,0_TO_100,_Z,_Z,_Z,2012,27.6,_Z,IX,2,WB_WDI,P1Y,0,A,PU,Annual,Netherlands,Gini index,Total,All age ranges or no breakdown by age,Total,0-100 scale,Not Applicable,Not Applicable,Not Applicable,Not Applicable,Index,Two,World Development Indicators (WDI),Annual,Units,Normal value,Public
datastructure,WB.DATA360:DS_DATA360(1.3),I,A,TCD,WB_WDI_SI_POV_GINI,_T,_T,_T,0_TO_100,_Z,_Z,_Z,2018,37.5,_Z,IX,2,WB_WDI,P1Y,0,A,PU,Annual,Chad,Gini index,Total,All age ranges or no breakdown by age,Total,0-100 scale,Not Applicable,Not Applicable,Not Applicable,Not Applicable,Index,Two,World Development Indicators (WDI),Annual,Units,Normal value,Public
datastructure,WB.DATA360:DS_DATA360(1.3),I,A,CHN,WB_WDI_SI_POV_GINI,_T,_T,_T,0_TO_100,_Z,_Z,_Z,2018,38.5,_Z,IX,2,WB_WDI,P1Y,0,A,PU,Annual,China,Gini index,Total,All age ranges or no breakdown by age,Total,0-100 scale,Not Applicable,Not Applicable,Not Applicable,Not Applicable,Index,Two,World Development Indicators (WDI),Annual,Units,Normal value,Public
datastructure,WB.DATA360:DS_DATA360(1.3),I,A,COL,WB_WDI_SI_POV_GINI,_T,_T,_T,0_TO_100,_Z,_Z,_Z,2018,51.6,_Z,IX,2,WB_WDI,P1Y,0,A,PU,Annual,Colombia,Gini index,Total,All age ranges or no breakdown by age,Total,0-100 scale,Not Applicable,Not Applicable,Not Applicable,Not Applicable,Index,Two,World Development Indicators (WDI),Annual,Units,Normal value,Public
datastructure,WB.DATA360:DS_DATA360(1.3),I,A,CRI,WB_WDI_SI_POV_GINI,_T,_T,_T,0_TO_100,_Z,_Z,_Z,2018,48.0,_Z,IX,2,WB_WDI,P1Y,0,A,PU,Annual,Costa Rica,Gini index,Total,All age ranges or no breakdown by age,Total,0-100 scale,Not Applicable,Not Applicable,Not Applicable,Not Applicable,Index,Two,World Development Indicators (WDI),Annual,Units,Normal value,Public
datastructure,WB.DATA360:DS_DATA360(1.3),I,A,CIV,WB_WDI_SI_POV_GINI,_T,_T,_T,0_TO_100,_Z,_Z,_Z,2018,37.2,_Z,IX,2,WB_WDI,P1Y,0,A,PU,Annual,Côte d’Ivoire,Gini index,Total,All age ranges or no breakdown by age,Total,0-100 scale,Not Applicable,Not Applicable,Not Applicable,Not Applicable,Index,Two,World Development Indicators (WDI),Annual,Units,Normal value,Public
datastructure,WB.DATA360:DS_DATA360(1.3),I,A,THA,WB_WDI_SI_POV_GINI,_T,_T,_T,0_TO_100,_Z,_Z,_Z,2014,37.0,_Z,IX,2,WB_WDI,P1Y,0,A,PU,Annual,Thailand,Gini index,Total,All age ranges or no breakdown by age,Total,0-100 scale,Not Applicable,Not Applicable,Not Applicable,Not Applicable,Index,Two,World Development Indicators (WDI),Annual,Units,Normal value,Public
datastructure,WB.DATA360:DS_DATA360(1.3),I,A,TLS,WB_WDI_SI_POV_GINI,_T,_T,_T,0_TO_100,_Z,_Z,_Z,2014,28.7,_Z,IX,2,WB_WDI,P1Y,0,A,PU,Annual,Timor-Leste,Gini index,Total,All age ranges or no breakdown by age,Total,0-100 scale,Not Applicable,Not Applicable,Not Applicable,Not Applicable,Index,Two,World Development Indicators (WDI),Annual,Units,Normal value,Public
datastructure,WB.DATA360:DS_DATA360(1.3),I,A,TUR,WB_WDI_SI_POV_GINI,_T,_T,_T,0_TO_100,_Z,_Z,_Z,2014,41.2,_Z,IX,2,WB_WDI,P1Y,0,A,PU,Annual,Türkiye,Gini index,Total,All age ranges or no breakdown by age,Total,0-100 scale,Not Applicable,Not Applicable,Not Applicable,Not Applicable,Index,Two,World Development Indicators (WDI),Annual,Units,Normal value,Public
datastructure,WB.DATA360:DS_DATA360(1.3),I,A,UKR,WB_WDI_SI_POV_GINI,_T,_T,_T,0_TO_100,_Z,_Z,_Z,2014,24.0,_Z,IX,2,WB_WDI,P1Y,0,A,PU,Annual,Ukraine,Gini index,Total,All age ranges or no breakdown by age,Total,0-100 scale,Not Applicable,Not Applicable,Not Applicable,Not Applicable,Index,Two,World Development Indicators (WDI),Annual,Units,Normal value,Public
datastructure,WB.DATA360:DS_DATA360(1.3),I,A,HND,WB_WDI_SI_POV_GINI,_T,_T,_T,0_TO_100,_Z,_Z,_Z,2018,48.9,_Z,IX,2,WB_WDI,P1Y,0,A,PU,Annual,Honduras,Gini index,Total,All age ranges or no breakdown by age,Total,0-100 scale,Not Applicable,Not Applicable,Not Applicable,Not Applicable,Index,Two,World Development Indicators (WDI),Annual,Units,Normal value,Public
datastructure,WB.DATA360:DS_DATA360(1.3),I,A,ISL,WB_WDI_SI_POV_GINI,_T,_T,_T,0_TO_100,_Z,_Z,_Z,2018,26.6,_Z,IX,2,WB_WDI,P1Y,0,A,PU,Annual,Iceland,Gini index,Total,All age ranges or no breakdown by age,Total,0-100 scale,Not Applicable,Not Applicable,Not Applicable,Not Applicable,Index,Two,World Development Indicators (WDI),Annual,Units,Normal value,Public
datastructure,WB.DATA360:DS_DATA360(1.3),I,A,IDN,WB_WDI_SI_POV_GINI,_T,_T,_T,0_TO_100,_Z,_Z,_Z,2018,36.3,_Z,IX,2,WB_WDI,P1Y,0,A,PU,Annual,Indonesia,Gini index,Total,All age ranges or no breakdown by age,Total,0-100 scale,Not Applicable,Not Applicable,Not Applicable,Not Applicable,Index,Two,World Development Indicators (WDI),Annual,Units,Normal value,Public
datastructure,WB.DATA360:DS_DATA360(1.3),I,A,IRN,WB_WDI_SI_POV_GINI,_T,_T,_T,0_TO_100,_Z,_Z,_Z,2018,37.4,_Z,IX,2,WB_WDI,P1Y,0,A,PU,Annual,"Iran, Islamic Rep.",Gini index,Total,All age ranges or no breakdown by age,Total,0-100 scale,Not Applicable,Not Applicable,Not Applicable,Not Applicable,Index,Two,World Development Indicators (WDI),Annual,Units,Normal value,Public
datastructure,WB.DATA360:DS_DATA360(1.3),I,A,IRL,WB_WDI_SI_POV_GINI,_T,_T,_T,0_TO_100,_Z,_Z,_Z,2018,30.6,_Z,IX,2,WB_WDI,P1Y,0,A,PU,Annual,Ireland,Gini index,Total,All age ranges or no breakdown by age,Total,0-100 scale,Not Applicable,Not Applicable,Not Applicable,Not Applicable,Index,Two,World Development Indicators (WDI),Annual,Units,Normal value,Public
datastructure,WB.DATA360:DS_DATA360(1.3),I,A,ISR,WB_WDI_SI_POV_GINI,_T,_T,_T,0_TO_100,_Z,_Z,_Z,2018,38.6,_Z,IX,2,WB_WDI,P1Y,0,A,PU,Annual,Israel,Gini index,Total,All age ranges or no breakdown by age,Total,0-100 scale,Not Applicable,Not Applicable,Not Applicable,Not Applicable,Index,Two,World Development Indicators (WDI),Annual,Units,Normal value,Public
datastructure,WB.DATA360:DS_DATA360(1.3),I,A,CAN,WB_WDI_SI_POV_GINI,_T,_T,_T,0_TO_100,_Z,_Z,_Z,2011,32.7,_Z,IX,2,WB_WDI,P1Y,0,A,PU,Annual,Canada,Gini index,Total,All age ranges or no breakdown by age,Total,0-100 scale,Not Applicable,Not Applicable,Not Applicable,Not Applicable,Index,Two,World Development Indicators (WDI),Annual,Units,Normal value,Public
datastructure,WB.DATA360:DS_DATA360(1.3),I,A,TCD,WB_WDI_SI_POV_GINI,_T,_T,_T,0_TO_100,_Z,_Z,_Z,2011,43.3,_Z,IX,2,WB_WDI,P1Y,0,A,PU,Annual,Chad,Gini index,Total,All age ranges or no breakdown by age,Total,0-100 scale,Not Applicable,Not Applicable,Not Applicable,Not Applicable,Index,Two,World Development Indicators (WDI),Annual,Units,Normal value,Public
datastructure,WB.DATA360:DS_DATA360(1.3),I,A,CHL,WB_WDI_SI_POV_GINI,_T,_T,_T,0_TO_100,_Z,_Z,_Z,2011,46.9,_Z,IX,2,WB_WDI,P1Y,0,A,PU,Annual,Chile,Gini index,Total,All age ranges or no breakdown by age,Total,0-100 scale,Not Applicable,Not Applicable,Not Applicable,Not Applicable,Index,Two,World Development Indicators (WDI),Annual,Units,Normal value,Public
datastructure,WB.DATA360:DS_DATA360(1.3),I,A,CHN,WB_WDI_SI_POV_GINI,_T,_T,_T,0_TO_100,_Z,_Z,_Z,2011,42.4,_Z,IX,2,WB_WDI,P1Y,0,A,PU,Annual,China,Gini index,Total,All age ranges or no breakdown by age,Total,0-100 scale,Not Applicable,Not Applicable,Not Applicable,Not Applicable,Index,Two,World Development Indicators (WDI),Annual,Units,Normal value,Public
datastructure,WB.DATA360:DS_DATA360(1.3),I,A,COL,WB_WDI_SI_POV_GINI,_T,_T,_T,0_TO_100,_Z,_Z,_Z,2011,53.3,_Z,IX,2,WB_WDI,P1Y,0,A,PU,Annual,Colombia,Gini index,Total,All age ranges or no breakdown by age,Total,0-100 scale,Not Applicable,Not Applicable,Not Applicable,Not Applicable,Index,Two,World Development Indicators (WDI),Annual,Units,Normal value,Public
datastructure,WB.DATA360:DS_DATA360(1.3),I,A,JAM,WB_WDI_SI_POV_GINI,_T,_T,_T,0_TO_100,_Z,_Z,_Z,1999,44.1,_Z,IX,2,WB_WDI,P1Y,0,A,PU,Annual,Jamaica,Gini index,Total,All age ranges or no breakdown by age,Total,0-100 scale,Not Applicable,Not Applicable,Not Applicable,Not Applicable,Index,Two,World Development Indicators (WDI),Annual,Units,Normal value,Public
datastructure,WB.DATA360:DS_DATA360(1.3),I,A,BRA,WB_WDI_SI_POV_GINI,_T,_T,_T,0_TO_100,_Z,_Z,_Z,2012,53.4,_Z,IX,2,WB_WDI,P1Y,0,A,PU,Annual,Brazil,Gini index,Total,All age ranges or no breakdown by age,Total,0-100 scale,Not Applicable,Not Applicable,Not Applicable,Not Applicable,Index,Two,World Development Indicators (WDI),Annual,Units,Normal value,Public
datastructure,WB.DATA360:DS_DATA360(1.3),I,A,BGR,WB_WDI_SI_POV_GINI,_T,_T,_T,0_TO_100,_Z,_Z,_Z,2012,36.0,_Z,IX,2,WB_WDI,P1Y,0,A,PU,Annual,Bulgaria,Gini index,Total,All age ranges or no breakdown by age,Total,0-100 scale,Not Applicable,Not Applicable,Not Applicable,Not Applicable,Index,Two,World Development Indicators (WDI),Annual,Units,Normal value,Public
datastructure,WB.DATA360:DS_DATA360(1.3),I,A,CAN,WB_WDI_SI_POV_GINI,_T,_T,_T,0_TO_100,_Z,_Z,_Z,2012,33.5,_Z,IX,2,WB_WDI,P1Y,0,A,PU,Annual,Canada,Gini index,Total,All age ranges or no breakdown by age,Total,0-100 scale,Not Applicable,Not Applicable,Not Applicable,Not Applicable,Index,Two,World Development Indicators (WDI),Annual,Units,Normal value,Public
datastructure,WB.DATA360:DS_DATA360(1.3),I,A,CHN,WB_WDI_SI_POV_GINI,_T,_T,_T,0_TO_100,_Z,_Z,_Z,2012,42.2,_Z,IX,2,WB_WDI,P1Y,0,A,PU,Annual,China,Gini index,Total,All age ranges or no breakdown by age,Total,0-100 scale,Not Applicable,Not Applicable,Not Applicable,Not Applicable,Index,Two,World Development Indicators (WDI),Annual,Units,Normal value,Public
datastructure,WB.DATA360:DS_DATA360(1.3),I,A,COL,WB_WDI_SI_POV_GINI,_T,_T,_T,0_TO_100,_Z,_Z,_Z,2012,53.6,_Z,IX,2,WB_WDI,P1Y,0,A,PU,Annual,Colombia,Gini index,Total,All age ranges or no breakdown by age,Total,0-100 scale,Not Applicable,Not Applicable,Not Applicable,Not Applicable,Index,Two,World Development Indicators (WDI),Annual,Units,Normal value,Public
datastructure,WB.DATA360:DS_DATA360(1.3),I,A,COD,WB_WDI_SI_POV_GINI,_T,_T,_T,0_TO_100,_Z,_Z,_Z,2012,42.1,_Z,IX,2,WB_WDI,P1Y,0,A,PU,Annual,"Congo, Dem. Rep.",Gini index,Total,All age ranges or no breakdown by age,Total,0-100 scale,Not Applicable,Not Applicable,Not Applicable,Not Applicable,Index,Two,World Development Indicators (WDI),Annual,Units,Normal value,Public
datastructure,WB.DATA360:DS_DATA360(1.3),I,A,CRI,WB_WDI_SI_POV_GINI,_T,_T,_T,0_TO_100,_Z,_Z,_Z,2012,48.4,_Z,IX,2,WB_WDI,P1Y,0,A,PU,Annual,Costa Rica,Gini index,Total,All age ranges or no breakdown by age,Total,0-100 scale,Not Applicable,Not Applicable,Not Applicable,Not Applicable,Index,Two,World Development Indicators (WDI),Annual,Units,Normal value,Public
datastructure,WB.DATA360:DS_DATA360(1.3),I,A,BRA,WB_WDI_SI_POV_GINI,_T,_T,_T,0_TO_100,_Z,_Z,_Z,2017,53.3,_Z,IX,2,WB_WDI,P1Y,0,A,PU,Annual,Brazil,Gini index,Total,All age ranges or no breakdown by age,Total,0-100 scale,Not Applicable,Not Applicable,Not Applicable,Not Applicable,Index,Two,World Development Indicators (WDI),Annual,Units,Normal value,Public
datastructure,WB.DATA360:DS_DATA360(1.3),I,A,BGR,WB_WDI_SI_POV_GINI,_T,_T,_T,0_TO_100,_Z,_Z,_Z,2017,40.4,_Z,IX,2,WB_WDI,P1Y,0,A,PU,Annual,Bulgaria,Gini index,Total,All age ranges or no breakdown by age,Total,0-100 scale,Not Applicable,Not Applicable,Not Applicable,Not Applicable,Index,Two,World Development Indicators (WDI),Annual,Units,Normal value,Public
datastructure,WB.DATA360:DS_DATA360(1.3),I,A,CAN,WB_WDI_SI_POV_GINI,_T,_T,_T,0_TO_100,_Z,_Z,_Z,2017,33.3,_Z,IX,2,WB_WDI,P1Y,0,A,PU,Annual,Canada,Gini index,Total,All age ranges or no breakdown by age,Total,0-100 scale,Not Applicable,Not Applicable,Not Applicable,Not Applicable,Index,Two,World Development Indicators (WDI),Annual,Units,Normal value,Public
datastructure,WB.DATA360:DS_DATA360(1.3),I,A,BLR,WB_WDI_SI_POV_GINI,_T,_T,_T,0_TO_100,_Z,_Z,_Z,2014,27.2,_Z,IX,2,WB_WDI,P1Y,0,A,PU,Annual,Belarus,Gini index,Total,All age ranges or no breakdown by age,Total,0-100 scale,Not Applicable,Not Applicable,Not Applicable,Not Applicable,Index,Two,World Development Indicators (WDI),Annual,Units,Normal value,Public
datastructure,WB.DATA360:DS_DATA360(1.3),I,A,BEL,WB_WDI_SI_POV_GINI,_T,_T,_T,0_TO_100,_Z,_Z,_Z,2014,28.1,_Z,IX,2,WB_WDI,P1Y,0,A,PU,Annual,Belgium,Gini index,Total,All age ranges or no breakdown by age,Total,0-100 scale,Not Applicable,Not Applicable,Not Applicable,Not Applicable,Index,Two,World Development Indicators (WDI),Annual,Units,Normal value,Public
datastructure,WB.DATA360:DS_DATA360(1.3),I,A,BOL,WB_WDI_SI_POV_GINI,_T,_T,_T,0_TO_100,_Z,_Z,_Z,2014,47.8,_Z,IX,2,WB_WDI,P1Y,0,A,PU,Annual,Bolivia,Gini index,Total,All age ranges or no breakdown by age,Total,0-100 scale,Not Applicable,Not Applicable,Not Applicable,Not Applicable,Index,Two,World Development Indicators (WDI),Annual,Units,Normal value,Public
datastructure,WB.DATA360:DS_DATA360(1.3),I,A,BRA,WB_WDI_SI_POV_GINI,_T,_T,_T,0_TO_100,_Z,_Z,_Z,2014,52.1,_Z,IX,2,WB_WDI,P1Y,0,A,PU,Annual,Brazil,Gini index,Total,All age ranges or no breakdown by age,Total,0-100 scale,Not Applicable,Not Applicable,Not Applicable,Not Applicable,Index,Two,World Development Indicators (WDI),Annual,Units,Normal value,Public
datastructure,WB.DATA360:DS_DATA360(1.3),I,A,ISL,WB_WDI_SI_POV_GINI,_T,_T,_T,0_TO_100,_Z,_Z,_Z,2016,27.2,_Z,IX,2,WB_WDI,P1Y,0,A,PU,Annual,Iceland,Gini index,Total,All age ranges or no breakdown by age,Total,0-100 scale,Not Applicable,Not Applicable,Not Applicable,Not Applicable,Index,Two,World Development Indicators (WDI),Annual,Units,Normal value,Public
datastructure,WB.DATA360:DS_DATA360(1.3),I,A,IDN,WB_WDI_SI_POV_GINI,_T,_T,_T,0_TO_100,_Z,_Z,_Z,2016,36.9,_Z,IX,2,WB_WDI,P1Y,0,A,PU,Annual,Indonesia,Gini index,Total,All age ranges or no breakdown by age,Total,0-100 scale,Not Applicable,Not Applicable,Not Applicable,Not Applicable,Index,Two,World Development Indicators (WDI),Annual,Units,Normal value,Public
datastructure,WB.DATA360:DS_DATA360(1.3),I,A,IRN,WB_WDI_SI_POV_GINI,_T,_T,_T,0_TO_100,_Z,_Z,_Z,2016,35.9,_Z,IX,2,WB_WDI,P1Y,0,A,PU,Annual,"Iran, Islamic Rep.",Gini index,Total,All age ranges or no breakdown by age,Total,0-100 scale,Not Applicable,Not Applicable,Not Applicable,Not Applicable,Index,Two,World Development Indicators (WDI),Annual,Units,Normal value,Public
datastructure,WB.DATA360:DS_DATA360(1.3),I,A,IRL,WB_WDI_SI_POV_GINI,_T,_T,_T,0_TO_100,_Z,_Z,_Z,2016,32.8,_Z,IX,2,WB_WDI,P1Y,0,A,PU,Annual,Ireland,Gini index,Total,All age ranges or no breakdown by age,Total,0-100 scale,Not Applicable,Not Applicable,Not Applicable,Not Applicable,Index,Two,World Development Indicators (WDI),Annual,Units,Normal value,Public
datastructure,WB.DATA360:DS_DATA360(1.3),I,A,ISR,WB_WDI_SI_POV_GINI,_T,_T,_T,0_TO_100,_Z,_Z,_Z,2016,39.0,_Z,IX,2,WB_WDI,P1Y,0,A,PU,Annual,Israel,Gini index,Total,All age ranges or no breakdown by age,Total,0-100 scale,Not Applicable,Not Applicable,Not Applicable,Not Applicable,Index,Two,World Development Indicators (WDI),Annual,Units,Normal value,Public
datastructure,WB.DATA360:DS_DATA360(1.3),I,A,ITA,WB_WDI_SI_POV_GINI,_T,_T,_T,0_TO_100,_Z,_Z,_Z,2016,35.2,_Z,IX,2,WB_WDI,P1Y,0,A,PU,Annual,Italy,Gini index,Total,All age ranges or no breakdown by age,Total,0-100 scale,Not Applicable,Not Applicable,Not Applicable,Not Applicable,Index,Two,World Development Indicators (WDI),Annual,Units,Normal value,Public
datastructure,WB.DATA360:DS_DATA360(1.3),I,A,JPN,WB_WDI_SI_POV_GINI,_T,_T,_T,0_TO_100,_Z,_Z,_Z,2016,31.8,_Z,IX,2,WB_WDI,P1Y,0,A,PU,Annual,Japan,Gini index,Total,All age ranges or no breakdown by age,Total,0-100 scale,Not Applicable,Not Applicable,Not Applicable,Not Applicable,Index,Two,World Development Indicators (WDI),Annual,Units,Normal value,Public
datastructure,WB.DATA360:DS_DATA360(1.3),I,A,CAN,WB_WDI_SI_POV_GINI,_T,_T,_T,0_TO_100,_Z,_Z,_Z,1999,33.1,_Z,IX,2,WB_WDI,P1Y,0,A,PU,Annual,Canada,Gini index,Total,All age ranges or no breakdown by age,Total,0-100 scale,Not Applicable,Not Applicable,Not Applicable,Not Applicable,Index,Two,World Development Indicators (WDI),Annual,Units,Normal value,Public
datastructure,WB.DATA360:DS_DATA360(1.3),I,A,CHN,WB_WDI_SI_POV_GINI,_T,_T,_T,0_TO_100,_Z,_Z,_Z,1999,38.7,_Z,IX,2,WB_WDI,P1Y,0,A,PU,Annual,China,Gini index,Total,All age ranges or no breakdown by age,Total,0-100 scale,Not Applicable,Not Applicable,Not Applicable,Not Applicable,Index,Two,World Development Indicators (WDI),Annual,Units,Normal value,Public
datastructure,WB.DATA360:DS_DATA360(1.3),I,A,COL,WB_WDI_SI_POV_GINI,_T,_T,_T,0_TO_100,_Z,_Z,_Z,1999,58.5,_Z,IX,2,WB_WDI,P1Y,0,A,PU,Annual,Colombia,Gini index,Total,All age ranges or no breakdown by age,Total,0-100 scale,Not Applicable,Not Applicable,Not Applicable,Not Applicable,Index,Two,World Development Indicators (WDI),Annual,Units,Normal value,Public
datastructure,WB.DATA360:DS_DATA360(1.3),I,A,CRI,WB_WDI_SI_POV_GINI,_T,_T,_T,0_TO_100,_Z,_Z,_Z,1999,47.6,_Z,IX,2,WB_WDI,P1Y,0,A,PU,Annual,Costa Rica,Gini index,Total,All age ranges or no breakdown by age,Total,0-100 scale,Not Applicable,Not Applicable,Not Applicable,Not Applicable,Index,Two,World Development Indicators (WDI),Annual,Units,Normal value,Public
datastructure,WB.DATA360:DS_DATA360(1.3),I,A,GRC,WB_WDI_SI_POV_GINI,_T,_T,_T,0_TO_100,_Z,_Z,_Z,2016,35.0,_Z,IX,2,WB_WDI,P1Y,0,A,PU,Annual,Greece,Gini index,Total,All age ranges or no breakdown by age,Total,0-100 scale,Not Applicable,Not Applicable,Not Applicable,Not Applicable,Index,Two,World Development Indicators (WDI),Annual,Units,Normal value,Public
datastructure,WB.DATA360:DS_DATA360(1.3),I,A,HND,WB_WDI_SI_POV_GINI,_T,_T,_T,0_TO_100,_Z,_Z,_Z,2016,49.8,_Z,IX,2,WB_WDI,P1Y,0,A,PU,Annual,Honduras,Gini index,Total,All age ranges or no breakdown by age,Total,0-100 scale,Not Applicable,Not Applicable,Not Applicable,Not Applicable,Index,Two,World Development Indicators (WDI),Annual,Units,Normal value,Public
datastructure,WB.DATA360:DS_DATA360(1.3),I,A,HUN,WB_WDI_SI_POV_GINI,_T,_T,_T,0_TO_100,_Z,_Z,_Z,2016,30.3,_Z,IX,2,WB_WDI,P1Y,0,A,PU,Annual,Hungary,Gini index,Total,All age ranges or no breakdown by age,Total,0-100 scale,Not Applicable,Not Applicable,Not Applicable,Not Applicable,Index,Two,World Development Indicators (WDI),Annual,Units,Normal value,Public
datastructure,WB.DATA360:DS_DATA360(1.3),I,A,ARG,WB_WDI_SI_POV_GINI,_T,_T,_T,0_TO_100,_Z,_Z,_Z,2017,41.4,_Z,IX,2,WB_WDI,P1Y,0,A,PU,Annual,Argentina,Gini index,Total,All age ranges or no breakdown by age,Total,0-100 scale,Not Applicable,Not Applicable,Not Applicable,Not Applicable,Index,Two,World Development Indicators (WDI),Annual,Units,Normal value,Public
datastructure,WB.DATA360:DS_DATA360(1.3),I,A,ARM,WB_WDI_SI_POV_GINI,_T,_T,_T,0_TO_100,_Z,_Z,_Z,2017,33.6,_Z,IX,2,WB_WDI,P1Y,0,A,PU,Annual,Armenia,Gini index,Total,All age ranges or no breakdown by age,Total,0-100 scale,Not Applicable,Not Applicable,Not Applicable,Not Applicable,Index,Two,World Development Indicators (WDI),Annual,Units,Normal value,Public
datastructure,WB.DATA360:DS_DATA360(1.3),I,A,AUT,WB_WDI_SI_POV_GINI,_T,_T,_T,0_TO_100,_Z,_Z,_Z,2017,29.7,_Z,IX,2,WB_WDI,P1Y,0,A,PU,Annual,Austria,Gini index,Total,All age ranges or no breakdown by age,Total,0-100 scale,Not Applicable,Not Applicable,Not Applicable,Not Applicable,Index,Two,World Development Indicators (WDI),Annual,Units,Normal value,Public
datastructure,WB.DATA360:DS_DATA360(1.3),I,A,MKD,WB_WDI_SI_POV_GINI,_T,_T,_T,0_TO_100,_Z,_Z,_Z,2017,34.2,_Z,IX,2,WB_WDI,P1Y,0,A,PU,Annual,North Macedonia,Gini index,Total,All age ranges or no breakdown by age,Total,0-100 scale,Not Applicable,Not Applicable,Not Applicable,Not Applicable,Index,Two,World Development Indicators (WDI),Annual,Units,Normal value,Public
datastructure,WB.DATA360:DS_DATA360(1.3),I,A,NOR,WB_WDI_SI_POV_GINI,_T,_T,_T,0_TO_100,_Z,_Z,_Z,2017,27.0,_Z,IX,2,WB_WDI,P1Y,0,A,PU,Annual,Norway,Gini index,Total,All age ranges or no breakdown by age,Total,0-100 scale,Not Applicable,Not Applicable,Not Applicable,Not Applicable,Index,Two,World Development Indicators (WDI),Annual,Units,Normal value,Public
datastructure,WB.DATA360:DS_DATA360(1.3),I,A,PAN,WB_WDI_SI_POV_GINI,_T,_T,_T,0_TO_100,_Z,_Z,_Z,2017,49.9,_Z,IX,2,WB_WDI,P1Y,0,A,PU,Annual,Panama,Gini index,Total,All age ranges or no breakdown by age,Total,0-100 scale,Not Applicable,Not Applicable,Not Applicable,Not Applicable,Index,Two,World Development Indicators (WDI),Annual,Units,Normal value,Public
datastructure,WB.DATA360:DS_DATA360(1.3),I,A,PRY,WB_WDI_SI_POV_GINI,_T,_T,_T,0_TO_100,_Z,_Z,_Z,2017,48.5,_Z,IX,2,WB_WDI,P1Y,0,A,PU,Annual,Paraguay,Gini index,Total,All age ranges or no breakdown by age,Total,0-100 scale,Not Applicable,Not Applicable,Not Applicable,Not Applicable,Index,Two,World Development Indicators (WDI),Annual,Units,Normal value,Public
datastructure,WB.DATA360:DS_DATA360(1.3),I,A,PER,WB_WDI_SI_POV_GINI,_T,_T,_T,0_TO_100,_Z,_Z,_Z,2017,43.3,_Z,IX,2,WB_WDI,P1Y,0,A,PU,Annual,Peru,Gini index,Total,All age ranges or no breakdown by age,Total,0-100 scale,Not Applicable,Not Applicable,Not Applicable,Not Applicable,Index,Two,World Development Indicators (WDI),Annual,Units,Normal value,Public
datastructure,WB.DATA360:DS_DATA360(1.3),I,A,LBR,WB_WDI_SI_POV_GINI,_T,_T,_T,0_TO_100,_Z,_Z,_Z,2014,33.2,_Z,IX,2,WB_WDI,P1Y,0,A,PU,Annual,Liberia,Gini index,Total,All age ranges or no breakdown by age,Total,0-100 scale,Not Applicable,Not Applicable,Not Applicable,Not Applicable,Index,Two,World Development Indicators (WDI),Annual,Units,Normal value,Public
datastructure,WB.DATA360:DS_DATA360(1.3),I,A,LTU,WB_WDI_SI_POV_GINI,_T,_T,_T,0_TO_100,_Z,_Z,_Z,2014,37.7,_Z,IX,2,WB_WDI,P1Y,0,A,PU,Annual,Lithuania,Gini index,Total,All age ranges or no breakdown by age,Total,0-100 scale,Not Applicable,Not Applicable,Not Applicable,Not Applicable,Index,Two,World Development Indicators (WDI),Annual,Units,Normal value,Public
datastructure,WB.DATA360:DS_DATA360(1.3),I,A,LUX,WB_WDI_SI_POV_GINI,_T,_T,_T,0_TO_100,_Z,_Z,_Z,2014,31.2,_Z,IX,2,WB_WDI,P1Y,0,A,PU,Annual,Luxembourg,Gini index,Total,All age ranges or no breakdown by age,Total,0-100 scale,Not Applicable,Not Applicable,Not Applicable,Not Applicable,Index,Two,World Development Indicators (WDI),Annual,Units,Normal value,Public
datastructure,WB.DATA360:DS_DATA360(1.3),I,A,KAZ,WB_WDI_SI_POV_GINI,_T,_T,_T,0_TO_100,_Z,_Z,_Z,2013,27.1,_Z,IX,2,WB_WDI,P1Y,0,A,PU,Annual,Kazakhstan,Gini index,Total,All age ranges or no breakdown by age,Total,0-100 scale,Not Applicable,Not Applicable,Not Applicable,Not Applicable,Index,Two,World Development Indicators (WDI),Annual,Units,Normal value,Public
datastructure,WB.DATA360:DS_DATA360(1.3),I,A,XKX,WB_WDI_SI_POV_GINI,_T,_T,_T,0_TO_100,_Z,_Z,_Z,2013,26.3,_Z,IX,2,WB_WDI,P1Y,0,A,PU,Annual,Kosovo,Gini index,Total,All age ranges or no breakdown by age,Total,0-100 scale,Not Applicable,Not Applicable,Not Applicable,Not Applicable,Index,Two,World Development Indicators (WDI),Annual,Units,Normal value,Public
datastructure,WB.DATA360:DS_DATA360(1.3),I,A,KGZ,WB_WDI_SI_POV_GINI,_T,_T,_T,0_TO_100,_Z,_Z,_Z,2013,28.8,_Z,IX,2,WB_WDI,P1Y,0,A,PU,Annual,Kyrgyz Republic,Gini index,Total,All age ranges or no breakdown by age,Total,0-100 scale,Not Applicable,Not Applicable,Not Applicable,Not Applicable,Index,Two,World Development Indicators (WDI),Annual,Units,Normal value,Public
datastructure,WB.DATA360:DS_DATA360(1.3),I,A,LVA,WB_WDI_SI_POV_GINI,_T,_T,_T,0_TO_100,_Z,_Z,_Z,2013,35.5,_Z,IX,2,WB_WDI,P1Y,0,A,PU,Annual,Latvia,Gini index,Total,All age ranges or no breakdown by age,Total,0-100 scale,Not Applicable,Not Applicable,Not Applicable,Not Applicable,Index,Two,World Development Indicators (WDI),Annual,Units,Normal value,Public
datastructure,WB.DATA360:DS_DATA360(1.3),I,A,ARG,WB_WDI_SI_POV_GINI,_T,_T,_T,0_TO_100,_Z,_Z,_Z,2014,41.8,_Z,IX,2,WB_WDI,P1Y,0,A,PU,Annual,Argentina,Gini index,Total,All age ranges or no breakdown by age,Total,0-100 scale,Not Applicable,Not Applicable,Not Applicable,Not Applicable,Index,Two,World Development Indicators (WDI),Annual,Units,Normal value,Public
datastructure,WB.DATA360:DS_DATA360(1.3),I,A,ARM,WB_WDI_SI_POV_GINI,_T,_T,_T,0_TO_100,_Z,_Z,_Z,2014,31.5,_Z,IX,2,WB_WDI,P1Y,0,A,PU,Annual,Armenia,Gini index,Total,All age ranges or no breakdown by age,Total,0-100 scale,Not Applicable,Not Applicable,Not Applicable,Not Applicable,Index,Two,World Development Indicators (WDI),Annual,Units,Normal value,Public
datastructure,WB.DATA360:DS_DATA360(1.3),I,A,AUS,WB_WDI_SI_POV_GINI,_T,_T,_T,0_TO_100,_Z,_Z,_Z,2014,34.4,_Z,IX,2,WB_WDI,P1Y,0,A,PU,Annual,Australia,Gini index,Total,All age ranges or no breakdown by age,Total,0-100 scale,Not Applicable,Not Applicable,Not Applicable,Not Applicable,Index,Two,World Development Indicators (WDI),Annual,Units,Normal value,Public
datastructure,WB.DATA360:DS_DATA360(1.3),I,A,AUT,WB_WDI_SI_POV_GINI,_T,_T,_T,0_TO_100,_Z,_Z,_Z,2014,30.5,_Z,IX,2,WB_WDI,P1Y,0,A,PU,Annual,Austria,Gini index,Total,All age ranges or no breakdown by age,Total,0-100 scale,Not Applicable,Not Applicable,Not Applicable,Not Applicable,Index,Two,World Development Indicators (WDI),Annual,Units,Normal value,Public
datastructure,WB.DATA360:DS_DATA360(1.3),I,A,NAM,WB_WDI_SI_POV_GINI,_T,_T,_T,0_TO_100,_Z,_Z,_Z,2009,61.0,_Z,IX,2,WB_WDI,P1Y,0,A,PU,Annual,Namibia,Gini index,Total,All age ranges or no breakdown by age,Total,0-100 scale,Not Applicable,Not Applicable,Not Applicable,Not Applicable,Index,Two,World Development Indicators (WDI),Annual,Units,Normal value,Public
datastructure,WB.DATA360:DS_DATA360(1.3),I,A,NLD,WB_WDI_SI_POV_GINI,_T,_T,_T,0_TO_100,_Z,_Z,_Z,2009,27.9,_Z,IX,2,WB_WDI,P1Y,0,A,PU,Annual,Netherlands,Gini index,Total,All age ranges or no breakdown by age,Total,0-100 scale,Not Applicable,Not Applicable,Not Applicable,Not Applicable,Index,Two,World Development Indicators (WDI),Annual,Units,Normal value,Public
datastructure,WB.DATA360:DS_DATA360(1.3),I,A,NIC,WB_WDI_SI_POV_GINI,_T,_T,_T,0_TO_100,_Z,_Z,_Z,2009,43.9,_Z,IX,2,WB_WDI,P1Y,0,A,PU,Annual,Nicaragua,Gini index,Total,All age ranges or no breakdown by age,Total,0-100 scale,Not Applicable,Not Applicable,Not Applicable,Not Applicable,Index,Two,World Development Indicators (WDI),Annual,Units,Normal value,Public
datastructure,WB.DATA360:DS_DATA360(1.3),I,A,MKD,WB_WDI_SI_POV_GINI,_T,_T,_T,0_TO_100,_Z,_Z,_Z,2009,42.8,_Z,IX,2,WB_WDI,P1Y,0,A,PU,Annual,North Macedonia,Gini index,Total,All age ranges or no breakdown by age,Total,0-100 scale,Not Applicable,Not Applicable,Not Applicable,Not Applicable,Index,Two,World Development Indicators (WDI),Annual,Units,Normal value,Public
datastructure,WB.DATA360:DS_DATA360(1.3),I,A,NOR,WB_WDI_SI_POV_GINI,_T,_T,_T,0_TO_100,_Z,_Z,_Z,2009,26.2,_Z,IX,2,WB_WDI,P1Y,0,A,PU,Annual,Norway,Gini index,Total,All age ranges or no breakdown by age,Total,0-100 scale,Not Applicable,Not Applicable,Not Applicable,Not Applicable,Index,Two,World Development Indicators (WDI),Annual,Units,Normal value,Public
datastructure,WB.DATA360:DS_DATA360(1.3),I,A,MNE,WB_WDI_SI_POV_GINI,_T,_T,_T,0_TO_100,_Z,_Z,_Z,2017,36.9,_Z,IX,2,WB_WDI,P1Y,0,A,PU,Annual,Montenegro,Gini index,Total,All age ranges or no breakdown by age,Total,0-100 scale,Not Applicable,Not Applicable,Not Applicable,Not Applicable,Index,Two,World Development Indicators (WDI),Annual,Units,Normal value,Public
datastructure,WB.DATA360:DS_DATA360(1.3),I,A,MMR,WB_WDI_SI_POV_GINI,_T,_T,_T,0_TO_100,_Z,_Z,_Z,2017,30.7,_Z,IX,2,WB_WDI,P1Y,0,A,PU,Annual,Myanmar,Gini index,Total,All age ranges or no breakdown by age,Total,0-100 scale,Not Applicable,Not Applicable,Not Applicable,Not Applicable,Index,Two,World Development Indicators (WDI),Annual,Units,Normal value,Public
datastructure,WB.DATA360:DS_DATA360(1.3),I,A,NLD,WB_WDI_SI_POV_GINI,_T,_T,_T,0_TO_100,_Z,_Z,_Z,2017,28.5,_Z,IX,2,WB_WDI,P1Y,0,A,PU,Annual,Netherlands,Gini index,Total,All age ranges or no breakdown by age,Total,0-100 scale,Not Applicable,Not Applicable,Not Applicable,Not Applicable,Index,Two,World Development Indicators (WDI),Annual,Units,Normal value,Public
datastructure,WB.DATA360:DS_DATA360(1.3),I,A,PRT,WB_WDI_SI_POV_GINI,_T,_T,_T,0_TO_100,_Z,_Z,_Z,2013,36.2,_Z,IX,2,WB_WDI,P1Y,0,A,PU,Annual,Portugal,Gini index,Total,All age ranges or no breakdown by age,Total,0-100 scale,Not Applicable,Not Applicable,Not Applicable,Not Applicable,Index,Two,World Development Indicators (WDI),Annual,Units,Normal value,Public
datastructure,WB.DATA360:DS_DATA360(1.3),I,A,ROU,WB_WDI_SI_POV_GINI,_T,_T,_T,0_TO_100,_Z,_Z,_Z,2013,36.9,_Z,IX,2,WB_WDI,P1Y,0,A,PU,Annual,Romania,Gini index,Total,All age ranges or no breakdown by age,Total,0-100 scale,Not Applicable,Not Applicable,Not Applicable,Not Applicable,Index,Two,World Development Indicators (WDI),Annual,Units,Normal value,Public
datastructure,WB.DATA360:DS_DATA360(1.3),I,A,RUS,WB_WDI_SI_POV_GINI,_T,_T,_T,0_TO_100,_Z,_Z,_Z,2013,40.9,_Z,IX,2,WB_WDI,P1Y,0,A,PU,Annual,Russian Federation,Gini index,Total,All age ranges or no breakdown by age,Total,0-100 scale,Not Applicable,Not Applicable,Not Applicable,Not Applicable,Index,Two,World Development Indicators (WDI),Annual,Units,Normal value,Public
datastructure,WB.DATA360:DS_DATA360(1.3),I,A,RWA,WB_WDI_SI_POV_GINI,_T,_T,_T,0_TO_100,_Z,_Z,_Z,2013,45.1,_Z,IX,2,WB_WDI,P1Y,0,A,PU,Annual,Rwanda,Gini index,Total,All age ranges or no breakdown by age,Total,0-100 scale,Not Applicable,Not Applicable,Not Applicable,Not Applicable,Index,Two,World Development Indicators (WDI),Annual,Units,Normal value,Public
datastructure,WB.DATA360:DS_DATA360(1.3),I,A,WSM,WB_WDI_SI_POV_GINI,_T,_T,_T,0_TO_100,_Z,_Z,_Z,2013,38.7,_Z,IX,2,WB_WDI,P1Y,0,A,PU,Annual,Samoa,Gini index,Total,All age ranges or no breakdown by age,Total,0-100 scale,Not Applicable,Not Applicable,Not Applicable,Not Applicable,Index,Two,World Development Indicators (WDI),Annual,Units,Normal value,Public
datastructure,WB.DATA360:DS_DATA360(1.3),I,A,SRB,WB_WDI_SI_POV_GINI,_T,_T,_T,0_TO_100,_Z,_Z,_Z,2013,39.4,_Z,IX,2,WB_WDI,P1Y,0,A,PU,Annual,Serbia,Gini index,Total,All age ranges or no breakdown by age,Total,0-100 scale,Not Applicable,Not Applicable,Not Applicable,Not Applicable,Index,Two,World Development Indicators (WDI),Annual,Units,Normal value,Public
datastructure,WB.DATA360:DS_DATA360(1.3),I,A,LBR,WB_WDI_SI_POV_GINI,_T,_T,_T,0_TO_100,_Z,_Z,_Z,2016,35.3,_Z,IX,2,WB_WDI,P1Y,0,A,PU,Annual,Liberia,Gini index,Total,All age ranges or no breakdown by age,Total,0-100 scale,Not Applicable,Not Applicable,Not Applicable,Not Applicable,Index,Two,World Development Indicators (WDI),Annual,Units,Normal value,Public
datastructure,WB.DATA360:DS_DATA360(1.3),I,A,LTU,WB_WDI_SI_POV_GINI,_T,_T,_T,0_TO_100,_Z,_Z,_Z,2016,38.4,_Z,IX,2,WB_WDI,P1Y,0,A,PU,Annual,Lithuania,Gini index,Total,All age ranges or no breakdown by age,Total,0-100 scale,Not Applicable,Not Applicable,Not Applicable,Not Applicable,Index,Two,World Development Indicators (WDI),Annual,Units,Normal value,Public
datastructure,WB.DATA360:DS_DATA360(1.3),I,A,LUX,WB_WDI_SI_POV_GINI,_T,_T,_T,0_TO_100,_Z,_Z,_Z,2016,31.7,_Z,IX,2,WB_WDI,P1Y,0,A,PU,Annual,Luxembourg,Gini index,Total,All age ranges or no breakdown by age,Total,0-100 scale,Not Applicable,Not Applicable,Not Applicable,Not Applicable,Index,Two,World Development Indicators (WDI),Annual,Units,Normal value,Public
datastructure,WB.DATA360:DS_DATA360(1.3),I,A,MWI,WB_WDI_SI_POV_GINI,_T,_T,_T,0_TO_100,_Z,_Z,_Z,2016,44.7,_Z,IX,2,WB_WDI,P1Y,0,A,PU,Annual,Malawi,Gini index,Total,All age ranges or no breakdown by age,Total,0-100 scale,Not Applicable,Not Applicable,Not Applicable,Not Applicable,Index,Two,World Development Indicators (WDI),Annual,Units,Normal value,Public
datastructure,WB.DATA360:DS_DATA360(1.3),I,A,MDV,WB_WDI_SI_POV_GINI,_T,_T,_T,0_TO_100,_Z,_Z,_Z,2016,31.3,_Z,IX,2,WB_WDI,P1Y,0,A,PU,Annual,Maldives,Gini index,Total,All age ranges or no breakdown by age,Total,0-100 scale,Not Applicable,Not Applicable,Not Applicable,Not Applicable,Index,Two,World Development Indicators (WDI),Annual,Units,Normal value,Public
datastructure,WB.DATA360:DS_DATA360(1.3),I,A,ARG,WB_WDI_SI_POV_GINI,_T,_T,_T,0_TO_100,_Z,_Z,_Z,2016,42.3,_Z,IX,2,WB_WDI,P1Y,0,A,PU,Annual,Argentina,Gini index,Total,All age ranges or no breakdown by age,Total,0-100 scale,Not Applicable,Not Applicable,Not Applicable,Not Applicable,Index,Two,World Development Indicators (WDI),Annual,Units,Normal value,Public
datastructure,WB.DATA360:DS_DATA360(1.3),I,A,ARM,WB_WDI_SI_POV_GINI,_T,_T,_T,0_TO_100,_Z,_Z,_Z,2016,32.5,_Z,IX,2,WB_WDI,P1Y,0,A,PU,Annual,Armenia,Gini index,Total,All age ranges or no breakdown by age,Total,0-100 scale,Not Applicable,Not Applicable,Not Applicable,Not Applicable,Index,Two,World Development Indicators (WDI),Annual,Units,Normal value,Public
datastructure,WB.DATA360:DS_DATA360(1.3),I,A,AUS,WB_WDI_SI_POV_GINI,_T,_T,_T,0_TO_100,_Z,_Z,_Z,2016,33.7,_Z,IX,2,WB_WDI,P1Y,0,A,PU,Annual,Australia,Gini index,Total,All age ranges or no breakdown by age,Total,0-100 scale,Not Applicable,Not Applicable,Not Applicable,Not Applicable,Index,Two,World Development Indicators (WDI),Annual,Units,Normal value,Public
datastructure,WB.DATA360:DS_DATA360(1.3),I,A,AUT,WB_WDI_SI_POV_GINI,_T,_T,_T,0_TO_100,_Z,_Z,_Z,2016,30.8,_Z,IX,2,WB_WDI,P1Y,0,A,PU,Annual,Austria,Gini index,Total,All age ranges or no breakdown by age,Total,0-100 scale,Not Applicable,Not Applicable,Not Applicable,Not Applicable,Index,Two,World Development Indicators (WDI),Annual,Units,Normal value,Public
datastructure,WB.DATA360:DS_DATA360(1.3),I,A,BGD,WB_WDI_SI_POV_GINI,_T,_T,_T,0_TO_100,_Z,_Z,_Z,2016,32.4,_Z,IX,2,WB_WDI,P1Y,0,A,PU,Annual,Bangladesh,Gini index,Total,All age ranges or no breakdown by age,Total,0-100 scale,Not Applicable,Not Applicable,Not Applicable,Not Applicable,Index,Two,World Development Indicators (WDI),Annual,Units,Normal value,Public
datastructure,WB.DATA360:DS_DATA360(1.3),I,A,BRB,WB_WDI_SI_POV_GINI,_T,_T,_T,0_TO_100,_Z,_Z,_Z,2016,34.1,_Z,IX,2,WB_WDI,P1Y,0,A,PU,Annual,Barbados,Gini index,Total,All age ranges or no breakdown by age,Total,0-100 scale,Not Applicable,Not Applicable,Not Applicable,Not Applicable,Index,Two,World Development Indicators (WDI),Annual,Units,Normal value,Public
datastructure,WB.DATA360:DS_DATA360(1.3),I,A,ITA,WB_WDI_SI_POV_GINI,_T,_T,_T,0_TO_100,_Z,_Z,_Z,2012,35.2,_Z,IX,2,WB_WDI,P1Y,0,A,PU,Annual,Italy,Gini index,Total,All age ranges or no breakdown by age,Total,0-100 scale,Not Applicable,Not Applicable,Not Applicable,Not Applicable,Index,Two,World Development Indicators (WDI),Annual,Units,Normal value,Public
datastructure,WB.DATA360:DS_DATA360(1.3),I,A,JPN,WB_WDI_SI_POV_GINI,_T,_T,_T,0_TO_100,_Z,_Z,_Z,2012,32.5,_Z,IX,2,WB_WDI,P1Y,0,A,PU,Annual,Japan,Gini index,Total,All age ranges or no breakdown by age,Total,0-100 scale,Not Applicable,Not Applicable,Not Applicable,Not Applicable,Index,Two,World Development Indicators (WDI),Annual,Units,Normal value,Public
datastructure,WB.DATA360:DS_DATA360(1.3),I,A,KAZ,WB_WDI_SI_POV_GINI,_T,_T,_T,0_TO_100,_Z,_Z,_Z,2012,28.2,_Z,IX,2,WB_WDI,P1Y,0,A,PU,Annual,Kazakhstan,Gini index,Total,All age ranges or no breakdown by age,Total,0-100 scale,Not Applicable,Not Applicable,Not Applicable,Not Applicable,Index,Two,World Development Indicators (WDI),Annual,Units,Normal value,Public
datastructure,WB.DATA360:DS_DATA360(1.3),I,A,KOR,WB_WDI_SI_POV_GINI,_T,_T,_T,0_TO_100,_Z,_Z,_Z,2012,31.6,_Z,IX,2,WB_WDI,P1Y,0,A,PU,Annual,"Korea, Rep.",Gini index,Total,All age ranges or no breakdown by age,Total,0-100 scale,Not Applicable,Not Applicable,Not Applicable,Not Applicable,Index,Two,World Development Indicators (WDI),Annual,Units,Normal value,Public
datastructure,WB.DATA360:DS_DATA360(1.3),I,A,XKX,WB_WDI_SI_POV_GINI,_T,_T,_T,0_TO_100,_Z,_Z,_Z,2012,29.0,_Z,IX,2,WB_WDI,P1Y,0,A,PU,Annual,Kosovo,Gini index,Total,All age ranges or no breakdown by age,Total,0-100 scale,Not Applicable,Not Applicable,Not Applicable,Not Applicable,Index,Two,World Development Indicators (WDI),Annual,Units,Normal value,Public
datastructure,WB.DATA360:DS_DATA360(1.3),I,A,KGZ,WB_WDI_SI_POV_GINI,_T,_T,_T,0_TO_100,_Z,_Z,_Z,2012,27.4,_Z,IX,2,WB_WDI,P1Y,0,A,PU,Annual,Kyrgyz Republic,Gini index,Total,All age ranges or no breakdown by age,Total,0-100 scale,Not Applicable,Not Applicable,Not Applicable,Not Applicable,Index,Two,World Development Indicators (WDI),Annual,Units,Normal value,Public
datastructure,WB.DATA360:DS_DATA360(1.3),I,A,EST,WB_WDI_SI_POV_GINI,_T,_T,_T,0_TO_100,_Z,_Z,_Z,2013,35.1,_Z,IX,2,WB_WDI,P1Y,0,A,PU,Annual,Estonia,Gini index,Total,All age ranges or no breakdown by age,Total,0-100 scale,Not Applicable,Not Applicable,Not Applicable,Not Applicable,Index,Two,World Development Indicators (WDI),Annual,Units,Normal value,Public
datastructure,WB.DATA360:DS_DATA360(1.3),I,A,FJI,WB_WDI_SI_POV_GINI,_T,_T,_T,0_TO_100,_Z,_Z,_Z,2013,36.7,_Z,IX,2,WB_WDI,P1Y,0,A,PU,Annual,Fiji,Gini index,Total,All age ranges or no breakdown by age,Total,0-100 scale,Not Applicable,Not Applicable,Not Applicable,Not Applicable,Index,Two,World Development Indicators (WDI),Annual,Units,Normal value,Public
datastructure,WB.DATA360:DS_DATA360(1.3),I,A,FIN,WB_WDI_SI_POV_GINI,_T,_T,_T,0_TO_100,_Z,_Z,_Z,2013,27.2,_Z,IX,2,WB_WDI,P1Y,0,A,PU,Annual,Finland,Gini index,Total,All age ranges or no breakdown by age,Total,0-100 scale,Not Applicable,Not Applicable,Not Applicable,Not Applicable,Index,Two,World Development Indicators (WDI),Annual,Units,Normal value,Public
datastructure,WB.DATA360:DS_DATA360(1.3),I,A,FRA,WB_WDI_SI_POV_GINI,_T,_T,_T,0_TO_100,_Z,_Z,_Z,2013,32.5,_Z,IX,2,WB_WDI,P1Y,0,A,PU,Annual,France,Gini index,Total,All age ranges or no breakdown by age,Total,0-100 scale,Not Applicable,Not Applicable,Not Applicable,Not Applicable,Index,Two,World Development Indicators (WDI),Annual,Units,Normal value,Public
datastructure,WB.DATA360:DS_DATA360(1.3),I,A,GEO,WB_WDI_SI_POV_GINI,_T,_T,_T,0_TO_100,_Z,_Z,_Z,2013,38.6,_Z,IX,2,WB_WDI,P1Y,0,A,PU,Annual,Georgia,Gini index,Total,All age ranges or no breakdown by age,Total,0-100 scale,Not Applicable,Not Applicable,Not Applicable,Not Applicable,Index,Two,World Development Indicators (WDI),Annual,Units,Normal value,Public
datastructure,WB.DATA360:DS_DATA360(1.3),I,A,DEU,WB_WDI_SI_POV_GINI,_T,_T,_T,0_TO_100,_Z,_Z,_Z,2013,31.4,_Z,IX,2,WB_WDI,P1Y,0,A,PU,Annual,Germany,Gini index,Total,All age ranges or no breakdown by age,Total,0-100 scale,Not Applicable,Not Applicable,Not Applicable,Not Applicable,Index,Two,World Development Indicators (WDI),Annual,Units,Normal value,Public
datastructure,WB.DATA360:DS_DATA360(1.3),I,A,VEN,WB_WDI_SI_POV_GINI,_T,_T,_T,0_TO_100,_Z,_Z,_Z,1998,48.0,_Z,IX,2,WB_WDI,P1Y,0,A,PU,Annual,"Venezuela, RB",Gini index,Total,All age ranges or no breakdown by age,Total,0-100 scale,Not Applicable,Not Applicable,Not Applicable,Not Applicable,Index,Two,World Development Indicators (WDI),Annual,Units,Normal value,Public
datastructure,WB.DATA360:DS_DATA360(1.3),I,A,YEM,WB_WDI_SI_POV_GINI,_T,_T,_T,0_TO_100,_Z,_Z,_Z,1998,35.0,_Z,IX,2,WB_WDI,P1Y,0,A,PU,Annual,"Yemen, Rep.",Gini index,Total,All age ranges or no breakdown by age,Total,0-100 scale,Not Applicable,Not Applicable,Not Applicable,Not Applicable,Index,Two,World Development Indicators (WDI),Annual,Units,Normal value,Public
datastructure,WB.DATA360:DS_DATA360(1.3),I,A,ZMB,WB_WDI_SI_POV_GINI,_T,_T,_T,0_TO_100,_Z,_Z,_Z,1998,49.1,_Z,IX,2,WB_WDI,P1Y,0,A,PU,Annual,Zambia,Gini index,Total,All age ranges or no breakdown by age,Total,0-100 scale,Not Applicable,Not Applicable,Not Applicable,Not Applicable,Index,Two,World Development Indicators (WDI),Annual,Units,Normal value,Public
datastructure,WB.DATA360:DS_DATA360(1.3),I,A,HUN,WB_WDI_SI_POV_GINI,_T,_T,_T,0_TO_100,_Z,_Z,_Z,2009,27.0,_Z,IX,2,WB_WDI,P1Y,0,A,PU,Annual,Hungary,Gini index,Total,All age ranges or no breakdown by age,Total,0-100 scale,Not Applicable,Not Applicable,Not Applicable,Not Applicable,Index,Two,World Development Indicators (WDI),Annual,Units,Normal value,Public
datastructure,WB.DATA360:DS_DATA360(1.3),I,A,ISL,WB_WDI_SI_POV_GINI,_T,_T,_T,0_TO_100,_Z,_Z,_Z,2009,28.7,_Z,IX,2,WB_WDI,P1Y,0,A,PU,Annual,Iceland,Gini index,Total,All age ranges or no breakdown by age,Total,0-100 scale,Not Applicable,Not Applicable,Not Applicable,Not Applicable,Index,Two,World Development Indicators (WDI),Annual,Units,Normal value,Public
datastructure,WB.DATA360:DS_DATA360(1.3),I,A,IND,WB_WDI_SI_POV_GINI,_T,_T,_T,0_TO_100,_Z,_Z,_Z,2009,27.8,_Z,IX,2,WB_WDI,P1Y,0,A,PU,Annual,India,Gini index,Total,All age ranges or no breakdown by age,Total,0-100 scale,Not Applicable,Not Applicable,Not Applicable,Not Applicable,Index,Two,World Development Indicators (WDI),Annual,Units,Normal value,Public
datastructure,WB.DATA360:DS_DATA360(1.3),I,A,IDN,WB_WDI_SI_POV_GINI,_T,_T,_T,0_TO_100,_Z,_Z,_Z,2009,33.4,_Z,IX,2,WB_WDI,P1Y,0,A,PU,Annual,Indonesia,Gini index,Total,All age ranges or no breakdown by age,Total,0-100 scale,Not Applicable,Not Applicable,Not Applicable,Not Applicable,Index,Two,World Development Indicators (WDI),Annual,Units,Normal value,Public
datastructure,WB.DATA360:DS_DATA360(1.3),I,A,IRN,WB_WDI_SI_POV_GINI,_T,_T,_T,0_TO_100,_Z,_Z,_Z,2009,42.1,_Z,IX,2,WB_WDI,P1Y,0,A,PU,Annual,"Iran, Islamic Rep.",Gini index,Total,All age ranges or no breakdown by age,Total,0-100 scale,Not Applicable,Not Applicable,Not Applicable,Not Applicable,Index,Two,World Development Indicators (WDI),Annual,Units,Normal value,Public
datastructure,WB.DATA360:DS_DATA360(1.3),I,A,IRL,WB_WDI_SI_POV_GINI,_T,_T,_T,0_TO_100,_Z,_Z,_Z,2009,32.7,_Z,IX,2,WB_WDI,P1Y,0,A,PU,Annual,Ireland,Gini index,Total,All age ranges or no breakdown by age,Total,0-100 scale,Not Applicable,Not Applicable,Not Applicable,Not Applicable,Index,Two,World Development Indicators (WDI),Annual,Units,Normal value,Public
datastructure,WB.DATA360:DS_DATA360(1.3),I,A,ISR,WB_WDI_SI_POV_GINI,_T,_T,_T,0_TO_100,_Z,_Z,_Z,2009,42.6,_Z,IX,2,WB_WDI,P1Y,0,A,PU,Annual,Israel,Gini index,Total,All age ranges or no breakdown by age,Total,0-100 scale,Not Applicable,Not Applicable,Not Applicable,Not Applicable,Index,Two,World Development Indicators (WDI),Annual,Units,Normal value,Public
datastructure,WB.DATA360:DS_DATA360(1.3),I,A,ITA,WB_WDI_SI_POV_GINI,_T,_T,_T,0_TO_100,_Z,_Z,_Z,2009,33.8,_Z,IX,2,WB_WDI,P1Y,0,A,PU,Annual,Italy,Gini index,Total,All age ranges or no breakdown by age,Total,0-100 scale,Not Applicable,Not Applicable,Not Applicable,Not Applicable,Index,Two,World Development Indicators (WDI),Annual,Units,Normal value,Public
datastructure,WB.DATA360:DS_DATA360(1.3),I,A,JPN,WB_WDI_SI_POV_GINI,_T,_T,_T,0_TO_100,_Z,_Z,_Z,2009,33.0,_Z,IX,2,WB_WDI,P1Y,0,A,PU,Annual,Japan,Gini index,Total,All age ranges or no breakdown by age,Total,0-100 scale,Not Applicable,Not Applicable,Not Applicable,Not Applicable,Index,Two,World Development Indicators (WDI),Annual,Units,Normal value,Public
datastructure,WB.DATA360:DS_DATA360(1.3),I,A,SRB,WB_WDI_SI_POV_GINI,_T,_T,_T,0_TO_100,_Z,_Z,_Z,2017,36.1,_Z,IX,2,WB_WDI,P1Y,0,A,PU,Annual,Serbia,Gini index,Total,All age ranges or no breakdown by age,Total,0-100 scale,Not Applicable,Not Applicable,Not Applicable,Not Applicable,Index,Two,World Development Indicators (WDI),Annual,Units,Normal value,Public
datastructure,WB.DATA360:DS_DATA360(1.3),I,A,SVK,WB_WDI_SI_POV_GINI,_T,_T,_T,0_TO_100,_Z,_Z,_Z,2017,23.2,_Z,IX,2,WB_WDI,P1Y,0,A,PU,Annual,Slovak Republic,Gini index,Total,All age ranges or no breakdown by age,Total,0-100 scale,Not Applicable,Not Applicable,Not Applicable,Not Applicable,Index,Two,World Development Indicators (WDI),Annual,Units,Normal value,Public
datastructure,WB.DATA360:DS_DATA360(1.3),I,A,SVN,WB_WDI_SI_POV_GINI,_T,_T,_T,0_TO_100,_Z,_Z,_Z,2017,24.2,_Z,IX,2,WB_WDI,P1Y,0,A,PU,Annual,Slovenia,Gini index,Total,All age ranges or no breakdown by age,Total,0-100 scale,Not Applicable,Not Applicable,Not Applicable,Not Applicable,Index,Two,World Development Indicators (WDI),Annual,Units,Normal value,Public
datastructure,WB.DATA360:DS_DATA360(1.3),I,A,CAN,WB_WDI_SI_POV_GINI,_T,_T,_T,0_TO_100,_Z,_Z,_Z,2010,33.6,_Z,IX,2,WB_WDI,P1Y,0,A,PU,Annual,Canada,Gini index,Total,All age ranges or no breakdown by age,Total,0-100 scale,Not Applicable,Not Applicable,Not Applicable,Not Applicable,Index,Two,World Development Indicators (WDI),Annual,Units,Normal value,Public
datastructure,WB.DATA360:DS_DATA360(1.3),I,A,CHN,WB_WDI_SI_POV_GINI,_T,_T,_T,0_TO_100,_Z,_Z,_Z,2010,43.7,_Z,IX,2,WB_WDI,P1Y,0,A,PU,Annual,China,Gini index,Total,All age ranges or no breakdown by age,Total,0-100 scale,Not Applicable,Not Applicable,Not Applicable,Not Applicable,Index,Two,World Development Indicators (WDI),Annual,Units,Normal value,Public
datastructure,WB.DATA360:DS_DATA360(1.3),I,A,COL,WB_WDI_SI_POV_GINI,_T,_T,_T,0_TO_100,_Z,_Z,_Z,2010,54.4,_Z,IX,2,WB_WDI,P1Y,0,A,PU,Annual,Colombia,Gini index,Total,All age ranges or no breakdown by age,Total,0-100 scale,Not Applicable,Not Applicable,Not Applicable,Not Applicable,Index,Two,World Development Indicators (WDI),Annual,Units,Normal value,Public
datastructure,WB.DATA360:DS_DATA360(1.3),I,A,MOZ,WB_WDI_SI_POV_GINI,_T,_T,_T,0_TO_100,_Z,_Z,_Z,2014,54.0,_Z,IX,2,WB_WDI,P1Y,0,A,PU,Annual,Mozambique,Gini index,Total,All age ranges or no breakdown by age,Total,0-100 scale,Not Applicable,Not Applicable,Not Applicable,Not Applicable,Index,Two,World Development Indicators (WDI),Annual,Units,Normal value,Public
datastructure,WB.DATA360:DS_DATA360(1.3),I,A,NLD,WB_WDI_SI_POV_GINI,_T,_T,_T,0_TO_100,_Z,_Z,_Z,2014,28.6,_Z,IX,2,WB_WDI,P1Y,0,A,PU,Annual,Netherlands,Gini index,Total,All age ranges or no breakdown by age,Total,0-100 scale,Not Applicable,Not Applicable,Not Applicable,Not Applicable,Index,Two,World Development Indicators (WDI),Annual,Units,Normal value,Public
datastructure,WB.DATA360:DS_DATA360(1.3),I,A,NIC,WB_WDI_SI_POV_GINI,_T,_T,_T,0_TO_100,_Z,_Z,_Z,2014,46.2,_Z,IX,2,WB_WDI,P1Y,0,A,PU,Annual,Nicaragua,Gini index,Total,All age ranges or no breakdown by age,Total,0-100 scale,Not Applicable,Not Applicable,Not Applicable,Not Applicable,Index,Two,World Development Indicators (WDI),Annual,Units,Normal value,Public
datastructure,WB.DATA360:DS_DATA360(1.3),I,A,NER,WB_WDI_SI_POV_GINI,_T,_T,_T,0_TO_100,_Z,_Z,_Z,2014,34.3,_Z,IX,2,WB_WDI,P1Y,0,A,PU,Annual,Niger,Gini index,Total,All age ranges or no breakdown by age,Total,0-100 scale,Not Applicable,Not Applicable,Not Applicable,Not Applicable,Index,Two,World Development Indicators (WDI),Annual,Units,Normal value,Public
datastructure,WB.DATA360:DS_DATA360(1.3),I,A,BLR,WB_WDI_SI_POV_GINI,_T,_T,_T,0_TO_100,_Z,_Z,_Z,2006,28.3,_Z,IX,2,WB_WDI,P1Y,0,A,PU,Annual,Belarus,Gini index,Total,All age ranges or no breakdown by age,Total,0-100 scale,Not Applicable,Not Applicable,Not Applicable,Not Applicable,Index,Two,World Development Indicators (WDI),Annual,Units,Normal value,Public
datastructure,WB.DATA360:DS_DATA360(1.3),I,A,BEL,WB_WDI_SI_POV_GINI,_T,_T,_T,0_TO_100,_Z,_Z,_Z,2006,28.1,_Z,IX,2,WB_WDI,P1Y,0,A,PU,Annual,Belgium,Gini index,Total,All age ranges or no breakdown by age,Total,0-100 scale,Not Applicable,Not Applicable,Not Applicable,Not Applicable,Index,Two,World Development Indicators (WDI),Annual,Units,Normal value,Public
datastructure,WB.DATA360:DS_DATA360(1.3),I,A,BOL,WB_WDI_SI_POV_GINI,_T,_T,_T,0_TO_100,_Z,_Z,_Z,2006,56.7,_Z,IX,2,WB_WDI,P1Y,0,A,PU,Annual,Bolivia,Gini index,Total,All age ranges or no breakdown by age,Total,0-100 scale,Not Applicable,Not Applicable,Not Applicable,Not Applicable,Index,Two,World Development Indicators (WDI),Annual,Units,Normal value,Public
datastructure,WB.DATA360:DS_DATA360(1.3),I,A,BRA,WB_WDI_SI_POV_GINI,_T,_T,_T,0_TO_100,_Z,_Z,_Z,2006,55.6,_Z,IX,2,WB_WDI,P1Y,0,A,PU,Annual,Brazil,Gini index,Total,All age ranges or no breakdown by age,Total,0-100 scale,Not Applicable,Not Applicable,Not Applicable,Not Applicable,Index,Two,World Development Indicators (WDI),Annual,Units,Normal value,Public
datastructure,WB.DATA360:DS_DATA360(1.3),I,A,NOR,WB_WDI_SI_POV_GINI,_T,_T,_T,0_TO_100,_Z,_Z,_Z,2013,26.4,_Z,IX,2,WB_WDI,P1Y,0,A,PU,Annual,Norway,Gini index,Total,All age ranges or no breakdown by age,Total,0-100 scale,Not Applicable,Not Applicable,Not Applicable,Not Applicable,Index,Two,World Development Indicators (WDI),Annual,Units,Normal value,Public
datastructure,WB.DATA360:DS_DATA360(1.3),I,A,PAK,WB_WDI_SI_POV_GINI,_T,_T,_T,0_TO_100,_Z,_Z,_Z,2013,29.5,_Z,IX,2,WB_WDI,P1Y,0,A,PU,Annual,Pakistan,Gini index,Total,All age ranges or no breakdown by age,Total,0-100 scale,Not Applicable,Not Applicable,Not Applicable,Not Applicable,Index,Two,World Development Indicators (WDI),Annual,Units,Normal value,Public
datastructure,WB.DATA360:DS_DATA360(1.3),I,A,PAN,WB_WDI_SI_POV_GINI,_T,_T,_T,0_TO_100,_Z,_Z,_Z,2013,51.5,_Z,IX,2,WB_WDI,P1Y,0,A,PU,Annual,Panama,Gini index,Total,All age ranges or no breakdown by age,Total,0-100 scale,Not Applicable,Not Applicable,Not Applicable,Not Applicable,Index,Two,World Development Indicators (WDI),Annual,Units,Normal value,Public
datastructure,WB.DATA360:DS_DATA360(1.3),I,A,PRY,WB_WDI_SI_POV_GINI,_T,_T,_T,0_TO_100,_Z,_Z,_Z,2013,47.9,_Z,IX,2,WB_WDI,P1Y,0,A,PU,Annual,Paraguay,Gini index,Total,All age ranges or no breakdown by age,Total,0-100 scale,Not Applicable,Not Applicable,Not Applicable,Not Applicable,Index,Two,World Development Indicators (WDI),Annual,Units,Normal value,Public
datastructure,WB.DATA360:DS_DATA360(1.3),I,A,PER,WB_WDI_SI_POV_GINI,_T,_T,_T,0_TO_100,_Z,_Z,_Z,2013,43.9,_Z,IX,2,WB_WDI,P1Y,0,A,PU,Annual,Peru,Gini index,Total,All age ranges or no breakdown by age,Total,0-100 scale,Not Applicable,Not Applicable,Not Applicable,Not Applicable,Index,Two,World Development Indicators (WDI),Annual,Units,Normal value,Public
datastructure,WB.DATA360:DS_DATA360(1.3),I,A,POL,WB_WDI_SI_POV_GINI,_T,_T,_T,0_TO_100,_Z,_Z,_Z,2013,33.1,_Z,IX,2,WB_WDI,P1Y,0,A,PU,Annual,Poland,Gini index,Total,All age ranges or no breakdown by age,Total,0-100 scale,Not Applicable,Not Applicable,Not Applicable,Not Applicable,Index,Two,World Development Indicators (WDI),Annual,Units,Normal value,Public
datastructure,WB.DATA360:DS_DATA360(1.3),I,A,LTU,WB_WDI_SI_POV_GINI,_T,_T,_T,0_TO_100,_Z,_Z,_Z,2013,35.3,_Z,IX,2,WB_WDI,P1Y,0,A,PU,Annual,Lithuania,Gini index,Total,All age ranges or no breakdown by age,Total,0-100 scale,Not Applicable,Not Applicable,Not Applicable,Not Applicable,Index,Two,World Development Indicators (WDI),Annual,Units,Normal value,Public
datastructure,WB.DATA360:DS_DATA360(1.3),I,A,LUX,WB_WDI_SI_POV_GINI,_T,_T,_T,0_TO_100,_Z,_Z,_Z,2013,32.0,_Z,IX,2,WB_WDI,P1Y,0,A,PU,Annual,Luxembourg,Gini index,Total,All age ranges or no breakdown by age,Total,0-100 scale,Not Applicable,Not Applicable,Not Applicable,Not Applicable,Index,Two,World Development Indicators (WDI),Annual,Units,Normal value,Public
datastructure,WB.DATA360:DS_DATA360(1.3),I,A,MYS,WB_WDI_SI_POV_GINI,_T,_T,_T,0_TO_100,_Z,_Z,_Z,2013,41.3,_Z,IX,2,WB_WDI,P1Y,0,A,PU,Annual,Malaysia,Gini index,Total,All age ranges or no breakdown by age,Total,0-100 scale,Not Applicable,Not Applicable,Not Applicable,Not Applicable,Index,Two,World Development Indicators (WDI),Annual,Units,Normal value,Public
datastructure,WB.DATA360:DS_DATA360(1.3),I,A,SRB,WB_WDI_SI_POV_GINI,_T,_T,_T,0_TO_100,_Z,_Z,_Z,2014,40.4,_Z,IX,2,WB_WDI,P1Y,0,A,PU,Annual,Serbia,Gini index,Total,All age ranges or no breakdown by age,Total,0-100 scale,Not Applicable,Not Applicable,Not Applicable,Not Applicable,Index,Two,World Development Indicators (WDI),Annual,Units,Normal value,Public
datastructure,WB.DATA360:DS_DATA360(1.3),I,A,SVK,WB_WDI_SI_POV_GINI,_T,_T,_T,0_TO_100,_Z,_Z,_Z,2014,26.1,_Z,IX,2,WB_WDI,P1Y,0,A,PU,Annual,Slovak Republic,Gini index,Total,All age ranges or no breakdown by age,Total,0-100 scale,Not Applicable,Not Applicable,Not Applicable,Not Applicable,Index,Two,World Development Indicators (WDI),Annual,Units,Normal value,Public
datastructure,WB.DATA360:DS_DATA360(1.3),I,A,SVN,WB_WDI_SI_POV_GINI,_T,_T,_T,0_TO_100,_Z,_Z,_Z,2014,25.7,_Z,IX,2,WB_WDI,P1Y,0,A,PU,Annual,Slovenia,Gini index,Total,All age ranges or no breakdown by age,Total,0-100 scale,Not Applicable,Not Applicable,Not Applicable,Not Applicable,Index,Two,World Development Indicators (WDI),Annual,Units,Normal value,Public
datastructure,WB.DATA360:DS_DATA360(1.3),I,A,ZAF,WB_WDI_SI_POV_GINI,_T,_T,_T,0_TO_100,_Z,_Z,_Z,2014,59.6,_Z,IX,2,WB_WDI,P1Y,0,A,PU,Annual,South Africa,Gini index,Total,All age ranges or no breakdown by age,Total,0-100 scale,Not Applicable,Not Applicable,Not Applicable,Not Applicable,Index,Two,World Development Indicators (WDI),Annual,Units,Normal value,Public
datastructure,WB.DATA360:DS_DATA360(1.3),I,A,BGR,WB_WDI_SI_POV_GINI,_T,_T,_T,0_TO_100,_Z,_Z,_Z,2014,37.4,_Z,IX,2,WB_WDI,P1Y,0,A,PU,Annual,Bulgaria,Gini index,Total,All age ranges or no breakdown by age,Total,0-100 scale,Not Applicable,Not Applicable,Not Applicable,Not Applicable,Index,Two,World Development Indicators (WDI),Annual,Units,Normal value,Public
datastructure,WB.DATA360:DS_DATA360(1.3),I,A,BFA,WB_WDI_SI_POV_GINI,_T,_T,_T,0_TO_100,_Z,_Z,_Z,2014,35.3,_Z,IX,2,WB_WDI,P1Y,0,A,PU,Annual,Burkina Faso,Gini index,Total,All age ranges or no breakdown by age,Total,0-100 scale,Not Applicable,Not Applicable,Not Applicable,Not Applicable,Index,Two,World Development Indicators (WDI),Annual,Units,Normal value,Public
datastructure,WB.DATA360:DS_DATA360(1.3),I,A,CMR,WB_WDI_SI_POV_GINI,_T,_T,_T,0_TO_100,_Z,_Z,_Z,2014,46.6,_Z,IX,2,WB_WDI,P1Y,0,A,PU,Annual,Cameroon,Gini index,Total,All age ranges or no breakdown by age,Total,0-100 scale,Not Applicable,Not Applicable,Not Applicable,Not Applicable,Index,Two,World Development Indicators (WDI),Annual,Units,Normal value,Public
datastructure,WB.DATA360:DS_DATA360(1.3),I,A,CAN,WB_WDI_SI_POV_GINI,_T,_T,_T,0_TO_100,_Z,_Z,_Z,2014,33.2,_Z,IX,2,WB_WDI,P1Y,0,A,PU,Annual,Canada,Gini index,Total,All age ranges or no breakdown by age,Total,0-100 scale,Not Applicable,Not Applicable,Not Applicable,Not Applicable,Index,Two,World Development Indicators (WDI),Annual,Units,Normal value,Public
datastructure,WB.DATA360:DS_DATA360(1.3),I,A,BGR,WB_WDI_SI_POV_GINI,_T,_T,_T,0_TO_100,_Z,_Z,_Z,2016,40.6,_Z,IX,2,WB_WDI,P1Y,0,A,PU,Annual,Bulgaria,Gini index,Total,All age ranges or no breakdown by age,Total,0-100 scale,Not Applicable,Not Applicable,Not Applicable,Not Applicable,Index,Two,World Development Indicators (WDI),Annual,Units,Normal value,Public
datastructure,WB.DATA360:DS_DATA360(1.3),I,A,CAN,WB_WDI_SI_POV_GINI,_T,_T,_T,0_TO_100,_Z,_Z,_Z,2016,32.7,_Z,IX,2,WB_WDI,P1Y,0,A,PU,Annual,Canada,Gini index,Total,All age ranges or no breakdown by age,Total,0-100 scale,Not Applicable,Not Applicable,Not Applicable,Not Applicable,Index,Two,World Development Indicators (WDI),Annual,Units,Normal value,Public
datastructure,WB.DATA360:DS_DATA360(1.3),I,A,IDN,WB_WDI_SI_POV_GINI,_T,_T,_T,0_TO_100,_Z,_Z,_Z,2006,31.5,_Z,IX,2,WB_WDI,P1Y,0,A,PU,Annual,Indonesia,Gini index,Total,All age ranges or no breakdown by age,Total,0-100 scale,Not Applicable,Not Applicable,Not Applicable,Not Applicable,Index,Two,World Development Indicators (WDI),Annual,Units,Normal value,Public
datastructure,WB.DATA360:DS_DATA360(1.3),I,A,IRN,WB_WDI_SI_POV_GINI,_T,_T,_T,0_TO_100,_Z,_Z,_Z,2006,44.8,_Z,IX,2,WB_WDI,P1Y,0,A,PU,Annual,"Iran, Islamic Rep.",Gini index,Total,All age ranges or no breakdown by age,Total,0-100 scale,Not Applicable,Not Applicable,Not Applicable,Not Applicable,Index,Two,World Development Indicators (WDI),Annual,Units,Normal value,Public
datastructure,WB.DATA360:DS_DATA360(1.3),I,A,IRQ,WB_WDI_SI_POV_GINI,_T,_T,_T,0_TO_100,_Z,_Z,_Z,2006,28.6,_Z,IX,2,WB_WDI,P1Y,0,A,PU,Annual,Iraq,Gini index,Total,All age ranges or no breakdown by age,Total,0-100 scale,Not Applicable,Not Applicable,Not Applicable,Not Applicable,Index,Two,World Development Indicators (WDI),Annual,Units,Normal value,Public
datastructure,WB.DATA360:DS_DATA360(1.3),I,A,IRL,WB_WDI_SI_POV_GINI,_T,_T,_T,0_TO_100,_Z,_Z,_Z,2006,32.7,_Z,IX,2,WB_WDI,P1Y,0,A,PU,Annual,Ireland,Gini index,Total,All age ranges or no breakdown by age,Total,0-100 scale,Not Applicable,Not Applicable,Not Applicable,Not Applicable,Index,Two,World Development Indicators (WDI),Annual,Units,Normal value,Public
datastructure,WB.DATA360:DS_DATA360(1.3),I,A,ISR,WB_WDI_SI_POV_GINI,_T,_T,_T,0_TO_100,_Z,_Z,_Z,2006,41.6,_Z,IX,2,WB_WDI,P1Y,0,A,PU,Annual,Israel,Gini index,Total,All age ranges or no breakdown by age,Total,0-100 scale,Not Applicable,Not Applicable,Not Applicable,Not Applicable,Index,Two,World Development Indicators (WDI),Annual,Units,Normal value,Public
datastructure,WB.DATA360:DS_DATA360(1.3),I,A,ITA,WB_WDI_SI_POV_GINI,_T,_T,_T,0_TO_100,_Z,_Z,_Z,2006,33.7,_Z,IX,2,WB_WDI,P1Y,0,A,PU,Annual,Italy,Gini index,Total,All age ranges or no breakdown by age,Total,0-100 scale,Not Applicable,Not Applicable,Not Applicable,Not Applicable,Index,Two,World Development Indicators (WDI),Annual,Units,Normal value,Public
datastructure,WB.DATA360:DS_DATA360(1.3),I,A,JOR,WB_WDI_SI_POV_GINI,_T,_T,_T,0_TO_100,_Z,_Z,_Z,2006,33.9,_Z,IX,2,WB_WDI,P1Y,0,A,PU,Annual,Jordan,Gini index,Total,All age ranges or no breakdown by age,Total,0-100 scale,Not Applicable,Not Applicable,Not Applicable,Not Applicable,Index,Two,World Development Indicators (WDI),Annual,Units,Normal value,Public
datastructure,WB.DATA360:DS_DATA360(1.3),I,A,KAZ,WB_WDI_SI_POV_GINI,_T,_T,_T,0_TO_100,_Z,_Z,_Z,2006,30.2,_Z,IX,2,WB_WDI,P1Y,0,A,PU,Annual,Kazakhstan,Gini index,Total,All age ranges or no breakdown by age,Total,0-100 scale,Not Applicable,Not Applicable,Not Applicable,Not Applicable,Index,Two,World Development Indicators (WDI),Annual,Units,Normal value,Public
datastructure,WB.DATA360:DS_DATA360(1.3),I,A,NLD,WB_WDI_SI_POV_GINI,_T,_T,_T,0_TO_100,_Z,_Z,_Z,2008,29.3,_Z,IX,2,WB_WDI,P1Y,0,A,PU,Annual,Netherlands,Gini index,Total,All age ranges or no breakdown by age,Total,0-100 scale,Not Applicable,Not Applicable,Not Applicable,Not Applicable,Index,Two,World Development Indicators (WDI),Annual,Units,Normal value,Public
datastructure,WB.DATA360:DS_DATA360(1.3),I,A,MKD,WB_WDI_SI_POV_GINI,_T,_T,_T,0_TO_100,_Z,_Z,_Z,2008,46.1,_Z,IX,2,WB_WDI,P1Y,0,A,PU,Annual,North Macedonia,Gini index,Total,All age ranges or no breakdown by age,Total,0-100 scale,Not Applicable,Not Applicable,Not Applicable,Not Applicable,Index,Two,World Development Indicators (WDI),Annual,Units,Normal value,Public
datastructure,WB.DATA360:DS_DATA360(1.3),I,A,NOR,WB_WDI_SI_POV_GINI,_T,_T,_T,0_TO_100,_Z,_Z,_Z,2008,27.0,_Z,IX,2,WB_WDI,P1Y,0,A,PU,Annual,Norway,Gini index,Total,All age ranges or no breakdown by age,Total,0-100 scale,Not Applicable,Not Applicable,Not Applicable,Not Applicable,Index,Two,World Development Indicators (WDI),Annual,Units,Normal value,Public
datastructure,WB.DATA360:DS_DATA360(1.3),I,A,MKD,WB_WDI_SI_POV_GINI,_T,_T,_T,0_TO_100,_Z,_Z,_Z,2014,35.2,_Z,IX,2,WB_WDI,P1Y,0,A,PU,Annual,North Macedonia,Gini index,Total,All age ranges or no breakdown by age,Total,0-100 scale,Not Applicable,Not Applicable,Not Applicable,Not Applicable,Index,Two,World Development Indicators (WDI),Annual,Units,Normal value,Public
datastructure,WB.DATA360:DS_DATA360(1.3),I,A,NOR,WB_WDI_SI_POV_GINI,_T,_T,_T,0_TO_100,_Z,_Z,_Z,2014,26.8,_Z,IX,2,WB_WDI,P1Y,0,A,PU,Annual,Norway,Gini index,Total,All age ranges or no breakdown by age,Total,0-100 scale,Not Applicable,Not Applicable,Not Applicable,Not Applicable,Index,Two,World Development Indicators (WDI),Annual,Units,Normal value,Public
datastructure,WB.DATA360:DS_DATA360(1.3),I,A,PAN,WB_WDI_SI_POV_GINI,_T,_T,_T,0_TO_100,_Z,_Z,_Z,2014,50.5,_Z,IX,2,WB_WDI,P1Y,0,A,PU,Annual,Panama,Gini index,Total,All age ranges or no breakdown by age,Total,0-100 scale,Not Applicable,Not Applicable,Not Applicable,Not Applicable,Index,Two,World Development Indicators (WDI),Annual,Units,Normal value,Public
datastructure,WB.DATA360:DS_DATA360(1.3),I,A,PRY,WB_WDI_SI_POV_GINI,_T,_T,_T,0_TO_100,_Z,_Z,_Z,2014,50.7,_Z,IX,2,WB_WDI,P1Y,0,A,PU,Annual,Paraguay,Gini index,Total,All age ranges or no breakdown by age,Total,0-100 scale,Not Applicable,Not Applicable,Not Applicable,Not Applicable,Index,Two,World Development Indicators (WDI),Annual,Units,Normal value,Public
datastructure,WB.DATA360:DS_DATA360(1.3),I,A,PER,WB_WDI_SI_POV_GINI,_T,_T,_T,0_TO_100,_Z,_Z,_Z,2014,43.1,_Z,IX,2,WB_WDI,P1Y,0,A,PU,Annual,Peru,Gini index,Total,All age ranges or no breakdown by age,Total,0-100 scale,Not Applicable,Not Applicable,Not Applicable,Not Applicable,Index,Two,World Development Indicators (WDI),Annual,Units,Normal value,Public
datastructure,WB.DATA360:DS_DATA360(1.3),I,A,CHN,WB_WDI_SI_POV_GINI,_T,_T,_T,0_TO_100,_Z,_Z,_Z,2019,38.2,_Z,IX,2,WB_WDI,P1Y,0,A,PU,Annual,China,Gini index,Total,All age ranges or no breakdown by age,Total,0-100 scale,Not Applicable,Not Applicable,Not Applicable,Not Applicable,Index,Two,World Development Indicators (WDI),Annual,Units,Normal value,Public
datastructure,WB.DATA360:DS_DATA360(1.3),I,A,COL,WB_WDI_SI_POV_GINI,_T,_T,_T,0_TO_100,_Z,_Z,_Z,2019,52.5,_Z,IX,2,WB_WDI,P1Y,0,A,PU,Annual,Colombia,Gini index,Total,All age ranges or no breakdown by age,Total,0-100 scale,Not Applicable,Not Applicable,Not Applicable,Not Applicable,Index,Two,World Development Indicators (WDI),Annual,Units,Normal value,Public
datastructure,WB.DATA360:DS_DATA360(1.3),I,A,CRI,WB_WDI_SI_POV_GINI,_T,_T,_T,0_TO_100,_Z,_Z,_Z,2019,48.2,_Z,IX,2,WB_WDI,P1Y,0,A,PU,Annual,Costa Rica,Gini index,Total,All age ranges or no breakdown by age,Total,0-100 scale,Not Applicable,Not Applicable,Not Applicable,Not Applicable,Index,Two,World Development Indicators (WDI),Annual,Units,Normal value,Public
datastructure,WB.DATA360:DS_DATA360(1.3),I,A,HRV,WB_WDI_SI_POV_GINI,_T,_T,_T,0_TO_100,_Z,_Z,_Z,2019,28.9,_Z,IX,2,WB_WDI,P1Y,0,A,PU,Annual,Croatia,Gini index,Total,All age ranges or no breakdown by age,Total,0-100 scale,Not Applicable,Not Applicable,Not Applicable,Not Applicable,Index,Two,World Development Indicators (WDI),Annual,Units,Normal value,Public
datastructure,WB.DATA360:DS_DATA360(1.3),I,A,HND,WB_WDI_SI_POV_GINI,_T,_T,_T,0_TO_100,_Z,_Z,_Z,1999,55.2,_Z,IX,2,WB_WDI,P1Y,0,A,PU,Annual,Honduras,Gini index,Total,All age ranges or no breakdown by age,Total,0-100 scale,Not Applicable,Not Applicable,Not Applicable,Not Applicable,Index,Two,World Development Indicators (WDI),Annual,Units,Normal value,Public
datastructure,WB.DATA360:DS_DATA360(1.3),I,A,HUN,WB_WDI_SI_POV_GINI,_T,_T,_T,0_TO_100,_Z,_Z,_Z,1999,30.2,_Z,IX,2,WB_WDI,P1Y,0,A,PU,Annual,Hungary,Gini index,Total,All age ranges or no breakdown by age,Total,0-100 scale,Not Applicable,Not Applicable,Not Applicable,Not Applicable,Index,Two,World Development Indicators (WDI),Annual,Units,Normal value,Public
datastructure,WB.DATA360:DS_DATA360(1.3),I,A,IDN,WB_WDI_SI_POV_GINI,_T,_T,_T,0_TO_100,_Z,_Z,_Z,1999,30.8,_Z,IX,2,WB_WDI,P1Y,0,A,PU,Annual,Indonesia,Gini index,Total,All age ranges or no breakdown by age,Total,0-100 scale,Not Applicable,Not Applicable,Not Applicable,Not Applicable,Index,Two,World Development Indicators (WDI),Annual,Units,Normal value,Public
datastructure,WB.DATA360:DS_DATA360(1.3),I,A,KAZ,WB_WDI_SI_POV_GINI,_T,_T,_T,0_TO_100,_Z,_Z,_Z,2009,28.2,_Z,IX,2,WB_WDI,P1Y,0,A,PU,Annual,Kazakhstan,Gini index,Total,All age ranges or no breakdown by age,Total,0-100 scale,Not Applicable,Not Applicable,Not Applicable,Not Applicable,Index,Two,World Development Indicators (WDI),Annual,Units,Normal value,Public
datastructure,WB.DATA360:DS_DATA360(1.3),I,A,XKX,WB_WDI_SI_POV_GINI,_T,_T,_T,0_TO_100,_Z,_Z,_Z,2009,31.8,_Z,IX,2,WB_WDI,P1Y,0,A,PU,Annual,Kosovo,Gini index,Total,All age ranges or no breakdown by age,Total,0-100 scale,Not Applicable,Not Applicable,Not Applicable,Not Applicable,Index,Two,World Development Indicators (WDI),Annual,Units,Normal value,Public
datastructure,WB.DATA360:DS_DATA360(1.3),I,A,KGZ,WB_WDI_SI_POV_GINI,_T,_T,_T,0_TO_100,_Z,_Z,_Z,2009,29.9,_Z,IX,2,WB_WDI,P1Y,0,A,PU,Annual,Kyrgyz Republic,Gini index,Total,All age ranges or no breakdown by age,Total,0-100 scale,Not Applicable,Not Applicable,Not Applicable,Not Applicable,Index,Two,World Development Indicators (WDI),Annual,Units,Normal value,Public
datastructure,WB.DATA360:DS_DATA360(1.3),I,A,LVA,WB_WDI_SI_POV_GINI,_T,_T,_T,0_TO_100,_Z,_Z,_Z,2009,35.9,_Z,IX,2,WB_WDI,P1Y,0,A,PU,Annual,Latvia,Gini index,Total,All age ranges or no breakdown by age,Total,0-100 scale,Not Applicable,Not Applicable,Not Applicable,Not Applicable,Index,Two,World Development Indicators (WDI),Annual,Units,Normal value,Public
datastructure,WB.DATA360:DS_DATA360(1.3),I,A,CAN,WB_WDI_SI_POV_GINI,_T,_T,_T,0_TO_100,_Z,_Z,_Z,2004,33.8,_Z,IX,2,WB_WDI,P1Y,0,A,PU,Annual,Canada,Gini index,Total,All age ranges or no breakdown by age,Total,0-100 scale,Not Applicable,Not Applicable,Not Applicable,Not Applicable,Index,Two,World Development Indicators (WDI),Annual,Units,Normal value,Public
datastructure,WB.DATA360:DS_DATA360(1.3),I,A,ARG,WB_WDI_SI_POV_GINI,_T,_T,_T,0_TO_100,_Z,_Z,_Z,2013,41.1,_Z,IX,2,WB_WDI,P1Y,0,A,PU,Annual,Argentina,Gini index,Total,All age ranges or no breakdown by age,Total,0-100 scale,Not Applicable,Not Applicable,Not Applicable,Not Applicable,Index,Two,World Development Indicators (WDI),Annual,Units,Normal value,Public
datastructure,WB.DATA360:DS_DATA360(1.3),I,A,ARM,WB_WDI_SI_POV_GINI,_T,_T,_T,0_TO_100,_Z,_Z,_Z,2013,30.6,_Z,IX,2,WB_WDI,P1Y,0,A,PU,Annual,Armenia,Gini index,Total,All age ranges or no breakdown by age,Total,0-100 scale,Not Applicable,Not Applicable,Not Applicable,Not Applicable,Index,Two,World Development Indicators (WDI),Annual,Units,Normal value,Public
datastructure,WB.DATA360:DS_DATA360(1.3),I,A,AUT,WB_WDI_SI_POV_GINI,_T,_T,_T,0_TO_100,_Z,_Z,_Z,2013,30.8,_Z,IX,2,WB_WDI,P1Y,0,A,PU,Annual,Austria,Gini index,Total,All age ranges or no breakdown by age,Total,0-100 scale,Not Applicable,Not Applicable,Not Applicable,Not Applicable,Index,Two,World Development Indicators (WDI),Annual,Units,Normal value,Public
datastructure,WB.DATA360:DS_DATA360(1.3),I,A,HUN,WB_WDI_SI_POV_GINI,_T,_T,_T,0_TO_100,_Z,_Z,_Z,2008,27.5,_Z,IX,2,WB_WDI,P1Y,0,A,PU,Annual,Hungary,Gini index,Total,All age ranges or no breakdown by age,Total,0-100 scale,Not Applicable,Not Applicable,Not Applicable,Not Applicable,Index,Two,World Development Indicators (WDI),Annual,Units,Normal value,Public
datastructure,WB.DATA360:DS_DATA360(1.3),I,A,ISL,WB_WDI_SI_POV_GINI,_T,_T,_T,0_TO_100,_Z,_Z,_Z,2008,31.8,_Z,IX,2,WB_WDI,P1Y,0,A,PU,Annual,Iceland,Gini index,Total,All age ranges or no breakdown by age,Total,0-100 scale,Not Applicable,Not Applicable,Not Applicable,Not Applicable,Index,Two,World Development Indicators (WDI),Annual,Units,Normal value,Public
datastructure,WB.DATA360:DS_DATA360(1.3),I,A,IDN,WB_WDI_SI_POV_GINI,_T,_T,_T,0_TO_100,_Z,_Z,_Z,2008,32.6,_Z,IX,2,WB_WDI,P1Y,0,A,PU,Annual,Indonesia,Gini index,Total,All age ranges or no breakdown by age,Total,0-100 scale,Not Applicable,Not Applicable,Not Applicable,Not Applicable,Index,Two,World Development Indicators (WDI),Annual,Units,Normal value,Public
datastructure,WB.DATA360:DS_DATA360(1.3),I,A,IRL,WB_WDI_SI_POV_GINI,_T,_T,_T,0_TO_100,_Z,_Z,_Z,2008,30.9,_Z,IX,2,WB_WDI,P1Y,0,A,PU,Annual,Ireland,Gini index,Total,All age ranges or no breakdown by age,Total,0-100 scale,Not Applicable,Not Applicable,Not Applicable,Not Applicable,Index,Two,World Development Indicators (WDI),Annual,Units,Normal value,Public
datastructure,WB.DATA360:DS_DATA360(1.3),I,A,ISR,WB_WDI_SI_POV_GINI,_T,_T,_T,0_TO_100,_Z,_Z,_Z,2008,41.6,_Z,IX,2,WB_WDI,P1Y,0,A,PU,Annual,Israel,Gini index,Total,All age ranges or no breakdown by age,Total,0-100 scale,Not Applicable,Not Applicable,Not Applicable,Not Applicable,Index,Two,World Development Indicators (WDI),Annual,Units,Normal value,Public
datastructure,WB.DATA360:DS_DATA360(1.3),I,A,ITA,WB_WDI_SI_POV_GINI,_T,_T,_T,0_TO_100,_Z,_Z,_Z,2008,33.8,_Z,IX,2,WB_WDI,P1Y,0,A,PU,Annual,Italy,Gini index,Total,All age ranges or no breakdown by age,Total,0-100 scale,Not Applicable,Not Applicable,Not Applicable,Not Applicable,Index,Two,World Development Indicators (WDI),Annual,Units,Normal value,Public
datastructure,WB.DATA360:DS_DATA360(1.3),I,A,ZMB,WB_WDI_SI_POV_GINI,_T,_T,_T,0_TO_100,_Z,_Z,_Z,1991,59.4,_Z,IX,2,WB_WDI,P1Y,0,A,PU,Annual,Zambia,Gini index,Total,All age ranges or no breakdown by age,Total,0-100 scale,Not Applicable,Not Applicable,Not Applicable,Not Applicable,Index,Two,World Development Indicators (WDI),Annual,Units,Normal value,Public
datastructure,WB.DATA360:DS_DATA360(1.3),I,A,EST,WB_WDI_SI_POV_GINI,_T,_T,_T,0_TO_100,_Z,_Z,_Z,2014,34.6,_Z,IX,2,WB_WDI,P1Y,0,A,PU,Annual,Estonia,Gini index,Total,All age ranges or no breakdown by age,Total,0-100 scale,Not Applicable,Not Applicable,Not Applicable,Not Applicable,Index,Two,World Development Indicators (WDI),Annual,Units,Normal value,Public
datastructure,WB.DATA360:DS_DATA360(1.3),I,A,FIN,WB_WDI_SI_POV_GINI,_T,_T,_T,0_TO_100,_Z,_Z,_Z,2014,26.8,_Z,IX,2,WB_WDI,P1Y,0,A,PU,Annual,Finland,Gini index,Total,All age ranges or no breakdown by age,Total,0-100 scale,Not Applicable,Not Applicable,Not Applicable,Not Applicable,Index,Two,World Development Indicators (WDI),Annual,Units,Normal value,Public
datastructure,WB.DATA360:DS_DATA360(1.3),I,A,FRA,WB_WDI_SI_POV_GINI,_T,_T,_T,0_TO_100,_Z,_Z,_Z,2014,32.3,_Z,IX,2,WB_WDI,P1Y,0,A,PU,Annual,France,Gini index,Total,All age ranges or no breakdown by age,Total,0-100 scale,Not Applicable,Not Applicable,Not Applicable,Not Applicable,Index,Two,World Development Indicators (WDI),Annual,Units,Normal value,Public
datastructure,WB.DATA360:DS_DATA360(1.3),I,A,GEO,WB_WDI_SI_POV_GINI,_T,_T,_T,0_TO_100,_Z,_Z,_Z,2014,37.6,_Z,IX,2,WB_WDI,P1Y,0,A,PU,Annual,Georgia,Gini index,Total,All age ranges or no breakdown by age,Total,0-100 scale,Not Applicable,Not Applicable,Not Applicable,Not Applicable,Index,Two,World Development Indicators (WDI),Annual,Units,Normal value,Public
datastructure,WB.DATA360:DS_DATA360(1.3),I,A,DEU,WB_WDI_SI_POV_GINI,_T,_T,_T,0_TO_100,_Z,_Z,_Z,2014,30.8,_Z,IX,2,WB_WDI,P1Y,0,A,PU,Annual,Germany,Gini index,Total,All age ranges or no breakdown by age,Total,0-100 scale,Not Applicable,Not Applicable,Not Applicable,Not Applicable,Index,Two,World Development Indicators (WDI),Annual,Units,Normal value,Public
datastructure,WB.DATA360:DS_DATA360(1.3),I,A,MDA,WB_WDI_SI_POV_GINI,_T,_T,_T,0_TO_100,_Z,_Z,_Z,1999,42.6,_Z,IX,2,WB_WDI,P1Y,0,A,PU,Annual,Moldova,Gini index,Total,All age ranges or no breakdown by age,Total,0-100 scale,Not Applicable,Not Applicable,Not Applicable,Not Applicable,Index,Two,World Development Indicators (WDI),Annual,Units,Normal value,Public
datastructure,WB.DATA360:DS_DATA360(1.3),I,A,NLD,WB_WDI_SI_POV_GINI,_T,_T,_T,0_TO_100,_Z,_Z,_Z,1999,28.1,_Z,IX,2,WB_WDI,P1Y,0,A,PU,Annual,Netherlands,Gini index,Total,All age ranges or no breakdown by age,Total,0-100 scale,Not Applicable,Not Applicable,Not Applicable,Not Applicable,Index,Two,World Development Indicators (WDI),Annual,Units,Normal value,Public
datastructure,WB.DATA360:DS_DATA360(1.3),I,A,CAN,WB_WDI_SI_POV_GINI,_T,_T,_T,0_TO_100,_Z,_Z,_Z,2015,33.7,_Z,IX,2,WB_WDI,P1Y,0,A,PU,Annual,Canada,Gini index,Total,All age ranges or no breakdown by age,Total,0-100 scale,Not Applicable,Not Applicable,Not Applicable,Not Applicable,Index,Two,World Development Indicators (WDI),Annual,Units,Normal value,Public
datastructure,WB.DATA360:DS_DATA360(1.3),I,A,CHL,WB_WDI_SI_POV_GINI,_T,_T,_T,0_TO_100,_Z,_Z,_Z,2015,45.3,_Z,IX,2,WB_WDI,P1Y,0,A,PU,Annual,Chile,Gini index,Total,All age ranges or no breakdown by age,Total,0-100 scale,Not Applicable,Not Applicable,Not Applicable,Not Applicable,Index,Two,World Development Indicators (WDI),Annual,Units,Normal value,Public
datastructure,WB.DATA360:DS_DATA360(1.3),I,A,CHN,WB_WDI_SI_POV_GINI,_T,_T,_T,0_TO_100,_Z,_Z,_Z,2015,38.6,_Z,IX,2,WB_WDI,P1Y,0,A,PU,Annual,China,Gini index,Total,All age ranges or no breakdown by age,Total,0-100 scale,Not Applicable,Not Applicable,Not Applicable,Not Applicable,Index,Two,World Development Indicators (WDI),Annual,Units,Normal value,Public
datastructure,WB.DATA360:DS_DATA360(1.3),I,A,COL,WB_WDI_SI_POV_GINI,_T,_T,_T,0_TO_100,_Z,_Z,_Z,2015,52.0,_Z,IX,2,WB_WDI,P1Y,0,A,PU,Annual,Colombia,Gini index,Total,All age ranges or no breakdown by age,Total,0-100 scale,Not Applicable,Not Applicable,Not Applicable,Not Applicable,Index,Two,World Development Indicators (WDI),Annual,Units,Normal value,Public
datastructure,WB.DATA360:DS_DATA360(1.3),I,A,BDI,WB_WDI_SI_POV_GINI,_T,_T,_T,0_TO_100,_Z,_Z,_Z,2020,37.5,_Z,IX,2,WB_WDI,P1Y,0,A,PU,Annual,Burundi,Gini index,Total,All age ranges or no breakdown by age,Total,0-100 scale,Not Applicable,Not Applicable,Not Applicable,Not Applicable,Index,Two,World Development Indicators (WDI),Annual,Units,Normal value,Public
datastructure,WB.DATA360:DS_DATA360(1.3),I,A,CAN,WB_WDI_SI_POV_GINI,_T,_T,_T,0_TO_100,_Z,_Z,_Z,2020,29.9,_Z,IX,2,WB_WDI,P1Y,0,A,PU,Annual,Canada,Gini index,Total,All age ranges or no breakdown by age,Total,0-100 scale,Not Applicable,Not Applicable,Not Applicable,Not Applicable,Index,Two,World Development Indicators (WDI),Annual,Units,Normal value,Public
datastructure,WB.DATA360:DS_DATA360(1.3),I,A,CHL,WB_WDI_SI_POV_GINI,_T,_T,_T,0_TO_100,_Z,_Z,_Z,2020,47.0,_Z,IX,2,WB_WDI,P1Y,0,A,PU,Annual,Chile,Gini index,Total,All age ranges or no breakdown by age,Total,0-100 scale,Not Applicable,Not Applicable,Not Applicable,Not Applicable,Index,Two,World Development Indicators (WDI),Annual,Units,Normal value,Public
datastructure,WB.DATA360:DS_DATA360(1.3),I,A,CHN,WB_WDI_SI_POV_GINI,_T,_T,_T,0_TO_100,_Z,_Z,_Z,2020,37.1,_Z,IX,2,WB_WDI,P1Y,0,A,PU,Annual,China,Gini index,Total,All age ranges or no breakdown by age,Total,0-100 scale,Not Applicable,Not Applicable,Not Applicable,Not Applicable,Index,Two,World Development Indicators (WDI),Annual,Units,Normal value,Public
datastructure,WB.DATA360:DS_DATA360(1.3),I,A,COL,WB_WDI_SI_POV_GINI,_T,_T,_T,0_TO_100,_Z,_Z,_Z,2020,54.4,_Z,IX,2,WB_WDI,P1Y,0,A,PU,Annual,Colombia,Gini index,Total,All age ranges or no breakdown by age,Total,0-100 scale,Not Applicable,Not Applicable,Not Applicable,Not Applicable,Index,Two,World Development Indicators (WDI),Annual,Units,Normal value,Public
datastructure,WB.DATA360:DS_DATA360(1.3),I,A,ALB,WB_WDI_SI_POV_GINI,_T,_T,_T,0_TO_100,_Z,_Z,_Z,2012,29.0,_Z,IX,2,WB_WDI,P1Y,0,A,PU,Annual,Albania,Gini index,Total,All age ranges or no breakdown by age,Total,0-100 scale,Not Applicable,Not Applicable,Not Applicable,Not Applicable,Index,Two,World Development Indicators (WDI),Annual,Units,Normal value,Public
datastructure,WB.DATA360:DS_DATA360(1.3),I,A,ARG,WB_WDI_SI_POV_GINI,_T,_T,_T,0_TO_100,_Z,_Z,_Z,2012,41.4,_Z,IX,2,WB_WDI,P1Y,0,A,PU,Annual,Argentina,Gini index,Total,All age ranges or no breakdown by age,Total,0-100 scale,Not Applicable,Not Applicable,Not Applicable,Not Applicable,Index,Two,World Development Indicators (WDI),Annual,Units,Normal value,Public
datastructure,WB.DATA360:DS_DATA360(1.3),I,A,ARM,WB_WDI_SI_POV_GINI,_T,_T,_T,0_TO_100,_Z,_Z,_Z,2012,29.6,_Z,IX,2,WB_WDI,P1Y,0,A,PU,Annual,Armenia,Gini index,Total,All age ranges or no breakdown by age,Total,0-100 scale,Not Applicable,Not Applicable,Not Applicable,Not Applicable,Index,Two,World Development Indicators (WDI),Annual,Units,Normal value,Public
datastructure,WB.DATA360:DS_DATA360(1.3),I,A,AUT,WB_WDI_SI_POV_GINI,_T,_T,_T,0_TO_100,_Z,_Z,_Z,2012,30.5,_Z,IX,2,WB_WDI,P1Y,0,A,PU,Annual,Austria,Gini index,Total,All age ranges or no breakdown by age,Total,0-100 scale,Not Applicable,Not Applicable,Not Applicable,Not Applicable,Index,Two,World Development Indicators (WDI),Annual,Units,Normal value,Public
datastructure,WB.DATA360:DS_DATA360(1.3),I,A,HND,WB_WDI_SI_POV_GINI,_T,_T,_T,0_TO_100,_Z,_Z,_Z,2004,58.1,_Z,IX,2,WB_WDI,P1Y,0,A,PU,Annual,Honduras,Gini index,Total,All age ranges or no breakdown by age,Total,0-100 scale,Not Applicable,Not Applicable,Not Applicable,Not Applicable,Index,Two,World Development Indicators (WDI),Annual,Units,Normal value,Public
datastructure,WB.DATA360:DS_DATA360(1.3),I,A,HUN,WB_WDI_SI_POV_GINI,_T,_T,_T,0_TO_100,_Z,_Z,_Z,2004,29.9,_Z,IX,2,WB_WDI,P1Y,0,A,PU,Annual,Hungary,Gini index,Total,All age ranges or no breakdown by age,Total,0-100 scale,Not Applicable,Not Applicable,Not Applicable,Not Applicable,Index,Two,World Development Indicators (WDI),Annual,Units,Normal value,Public
datastructure,WB.DATA360:DS_DATA360(1.3),I,A,ISL,WB_WDI_SI_POV_GINI,_T,_T,_T,0_TO_100,_Z,_Z,_Z,2004,28.0,_Z,IX,2,WB_WDI,P1Y,0,A,PU,Annual,Iceland,Gini index,Total,All age ranges or no breakdown by age,Total,0-100 scale,Not Applicable,Not Applicable,Not Applicable,Not Applicable,Index,Two,World Development Indicators (WDI),Annual,Units,Normal value,Public
datastructure,WB.DATA360:DS_DATA360(1.3),I,A,IND,WB_WDI_SI_POV_GINI,_T,_T,_T,0_TO_100,_Z,_Z,_Z,2004,27.7,_Z,IX,2,WB_WDI,P1Y,0,A,PU,Annual,India,Gini index,Total,All age ranges or no breakdown by age,Total,0-100 scale,Not Applicable,Not Applicable,Not Applicable,Not Applicable,Index,Two,World Development Indicators (WDI),Annual,Units,Normal value,Public
datastructure,WB.DATA360:DS_DATA360(1.3),I,A,IDN,WB_WDI_SI_POV_GINI,_T,_T,_T,0_TO_100,_Z,_Z,_Z,2004,30.4,_Z,IX,2,WB_WDI,P1Y,0,A,PU,Annual,Indonesia,Gini index,Total,All age ranges or no breakdown by age,Total,0-100 scale,Not Applicable,Not Applicable,Not Applicable,Not Applicable,Index,Two,World Development Indicators (WDI),Annual,Units,Normal value,Public
datastructure,WB.DATA360:DS_DATA360(1.3),I,A,IRL,WB_WDI_SI_POV_GINI,_T,_T,_T,0_TO_100,_Z,_Z,_Z,2004,33.6,_Z,IX,2,WB_WDI,P1Y,0,A,PU,Annual,Ireland,Gini index,Total,All age ranges or no breakdown by age,Total,0-100 scale,Not Applicable,Not Applicable,Not Applicable,Not Applicable,Index,Two,World Development Indicators (WDI),Annual,Units,Normal value,Public
datastructure,WB.DATA360:DS_DATA360(1.3),I,A,THA,WB_WDI_SI_POV_GINI,_T,_T,_T,0_TO_100,_Z,_Z,_Z,1999,43.1,_Z,IX,2,WB_WDI,P1Y,0,A,PU,Annual,Thailand,Gini index,Total,All age ranges or no breakdown by age,Total,0-100 scale,Not Applicable,Not Applicable,Not Applicable,Not Applicable,Index,Two,World Development Indicators (WDI),Annual,Units,Normal value,Public
datastructure,WB.DATA360:DS_DATA360(1.3),I,A,UGA,WB_WDI_SI_POV_GINI,_T,_T,_T,0_TO_100,_Z,_Z,_Z,1999,43.0,_Z,IX,2,WB_WDI,P1Y,0,A,PU,Annual,Uganda,Gini index,Total,All age ranges or no breakdown by age,Total,0-100 scale,Not Applicable,Not Applicable,Not Applicable,Not Applicable,Index,Two,World Development Indicators (WDI),Annual,Units,Normal value,Public
datastructure,WB.DATA360:DS_DATA360(1.3),I,A,UKR,WB_WDI_SI_POV_GINI,_T,_T,_T,0_TO_100,_Z,_Z,_Z,1999,28.9,_Z,IX,2,WB_WDI,P1Y,0,A,PU,Annual,Ukraine,Gini index,Total,All age ranges or no breakdown by age,Total,0-100 scale,Not Applicable,Not Applicable,Not Applicable,Not Applicable,Index,Two,World Development Indicators (WDI),Annual,Units,Normal value,Public
datastructure,WB.DATA360:DS_DATA360(1.3),I,A,GBR,WB_WDI_SI_POV_GINI,_T,_T,_T,0_TO_100,_Z,_Z,_Z,1999,36.8,_Z,IX,2,WB_WDI,P1Y,0,A,PU,Annual,United Kingdom,Gini index,Total,All age ranges or no breakdown by age,Total,0-100 scale,Not Applicable,Not Applicable,Not Applicable,Not Applicable,Index,Two,World Development Indicators (WDI),Annual,Units,Normal value,Public
datastructure,WB.DATA360:DS_DATA360(1.3),I,A,USA,WB_WDI_SI_POV_GINI,_T,_T,_T,0_TO_100,_Z,_Z,_Z,1999,40.0,_Z,IX,2,WB_WDI,P1Y,0,A,PU,Annual,United States,Gini index,Total,All age ranges or no breakdown by age,Total,0-100 scale,Not Applicable,Not Applicable,Not Applicable,Not Applicable,Index,Two,World Development Indicators (WDI),Annual,Units,Normal value,Public
datastructure,WB.DATA360:DS_DATA360(1.3),I,A,SWE,WB_WDI_SI_POV_GINI,_T,_T,_T,0_TO_100,_Z,_Z,_Z,2005,26.8,_Z,IX,2,WB_WDI,P1Y,0,A,PU,Annual,Sweden,Gini index,Total,All age ranges or no breakdown by age,Total,0-100 scale,Not Applicable,Not Applicable,Not Applicable,Not Applicable,Index,Two,World Development Indicators (WDI),Annual,Units,Normal value,Public
datastructure,WB.DATA360:DS_DATA360(1.3),I,A,TUN,WB_WDI_SI_POV_GINI,_T,_T,_T,0_TO_100,_Z,_Z,_Z,2005,37.7,_Z,IX,2,WB_WDI,P1Y,0,A,PU,Annual,Tunisia,Gini index,Total,All age ranges or no breakdown by age,Total,0-100 scale,Not Applicable,Not Applicable,Not Applicable,Not Applicable,Index,Two,World Development Indicators (WDI),Annual,Units,Normal value,Public
datastructure,WB.DATA360:DS_DATA360(1.3),I,A,TUR,WB_WDI_SI_POV_GINI,_T,_T,_T,0_TO_100,_Z,_Z,_Z,2005,42.6,_Z,IX,2,WB_WDI,P1Y,0,A,PU,Annual,Türkiye,Gini index,Total,All age ranges or no breakdown by age,Total,0-100 scale,Not Applicable,Not Applicable,Not Applicable,Not Applicable,Index,Two,World Development Indicators (WDI),Annual,Units,Normal value,Public
datastructure,WB.DATA360:DS_DATA360(1.3),I,A,IRL,WB_WDI_SI_POV_GINI,_T,_T,_T,0_TO_100,_Z,_Z,_Z,2010,32.3,_Z,IX,2,WB_WDI,P1Y,0,A,PU,Annual,Ireland,Gini index,Total,All age ranges or no breakdown by age,Total,0-100 scale,Not Applicable,Not Applicable,Not Applicable,Not Applicable,Index,Two,World Development Indicators (WDI),Annual,Units,Normal value,Public
datastructure,WB.DATA360:DS_DATA360(1.3),I,A,ISR,WB_WDI_SI_POV_GINI,_T,_T,_T,0_TO_100,_Z,_Z,_Z,2010,42.6,_Z,IX,2,WB_WDI,P1Y,0,A,PU,Annual,Israel,Gini index,Total,All age ranges or no breakdown by age,Total,0-100 scale,Not Applicable,Not Applicable,Not Applicable,Not Applicable,Index,Two,World Development Indicators (WDI),Annual,Units,Normal value,Public
datastructure,WB.DATA360:DS_DATA360(1.3),I,A,ITA,WB_WDI_SI_POV_GINI,_T,_T,_T,0_TO_100,_Z,_Z,_Z,2010,34.7,_Z,IX,2,WB_WDI,P1Y,0,A,PU,Annual,Italy,Gini index,Total,All age ranges or no breakdown by age,Total,0-100 scale,Not Applicable,Not Applicable,Not Applicable,Not Applicable,Index,Two,World Development Indicators (WDI),Annual,Units,Normal value,Public
datastructure,WB.DATA360:DS_DATA360(1.3),I,A,JPN,WB_WDI_SI_POV_GINI,_T,_T,_T,0_TO_100,_Z,_Z,_Z,2010,31.5,_Z,IX,2,WB_WDI,P1Y,0,A,PU,Annual,Japan,Gini index,Total,All age ranges or no breakdown by age,Total,0-100 scale,Not Applicable,Not Applicable,Not Applicable,Not Applicable,Index,Two,World Development Indicators (WDI),Annual,Units,Normal value,Public
datastructure,WB.DATA360:DS_DATA360(1.3),I,A,JOR,WB_WDI_SI_POV_GINI,_T,_T,_T,0_TO_100,_Z,_Z,_Z,2010,33.7,_Z,IX,2,WB_WDI,P1Y,0,A,PU,Annual,Jordan,Gini index,Total,All age ranges or no breakdown by age,Total,0-100 scale,Not Applicable,Not Applicable,Not Applicable,Not Applicable,Index,Two,World Development Indicators (WDI),Annual,Units,Normal value,Public
datastructure,WB.DATA360:DS_DATA360(1.3),I,A,KAZ,WB_WDI_SI_POV_GINI,_T,_T,_T,0_TO_100,_Z,_Z,_Z,2010,28.0,_Z,IX,2,WB_WDI,P1Y,0,A,PU,Annual,Kazakhstan,Gini index,Total,All age ranges or no breakdown by age,Total,0-100 scale,Not Applicable,Not Applicable,Not Applicable,Not Applicable,Index,Two,World Development Indicators (WDI),Annual,Units,Normal value,Public
datastructure,WB.DATA360:DS_DATA360(1.3),I,A,CRI,WB_WDI_SI_POV_GINI,_T,_T,_T,0_TO_100,_Z,_Z,_Z,2006,49.3,_Z,IX,2,WB_WDI,P1Y,0,A,PU,Annual,Costa Rica,Gini index,Total,All age ranges or no breakdown by age,Total,0-100 scale,Not Applicable,Not Applicable,Not Applicable,Not Applicable,Index,Two,World Development Indicators (WDI),Annual,Units,Normal value,Public
datastructure,WB.DATA360:DS_DATA360(1.3),I,A,CYP,WB_WDI_SI_POV_GINI,_T,_T,_T,0_TO_100,_Z,_Z,_Z,2006,31.1,_Z,IX,2,WB_WDI,P1Y,0,A,PU,Annual,Cyprus,Gini index,Total,All age ranges or no breakdown by age,Total,0-100 scale,Not Applicable,Not Applicable,Not Applicable,Not Applicable,Index,Two,World Development Indicators (WDI),Annual,Units,Normal value,Public
datastructure,WB.DATA360:DS_DATA360(1.3),I,A,CZE,WB_WDI_SI_POV_GINI,_T,_T,_T,0_TO_100,_Z,_Z,_Z,2006,26.7,_Z,IX,2,WB_WDI,P1Y,0,A,PU,Annual,Czechia,Gini index,Total,All age ranges or no breakdown by age,Total,0-100 scale,Not Applicable,Not Applicable,Not Applicable,Not Applicable,Index,Two,World Development Indicators (WDI),Annual,Units,Normal value,Public
datastructure,WB.DATA360:DS_DATA360(1.3),I,A,BLR,WB_WDI_SI_POV_GINI,_T,_T,_T,0_TO_100,_Z,_Z,_Z,2017,25.4,_Z,IX,2,WB_WDI,P1Y,0,A,PU,Annual,Belarus,Gini index,Total,All age ranges or no breakdown by age,Total,0-100 scale,Not Applicable,Not Applicable,Not Applicable,Not Applicable,Index,Two,World Development Indicators (WDI),Annual,Units,Normal value,Public
datastructure,WB.DATA360:DS_DATA360(1.3),I,A,BEL,WB_WDI_SI_POV_GINI,_T,_T,_T,0_TO_100,_Z,_Z,_Z,2017,27.4,_Z,IX,2,WB_WDI,P1Y,0,A,PU,Annual,Belgium,Gini index,Total,All age ranges or no breakdown by age,Total,0-100 scale,Not Applicable,Not Applicable,Not Applicable,Not Applicable,Index,Two,World Development Indicators (WDI),Annual,Units,Normal value,Public
datastructure,WB.DATA360:DS_DATA360(1.3),I,A,BTN,WB_WDI_SI_POV_GINI,_T,_T,_T,0_TO_100,_Z,_Z,_Z,2017,37.4,_Z,IX,2,WB_WDI,P1Y,0,A,PU,Annual,Bhutan,Gini index,Total,All age ranges or no breakdown by age,Total,0-100 scale,Not Applicable,Not Applicable,Not Applicable,Not Applicable,Index,Two,World Development Indicators (WDI),Annual,Units,Normal value,Public
datastructure,WB.DATA360:DS_DATA360(1.3),I,A,BOL,WB_WDI_SI_POV_GINI,_T,_T,_T,0_TO_100,_Z,_Z,_Z,2017,44.6,_Z,IX,2,WB_WDI,P1Y,0,A,PU,Annual,Bolivia,Gini index,Total,All age ranges or no breakdown by age,Total,0-100 scale,Not Applicable,Not Applicable,Not Applicable,Not Applicable,Index,Two,World Development Indicators (WDI),Annual,Units,Normal value,Public
datastructure,WB.DATA360:DS_DATA360(1.3),I,A,THA,WB_WDI_SI_POV_GINI,_T,_T,_T,0_TO_100,_Z,_Z,_Z,2016,36.7,_Z,IX,2,WB_WDI,P1Y,0,A,PU,Annual,Thailand,Gini index,Total,All age ranges or no breakdown by age,Total,0-100 scale,Not Applicable,Not Applicable,Not Applicable,Not Applicable,Index,Two,World Development Indicators (WDI),Annual,Units,Normal value,Public
datastructure,WB.DATA360:DS_DATA360(1.3),I,A,TUR,WB_WDI_SI_POV_GINI,_T,_T,_T,0_TO_100,_Z,_Z,_Z,2016,41.9,_Z,IX,2,WB_WDI,P1Y,0,A,PU,Annual,Türkiye,Gini index,Total,All age ranges or no breakdown by age,Total,0-100 scale,Not Applicable,Not Applicable,Not Applicable,Not Applicable,Index,Two,World Development Indicators (WDI),Annual,Units,Normal value,Public
datastructure,WB.DATA360:DS_DATA360(1.3),I,A,UGA,WB_WDI_SI_POV_GINI,_T,_T,_T,0_TO_100,_Z,_Z,_Z,2016,42.8,_Z,IX,2,WB_WDI,P1Y,0,A,PU,Annual,Uganda,Gini index,Total,All age ranges or no breakdown by age,Total,0-100 scale,Not Applicable,Not Applicable,Not Applicable,Not Applicable,Index,Two,World Development Indicators (WDI),Annual,Units,Normal value,Public
datastructure,WB.DATA360:DS_DATA360(1.3),I,A,UKR,WB_WDI_SI_POV_GINI,_T,_T,_T,0_TO_100,_Z,_Z,_Z,2016,25.0,_Z,IX,2,WB_WDI,P1Y,0,A,PU,Annual,Ukraine,Gini index,Total,All age ranges or no breakdown by age,Total,0-100 scale,Not Applicable,Not Applicable,Not Applicable,Not Applicable,Index,Two,World Development Indicators (WDI),Annual,Units,Normal value,Public
datastructure,WB.DATA360:DS_DATA360(1.3),I,A,SRB,WB_WDI_SI_POV_GINI,_T,_T,_T,0_TO_100,_Z,_Z,_Z,2016,38.8,_Z,IX,2,WB_WDI,P1Y,0,A,PU,Annual,Serbia,Gini index,Total,All age ranges or no breakdown by age,Total,0-100 scale,Not Applicable,Not Applicable,Not Applicable,Not Applicable,Index,Two,World Development Indicators (WDI),Annual,Units,Normal value,Public
datastructure,WB.DATA360:DS_DATA360(1.3),I,A,SVK,WB_WDI_SI_POV_GINI,_T,_T,_T,0_TO_100,_Z,_Z,_Z,2016,25.2,_Z,IX,2,WB_WDI,P1Y,0,A,PU,Annual,Slovak Republic,Gini index,Total,All age ranges or no breakdown by age,Total,0-100 scale,Not Applicable,Not Applicable,Not Applicable,Not Applicable,Index,Two,World Development Indicators (WDI),Annual,Units,Normal value,Public
datastructure,WB.DATA360:DS_DATA360(1.3),I,A,SVN,WB_WDI_SI_POV_GINI,_T,_T,_T,0_TO_100,_Z,_Z,_Z,2016,24.8,_Z,IX,2,WB_WDI,P1Y,0,A,PU,Annual,Slovenia,Gini index,Total,All age ranges or no breakdown by age,Total,0-100 scale,Not Applicable,Not Applicable,Not Applicable,Not Applicable,Index,Two,World Development Indicators (WDI),Annual,Units,Normal value,Public
datastructure,WB.DATA360:DS_DATA360(1.3),I,A,SSD,WB_WDI_SI_POV_GINI,_T,_T,_T,0_TO_100,_Z,_Z,_Z,2016,44.0,_Z,IX,2,WB_WDI,P1Y,0,A,PU,Annual,South Sudan,Gini index,Total,All age ranges or no breakdown by age,Total,0-100 scale,Not Applicable,Not Applicable,Not Applicable,Not Applicable,Index,Two,World Development Indicators (WDI),Annual,Units,Normal value,Public
datastructure,WB.DATA360:DS_DATA360(1.3),I,A,ESP,WB_WDI_SI_POV_GINI,_T,_T,_T,0_TO_100,_Z,_Z,_Z,2016,35.8,_Z,IX,2,WB_WDI,P1Y,0,A,PU,Annual,Spain,Gini index,Total,All age ranges or no breakdown by age,Total,0-100 scale,Not Applicable,Not Applicable,Not Applicable,Not Applicable,Index,Two,World Development Indicators (WDI),Annual,Units,Normal value,Public
datastructure,WB.DATA360:DS_DATA360(1.3),I,A,BGR,WB_WDI_SI_POV_GINI,_T,_T,_T,0_TO_100,_Z,_Z,_Z,2010,35.7,_Z,IX,2,WB_WDI,P1Y,0,A,PU,Annual,Bulgaria,Gini index,Total,All age ranges or no breakdown by age,Total,0-100 scale,Not Applicable,Not Applicable,Not Applicable,Not Applicable,Index,Two,World Development Indicators (WDI),Annual,Units,Normal value,Public
datastructure,WB.DATA360:DS_DATA360(1.3),I,A,ITA,WB_WDI_SI_POV_GINI,_T,_T,_T,0_TO_100,_Z,_Z,_Z,2018,35.2,_Z,IX,2,WB_WDI,P1Y,0,A,PU,Annual,Italy,Gini index,Total,All age ranges or no breakdown by age,Total,0-100 scale,Not Applicable,Not Applicable,Not Applicable,Not Applicable,Index,Two,World Development Indicators (WDI),Annual,Units,Normal value,Public
datastructure,WB.DATA360:DS_DATA360(1.3),I,A,JAM,WB_WDI_SI_POV_GINI,_T,_T,_T,0_TO_100,_Z,_Z,_Z,2018,35.3,_Z,IX,2,WB_WDI,P1Y,0,A,PU,Annual,Jamaica,Gini index,Total,All age ranges or no breakdown by age,Total,0-100 scale,Not Applicable,Not Applicable,Not Applicable,Not Applicable,Index,Two,World Development Indicators (WDI),Annual,Units,Normal value,Public
datastructure,WB.DATA360:DS_DATA360(1.3),I,A,JPN,WB_WDI_SI_POV_GINI,_T,_T,_T,0_TO_100,_Z,_Z,_Z,2018,32.9,_Z,IX,2,WB_WDI,P1Y,0,A,PU,Annual,Japan,Gini index,Total,All age ranges or no breakdown by age,Total,0-100 scale,Not Applicable,Not Applicable,Not Applicable,Not Applicable,Index,Two,World Development Indicators (WDI),Annual,Units,Normal value,Public
datastructure,WB.DATA360:DS_DATA360(1.3),I,A,KAZ,WB_WDI_SI_POV_GINI,_T,_T,_T,0_TO_100,_Z,_Z,_Z,2018,27.8,_Z,IX,2,WB_WDI,P1Y,0,A,PU,Annual,Kazakhstan,Gini index,Total,All age ranges or no breakdown by age,Total,0-100 scale,Not Applicable,Not Applicable,Not Applicable,Not Applicable,Index,Two,World Development Indicators (WDI),Annual,Units,Normal value,Public
datastructure,WB.DATA360:DS_DATA360(1.3),I,A,KOR,WB_WDI_SI_POV_GINI,_T,_T,_T,0_TO_100,_Z,_Z,_Z,2018,33.7,_Z,IX,2,WB_WDI,P1Y,0,A,PU,Annual,"Korea, Rep.",Gini index,Total,All age ranges or no breakdown by age,Total,0-100 scale,Not Applicable,Not Applicable,Not Applicable,Not Applicable,Index,Two,World Development Indicators (WDI),Annual,Units,Normal value,Public
datastructure,WB.DATA360:DS_DATA360(1.3),I,A,XKX,WB_WDI_SI_POV_GINI,_T,_T,_T,0_TO_100,_Z,_Z,_Z,2018,44.6,_Z,IX,2,WB_WDI,P1Y,0,A,PU,Annual,Kosovo,Gini index,Total,All age ranges or no breakdown by age,Total,0-100 scale,Not Applicable,Not Applicable,Not Applicable,Not Applicable,Index,Two,World Development Indicators (WDI),Annual,Units,Normal value,Public
datastructure,WB.DATA360:DS_DATA360(1.3),I,A,KGZ,WB_WDI_SI_POV_GINI,_T,_T,_T,0_TO_100,_Z,_Z,_Z,2018,27.7,_Z,IX,2,WB_WDI,P1Y,0,A,PU,Annual,Kyrgyz Republic,Gini index,Total,All age ranges or no breakdown by age,Total,0-100 scale,Not Applicable,Not Applicable,Not Applicable,Not Applicable,Index,Two,World Development Indicators (WDI),Annual,Units,Normal value,Public
datastructure,WB.DATA360:DS_DATA360(1.3),I,A,BLR,WB_WDI_SI_POV_GINI,_T,_T,_T,0_TO_100,_Z,_Z,_Z,2013,26.6,_Z,IX,2,WB_WDI,P1Y,0,A,PU,Annual,Belarus,Gini index,Total,All age ranges or no breakdown by age,Total,0-100 scale,Not Applicable,Not Applicable,Not Applicable,Not Applicable,Index,Two,World Development Indicators (WDI),Annual,Units,Normal value,Public
datastructure,WB.DATA360:DS_DATA360(1.3),I,A,BEL,WB_WDI_SI_POV_GINI,_T,_T,_T,0_TO_100,_Z,_Z,_Z,2013,27.7,_Z,IX,2,WB_WDI,P1Y,0,A,PU,Annual,Belgium,Gini index,Total,All age ranges or no breakdown by age,Total,0-100 scale,Not Applicable,Not Applicable,Not Applicable,Not Applicable,Index,Two,World Development Indicators (WDI),Annual,Units,Normal value,Public
datastructure,WB.DATA360:DS_DATA360(1.3),I,A,BOL,WB_WDI_SI_POV_GINI,_T,_T,_T,0_TO_100,_Z,_Z,_Z,2013,47.6,_Z,IX,2,WB_WDI,P1Y,0,A,PU,Annual,Bolivia,Gini index,Total,All age ranges or no breakdown by age,Total,0-100 scale,Not Applicable,Not Applicable,Not Applicable,Not Applicable,Index,Two,World Development Indicators (WDI),Annual,Units,Normal value,Public
datastructure,WB.DATA360:DS_DATA360(1.3),I,A,MOZ,WB_WDI_SI_POV_GINI,_T,_T,_T,0_TO_100,_Z,_Z,_Z,2019,50.7,_Z,IX,2,WB_WDI,P1Y,0,A,PU,Annual,Mozambique,Gini index,Total,All age ranges or no breakdown by age,Total,0-100 scale,Not Applicable,Not Applicable,Not Applicable,Not Applicable,Index,Two,World Development Indicators (WDI),Annual,Units,Normal value,Public
datastructure,WB.DATA360:DS_DATA360(1.3),I,A,NLD,WB_WDI_SI_POV_GINI,_T,_T,_T,0_TO_100,_Z,_Z,_Z,2019,29.2,_Z,IX,2,WB_WDI,P1Y,0,A,PU,Annual,Netherlands,Gini index,Total,All age ranges or no breakdown by age,Total,0-100 scale,Not Applicable,Not Applicable,Not Applicable,Not Applicable,Index,Two,World Development Indicators (WDI),Annual,Units,Normal value,Public
datastructure,WB.DATA360:DS_DATA360(1.3),I,A,MKD,WB_WDI_SI_POV_GINI,_T,_T,_T,0_TO_100,_Z,_Z,_Z,2019,33.5,_Z,IX,2,WB_WDI,P1Y,0,A,PU,Annual,North Macedonia,Gini index,Total,All age ranges or no breakdown by age,Total,0-100 scale,Not Applicable,Not Applicable,Not Applicable,Not Applicable,Index,Two,World Development Indicators (WDI),Annual,Units,Normal value,Public
datastructure,WB.DATA360:DS_DATA360(1.3),I,A,HTI,WB_WDI_SI_POV_GINI,_T,_T,_T,0_TO_100,_Z,_Z,_Z,2012,41.1,_Z,IX,2,WB_WDI,P1Y,0,A,PU,Annual,Haiti,Gini index,Total,All age ranges or no breakdown by age,Total,0-100 scale,Not Applicable,Not Applicable,Not Applicable,Not Applicable,Index,Two,World Development Indicators (WDI),Annual,Units,Normal value,Public
datastructure,WB.DATA360:DS_DATA360(1.3),I,A,HND,WB_WDI_SI_POV_GINI,_T,_T,_T,0_TO_100,_Z,_Z,_Z,2012,53.4,_Z,IX,2,WB_WDI,P1Y,0,A,PU,Annual,Honduras,Gini index,Total,All age ranges or no breakdown by age,Total,0-100 scale,Not Applicable,Not Applicable,Not Applicable,Not Applicable,Index,Two,World Development Indicators (WDI),Annual,Units,Normal value,Public
datastructure,WB.DATA360:DS_DATA360(1.3),I,A,HUN,WB_WDI_SI_POV_GINI,_T,_T,_T,0_TO_100,_Z,_Z,_Z,2012,30.8,_Z,IX,2,WB_WDI,P1Y,0,A,PU,Annual,Hungary,Gini index,Total,All age ranges or no breakdown by age,Total,0-100 scale,Not Applicable,Not Applicable,Not Applicable,Not Applicable,Index,Two,World Development Indicators (WDI),Annual,Units,Normal value,Public
datastructure,WB.DATA360:DS_DATA360(1.3),I,A,ISL,WB_WDI_SI_POV_GINI,_T,_T,_T,0_TO_100,_Z,_Z,_Z,2012,26.8,_Z,IX,2,WB_WDI,P1Y,0,A,PU,Annual,Iceland,Gini index,Total,All age ranges or no breakdown by age,Total,0-100 scale,Not Applicable,Not Applicable,Not Applicable,Not Applicable,Index,Two,World Development Indicators (WDI),Annual,Units,Normal value,Public
datastructure,WB.DATA360:DS_DATA360(1.3),I,A,IDN,WB_WDI_SI_POV_GINI,_T,_T,_T,0_TO_100,_Z,_Z,_Z,2012,37.1,_Z,IX,2,WB_WDI,P1Y,0,A,PU,Annual,Indonesia,Gini index,Total,All age ranges or no breakdown by age,Total,0-100 scale,Not Applicable,Not Applicable,Not Applicable,Not Applicable,Index,Two,World Development Indicators (WDI),Annual,Units,Normal value,Public
datastructure,WB.DATA360:DS_DATA360(1.3),I,A,IRN,WB_WDI_SI_POV_GINI,_T,_T,_T,0_TO_100,_Z,_Z,_Z,2012,34.4,_Z,IX,2,WB_WDI,P1Y,0,A,PU,Annual,"Iran, Islamic Rep.",Gini index,Total,All age ranges or no breakdown by age,Total,0-100 scale,Not Applicable,Not Applicable,Not Applicable,Not Applicable,Index,Two,World Development Indicators (WDI),Annual,Units,Normal value,Public
datastructure,WB.DATA360:DS_DATA360(1.3),I,A,IRQ,WB_WDI_SI_POV_GINI,_T,_T,_T,0_TO_100,_Z,_Z,_Z,2012,29.5,_Z,IX,2,WB_WDI,P1Y,0,A,PU,Annual,Iraq,Gini index,Total,All age ranges or no breakdown by age,Total,0-100 scale,Not Applicable,Not Applicable,Not Applicable,Not Applicable,Index,Two,World Development Indicators (WDI),Annual,Units,Normal value,Public
datastructure,WB.DATA360:DS_DATA360(1.3),I,A,IRL,WB_WDI_SI_POV_GINI,_T,_T,_T,0_TO_100,_Z,_Z,_Z,2012,33.2,_Z,IX,2,WB_WDI,P1Y,0,A,PU,Annual,Ireland,Gini index,Total,All age ranges or no breakdown by age,Total,0-100 scale,Not Applicable,Not Applicable,Not Applicable,Not Applicable,Index,Two,World Development Indicators (WDI),Annual,Units,Normal value,Public
datastructure,WB.DATA360:DS_DATA360(1.3),I,A,ISR,WB_WDI_SI_POV_GINI,_T,_T,_T,0_TO_100,_Z,_Z,_Z,2012,41.3,_Z,IX,2,WB_WDI,P1Y,0,A,PU,Annual,Israel,Gini index,Total,All age ranges or no breakdown by age,Total,0-100 scale,Not Applicable,Not Applicable,Not Applicable,Not Applicable,Index,Two,World Development Indicators (WDI),Annual,Units,Normal value,Public
datastructure,WB.DATA360:DS_DATA360(1.3),I,A,TUR,WB_WDI_SI_POV_GINI,_T,_T,_T,0_TO_100,_Z,_Z,_Z,2008,39.0,_Z,IX,2,WB_WDI,P1Y,0,A,PU,Annual,Türkiye,Gini index,Total,All age ranges or no breakdown by age,Total,0-100 scale,Not Applicable,Not Applicable,Not Applicable,Not Applicable,Index,Two,World Development Indicators (WDI),Annual,Units,Normal value,Public
datastructure,WB.DATA360:DS_DATA360(1.3),I,A,UKR,WB_WDI_SI_POV_GINI,_T,_T,_T,0_TO_100,_Z,_Z,_Z,2008,26.6,_Z,IX,2,WB_WDI,P1Y,0,A,PU,Annual,Ukraine,Gini index,Total,All age ranges or no breakdown by age,Total,0-100 scale,Not Applicable,Not Applicable,Not Applicable,Not Applicable,Index,Two,World Development Indicators (WDI),Annual,Units,Normal value,Public
datastructure,WB.DATA360:DS_DATA360(1.3),I,A,GBR,WB_WDI_SI_POV_GINI,_T,_T,_T,0_TO_100,_Z,_Z,_Z,2008,35.4,_Z,IX,2,WB_WDI,P1Y,0,A,PU,Annual,United Kingdom,Gini index,Total,All age ranges or no breakdown by age,Total,0-100 scale,Not Applicable,Not Applicable,Not Applicable,Not Applicable,Index,Two,World Development Indicators (WDI),Annual,Units,Normal value,Public
datastructure,WB.DATA360:DS_DATA360(1.3),I,A,USA,WB_WDI_SI_POV_GINI,_T,_T,_T,0_TO_100,_Z,_Z,_Z,2008,41.1,_Z,IX,2,WB_WDI,P1Y,0,A,PU,Annual,United States,Gini index,Total,All age ranges or no breakdown by age,Total,0-100 scale,Not Applicable,Not Applicable,Not Applicable,Not Applicable,Index,Two,World Development Indicators (WDI),Annual,Units,Normal value,Public
datastructure,WB.DATA360:DS_DATA360(1.3),I,A,URY,WB_WDI_SI_POV_GINI,_T,_T,_T,0_TO_100,_Z,_Z,_Z,2008,45.1,_Z,IX,2,WB_WDI,P1Y,0,A,PU,Annual,Uruguay,Gini index,Total,All age ranges or no breakdown by age,Total,0-100 scale,Not Applicable,Not Applicable,Not Applicable,Not Applicable,Index,Two,World Development Indicators (WDI),Annual,Units,Normal value,Public
datastructure,WB.DATA360:DS_DATA360(1.3),I,A,TUR,WB_WDI_SI_POV_GINI,_T,_T,_T,0_TO_100,_Z,_Z,_Z,2013,40.2,_Z,IX,2,WB_WDI,P1Y,0,A,PU,Annual,Türkiye,Gini index,Total,All age ranges or no breakdown by age,Total,0-100 scale,Not Applicable,Not Applicable,Not Applicable,Not Applicable,Index,Two,World Development Indicators (WDI),Annual,Units,Normal value,Public
datastructure,WB.DATA360:DS_DATA360(1.3),I,A,UKR,WB_WDI_SI_POV_GINI,_T,_T,_T,0_TO_100,_Z,_Z,_Z,2013,24.6,_Z,IX,2,WB_WDI,P1Y,0,A,PU,Annual,Ukraine,Gini index,Total,All age ranges or no breakdown by age,Total,0-100 scale,Not Applicable,Not Applicable,Not Applicable,Not Applicable,Index,Two,World Development Indicators (WDI),Annual,Units,Normal value,Public
datastructure,WB.DATA360:DS_DATA360(1.3),I,A,ARE,WB_WDI_SI_POV_GINI,_T,_T,_T,0_TO_100,_Z,_Z,_Z,2013,32.5,_Z,IX,2,WB_WDI,P1Y,0,A,PU,Annual,United Arab Emirates,Gini index,Total,All age ranges or no breakdown by age,Total,0-100 scale,Not Applicable,Not Applicable,Not Applicable,Not Applicable,Index,Two,World Development Indicators (WDI),Annual,Units,Normal value,Public
datastructure,WB.DATA360:DS_DATA360(1.3),I,A,GBR,WB_WDI_SI_POV_GINI,_T,_T,_T,0_TO_100,_Z,_Z,_Z,2013,32.7,_Z,IX,2,WB_WDI,P1Y,0,A,PU,Annual,United Kingdom,Gini index,Total,All age ranges or no breakdown by age,Total,0-100 scale,Not Applicable,Not Applicable,Not Applicable,Not Applicable,Index,Two,World Development Indicators (WDI),Annual,Units,Normal value,Public
datastructure,WB.DATA360:DS_DATA360(1.3),I,A,IRL,WB_WDI_SI_POV_GINI,_T,_T,_T,0_TO_100,_Z,_Z,_Z,2011,32.9,_Z,IX,2,WB_WDI,P1Y,0,A,PU,Annual,Ireland,Gini index,Total,All age ranges or no breakdown by age,Total,0-100 scale,Not Applicable,Not Applicable,Not Applicable,Not Applicable,Index,Two,World Development Indicators (WDI),Annual,Units,Normal value,Public
datastructure,WB.DATA360:DS_DATA360(1.3),I,A,ISR,WB_WDI_SI_POV_GINI,_T,_T,_T,0_TO_100,_Z,_Z,_Z,2011,41.5,_Z,IX,2,WB_WDI,P1Y,0,A,PU,Annual,Israel,Gini index,Total,All age ranges or no breakdown by age,Total,0-100 scale,Not Applicable,Not Applicable,Not Applicable,Not Applicable,Index,Two,World Development Indicators (WDI),Annual,Units,Normal value,Public
datastructure,WB.DATA360:DS_DATA360(1.3),I,A,ITA,WB_WDI_SI_POV_GINI,_T,_T,_T,0_TO_100,_Z,_Z,_Z,2011,35.1,_Z,IX,2,WB_WDI,P1Y,0,A,PU,Annual,Italy,Gini index,Total,All age ranges or no breakdown by age,Total,0-100 scale,Not Applicable,Not Applicable,Not Applicable,Not Applicable,Index,Two,World Development Indicators (WDI),Annual,Units,Normal value,Public
datastructure,WB.DATA360:DS_DATA360(1.3),I,A,JPN,WB_WDI_SI_POV_GINI,_T,_T,_T,0_TO_100,_Z,_Z,_Z,2011,33.0,_Z,IX,2,WB_WDI,P1Y,0,A,PU,Annual,Japan,Gini index,Total,All age ranges or no breakdown by age,Total,0-100 scale,Not Applicable,Not Applicable,Not Applicable,Not Applicable,Index,Two,World Development Indicators (WDI),Annual,Units,Normal value,Public
datastructure,WB.DATA360:DS_DATA360(1.3),I,A,KAZ,WB_WDI_SI_POV_GINI,_T,_T,_T,0_TO_100,_Z,_Z,_Z,2011,28.0,_Z,IX,2,WB_WDI,P1Y,0,A,PU,Annual,Kazakhstan,Gini index,Total,All age ranges or no breakdown by age,Total,0-100 scale,Not Applicable,Not Applicable,Not Applicable,Not Applicable,Index,Two,World Development Indicators (WDI),Annual,Units,Normal value,Public
datastructure,WB.DATA360:DS_DATA360(1.3),I,A,NGA,WB_WDI_SI_POV_GINI,_T,_T,_T,0_TO_100,_Z,_Z,_Z,2012,35.5,_Z,IX,2,WB_WDI,P1Y,0,A,PU,Annual,Nigeria,Gini index,Total,All age ranges or no breakdown by age,Total,0-100 scale,Not Applicable,Not Applicable,Not Applicable,Not Applicable,Index,Two,World Development Indicators (WDI),Annual,Units,Normal value,Public
datastructure,WB.DATA360:DS_DATA360(1.3),I,A,MKD,WB_WDI_SI_POV_GINI,_T,_T,_T,0_TO_100,_Z,_Z,_Z,2012,38.1,_Z,IX,2,WB_WDI,P1Y,0,A,PU,Annual,North Macedonia,Gini index,Total,All age ranges or no breakdown by age,Total,0-100 scale,Not Applicable,Not Applicable,Not Applicable,Not Applicable,Index,Two,World Development Indicators (WDI),Annual,Units,Normal value,Public
datastructure,WB.DATA360:DS_DATA360(1.3),I,A,NOR,WB_WDI_SI_POV_GINI,_T,_T,_T,0_TO_100,_Z,_Z,_Z,2012,25.7,_Z,IX,2,WB_WDI,P1Y,0,A,PU,Annual,Norway,Gini index,Total,All age ranges or no breakdown by age,Total,0-100 scale,Not Applicable,Not Applicable,Not Applicable,Not Applicable,Index,Two,World Development Indicators (WDI),Annual,Units,Normal value,Public
datastructure,WB.DATA360:DS_DATA360(1.3),I,A,PAN,WB_WDI_SI_POV_GINI,_T,_T,_T,0_TO_100,_Z,_Z,_Z,2012,51.7,_Z,IX,2,WB_WDI,P1Y,0,A,PU,Annual,Panama,Gini index,Total,All age ranges or no breakdown by age,Total,0-100 scale,Not Applicable,Not Applicable,Not Applicable,Not Applicable,Index,Two,World Development Indicators (WDI),Annual,Units,Normal value,Public
datastructure,WB.DATA360:DS_DATA360(1.3),I,A,PRY,WB_WDI_SI_POV_GINI,_T,_T,_T,0_TO_100,_Z,_Z,_Z,2012,47.6,_Z,IX,2,WB_WDI,P1Y,0,A,PU,Annual,Paraguay,Gini index,Total,All age ranges or no breakdown by age,Total,0-100 scale,Not Applicable,Not Applicable,Not Applicable,Not Applicable,Index,Two,World Development Indicators (WDI),Annual,Units,Normal value,Public
datastructure,WB.DATA360:DS_DATA360(1.3),I,A,PER,WB_WDI_SI_POV_GINI,_T,_T,_T,0_TO_100,_Z,_Z,_Z,2012,44.4,_Z,IX,2,WB_WDI,P1Y,0,A,PU,Annual,Peru,Gini index,Total,All age ranges or no breakdown by age,Total,0-100 scale,Not Applicable,Not Applicable,Not Applicable,Not Applicable,Index,Two,World Development Indicators (WDI),Annual,Units,Normal value,Public
datastructure,WB.DATA360:DS_DATA360(1.3),I,A,HND,WB_WDI_SI_POV_GINI,_T,_T,_T,0_TO_100,_Z,_Z,_Z,2003,58.1,_Z,IX,2,WB_WDI,P1Y,0,A,PU,Annual,Honduras,Gini index,Total,All age ranges or no breakdown by age,Total,0-100 scale,Not Applicable,Not Applicable,Not Applicable,Not Applicable,Index,Two,World Development Indicators (WDI),Annual,Units,Normal value,Public
datastructure,WB.DATA360:DS_DATA360(1.3),I,A,HUN,WB_WDI_SI_POV_GINI,_T,_T,_T,0_TO_100,_Z,_Z,_Z,2003,30.9,_Z,IX,2,WB_WDI,P1Y,0,A,PU,Annual,Hungary,Gini index,Total,All age ranges or no breakdown by age,Total,0-100 scale,Not Applicable,Not Applicable,Not Applicable,Not Applicable,Index,Two,World Development Indicators (WDI),Annual,Units,Normal value,Public
datastructure,WB.DATA360:DS_DATA360(1.3),I,A,ISL,WB_WDI_SI_POV_GINI,_T,_T,_T,0_TO_100,_Z,_Z,_Z,2003,26.8,_Z,IX,2,WB_WDI,P1Y,0,A,PU,Annual,Iceland,Gini index,Total,All age ranges or no breakdown by age,Total,0-100 scale,Not Applicable,Not Applicable,Not Applicable,Not Applicable,Index,Two,World Development Indicators (WDI),Annual,Units,Normal value,Public
datastructure,WB.DATA360:DS_DATA360(1.3),I,A,IDN,WB_WDI_SI_POV_GINI,_T,_T,_T,0_TO_100,_Z,_Z,_Z,2003,29.3,_Z,IX,2,WB_WDI,P1Y,0,A,PU,Annual,Indonesia,Gini index,Total,All age ranges or no breakdown by age,Total,0-100 scale,Not Applicable,Not Applicable,Not Applicable,Not Applicable,Index,Two,World Development Indicators (WDI),Annual,Units,Normal value,Public
datastructure,WB.DATA360:DS_DATA360(1.3),I,A,IRL,WB_WDI_SI_POV_GINI,_T,_T,_T,0_TO_100,_Z,_Z,_Z,2003,32.9,_Z,IX,2,WB_WDI,P1Y,0,A,PU,Annual,Ireland,Gini index,Total,All age ranges or no breakdown by age,Total,0-100 scale,Not Applicable,Not Applicable,Not Applicable,Not Applicable,Index,Two,World Development Indicators (WDI),Annual,Units,Normal value,Public
datastructure,WB.DATA360:DS_DATA360(1.3),I,A,ISR,WB_WDI_SI_POV_GINI,_T,_T,_T,0_TO_100,_Z,_Z,_Z,2003,40.7,_Z,IX,2,WB_WDI,P1Y,0,A,PU,Annual,Israel,Gini index,Total,All age ranges or no breakdown by age,Total,0-100 scale,Not Applicable,Not Applicable,Not Applicable,Not Applicable,Index,Two,World Development Indicators (WDI),Annual,Units,Normal value,Public
datastructure,WB.DATA360:DS_DATA360(1.3),I,A,ITA,WB_WDI_SI_POV_GINI,_T,_T,_T,0_TO_100,_Z,_Z,_Z,2003,34.9,_Z,IX,2,WB_WDI,P1Y,0,A,PU,Annual,Italy,Gini index,Total,All age ranges or no breakdown by age,Total,0-100 scale,Not Applicable,Not Applicable,Not Applicable,Not Applicable,Index,Two,World Development Indicators (WDI),Annual,Units,Normal value,Public
datastructure,WB.DATA360:DS_DATA360(1.3),I,A,GBR,WB_WDI_SI_POV_GINI,_T,_T,_T,0_TO_100,_Z,_Z,_Z,2014,33.1,_Z,IX,2,WB_WDI,P1Y,0,A,PU,Annual,United Kingdom,Gini index,Total,All age ranges or no breakdown by age,Total,0-100 scale,Not Applicable,Not Applicable,Not Applicable,Not Applicable,Index,Two,World Development Indicators (WDI),Annual,Units,Normal value,Public
datastructure,WB.DATA360:DS_DATA360(1.3),I,A,USA,WB_WDI_SI_POV_GINI,_T,_T,_T,0_TO_100,_Z,_Z,_Z,2014,41.7,_Z,IX,2,WB_WDI,P1Y,0,A,PU,Annual,United States,Gini index,Total,All age ranges or no breakdown by age,Total,0-100 scale,Not Applicable,Not Applicable,Not Applicable,Not Applicable,Index,Two,World Development Indicators (WDI),Annual,Units,Normal value,Public
datastructure,WB.DATA360:DS_DATA360(1.3),I,A,URY,WB_WDI_SI_POV_GINI,_T,_T,_T,0_TO_100,_Z,_Z,_Z,2014,40.1,_Z,IX,2,WB_WDI,P1Y,0,A,PU,Annual,Uruguay,Gini index,Total,All age ranges or no breakdown by age,Total,0-100 scale,Not Applicable,Not Applicable,Not Applicable,Not Applicable,Index,Two,World Development Indicators (WDI),Annual,Units,Normal value,Public
datastructure,WB.DATA360:DS_DATA360(1.3),I,A,VNM,WB_WDI_SI_POV_GINI,_T,_T,_T,0_TO_100,_Z,_Z,_Z,2014,34.8,_Z,IX,2,WB_WDI,P1Y,0,A,PU,Annual,Vietnam,Gini index,Total,All age ranges or no breakdown by age,Total,0-100 scale,Not Applicable,Not Applicable,Not Applicable,Not Applicable,Index,Two,World Development Indicators (WDI),Annual,Units,Normal value,Public
datastructure,WB.DATA360:DS_DATA360(1.3),I,A,YEM,WB_WDI_SI_POV_GINI,_T,_T,_T,0_TO_100,_Z,_Z,_Z,2014,36.7,_Z,IX,2,WB_WDI,P1Y,0,A,PU,Annual,"Yemen, Rep.",Gini index,Total,All age ranges or no breakdown by age,Total,0-100 scale,Not Applicable,Not Applicable,Not Applicable,Not Applicable,Index,Two,World Development Indicators (WDI),Annual,Units,Normal value,Public
datastructure,WB.DATA360:DS_DATA360(1.3),I,A,COL,WB_WDI_SI_POV_GINI,_T,_T,_T,0_TO_100,_Z,_Z,_Z,2023,54.6,_Z,IX,2,WB_WDI,P1Y,0,A,PU,Annual,Colombia,Gini index,Total,All age ranges or no breakdown by age,Total,0-100 scale,Not Applicable,Not Applicable,Not Applicable,Not Applicable,Index,Two,World Development Indicators (WDI),Annual,Units,Normal value,Public
datastructure,WB.DATA360:DS_DATA360(1.3),I,A,CRI,WB_WDI_SI_POV_GINI,_T,_T,_T,0_TO_100,_Z,_Z,_Z,2023,46.7,_Z,IX,2,WB_WDI,P1Y,0,A,PU,Annual,Costa Rica,Gini index,Total,All age ranges or no breakdown by age,Total,0-100 scale,Not Applicable,Not Applicable,Not Applicable,Not Applicable,Index,Two,World Development Indicators (WDI),Annual,Units,Normal value,Public
datastructure,WB.DATA360:DS_DATA360(1.3),I,A,HRV,WB_WDI_SI_POV_GINI,_T,_T,_T,0_TO_100,_Z,_Z,_Z,2023,30.1,_Z,IX,2,WB_WDI,P1Y,0,A,PU,Annual,Croatia,Gini index,Total,All age ranges or no breakdown by age,Total,0-100 scale,Not Applicable,Not Applicable,Not Applicable,Not Applicable,Index,Two,World Development Indicators (WDI),Annual,Units,Normal value,Public
datastructure,WB.DATA360:DS_DATA360(1.3),I,A,GRC,WB_WDI_SI_POV_GINI,_T,_T,_T,0_TO_100,_Z,_Z,_Z,2014,35.8,_Z,IX,2,WB_WDI,P1Y,0,A,PU,Annual,Greece,Gini index,Total,All age ranges or no breakdown by age,Total,0-100 scale,Not Applicable,Not Applicable,Not Applicable,Not Applicable,Index,Two,World Development Indicators (WDI),Annual,Units,Normal value,Public
datastructure,WB.DATA360:DS_DATA360(1.3),I,A,GTM,WB_WDI_SI_POV_GINI,_T,_T,_T,0_TO_100,_Z,_Z,_Z,2014,48.3,_Z,IX,2,WB_WDI,P1Y,0,A,PU,Annual,Guatemala,Gini index,Total,All age ranges or no breakdown by age,Total,0-100 scale,Not Applicable,Not Applicable,Not Applicable,Not Applicable,Index,Two,World Development Indicators (WDI),Annual,Units,Normal value,Public
datastructure,WB.DATA360:DS_DATA360(1.3),I,A,HND,WB_WDI_SI_POV_GINI,_T,_T,_T,0_TO_100,_Z,_Z,_Z,2014,49.9,_Z,IX,2,WB_WDI,P1Y,0,A,PU,Annual,Honduras,Gini index,Total,All age ranges or no breakdown by age,Total,0-100 scale,Not Applicable,Not Applicable,Not Applicable,Not Applicable,Index,Two,World Development Indicators (WDI),Annual,Units,Normal value,Public
datastructure,WB.DATA360:DS_DATA360(1.3),I,A,HTI,WB_WDI_SI_POV_GINI,_T,_T,_T,0_TO_100,_Z,_Z,_Z,2001,59.0,_Z,IX,2,WB_WDI,P1Y,0,A,PU,Annual,Haiti,Gini index,Total,All age ranges or no breakdown by age,Total,0-100 scale,Not Applicable,Not Applicable,Not Applicable,Not Applicable,Index,Two,World Development Indicators (WDI),Annual,Units,Normal value,Public
datastructure,WB.DATA360:DS_DATA360(1.3),I,A,HND,WB_WDI_SI_POV_GINI,_T,_T,_T,0_TO_100,_Z,_Z,_Z,2001,55.4,_Z,IX,2,WB_WDI,P1Y,0,A,PU,Annual,Honduras,Gini index,Total,All age ranges or no breakdown by age,Total,0-100 scale,Not Applicable,Not Applicable,Not Applicable,Not Applicable,Index,Two,World Development Indicators (WDI),Annual,Units,Normal value,Public
datastructure,WB.DATA360:DS_DATA360(1.3),I,A,HUN,WB_WDI_SI_POV_GINI,_T,_T,_T,0_TO_100,_Z,_Z,_Z,2001,26.9,_Z,IX,2,WB_WDI,P1Y,0,A,PU,Annual,Hungary,Gini index,Total,All age ranges or no breakdown by age,Total,0-100 scale,Not Applicable,Not Applicable,Not Applicable,Not Applicable,Index,Two,World Development Indicators (WDI),Annual,Units,Normal value,Public
datastructure,WB.DATA360:DS_DATA360(1.3),I,A,IDN,WB_WDI_SI_POV_GINI,_T,_T,_T,0_TO_100,_Z,_Z,_Z,2001,31.2,_Z,IX,2,WB_WDI,P1Y,0,A,PU,Annual,Indonesia,Gini index,Total,All age ranges or no breakdown by age,Total,0-100 scale,Not Applicable,Not Applicable,Not Applicable,Not Applicable,Index,Two,World Development Indicators (WDI),Annual,Units,Normal value,Public
datastructure,WB.DATA360:DS_DATA360(1.3),I,A,ISR,WB_WDI_SI_POV_GINI,_T,_T,_T,0_TO_100,_Z,_Z,_Z,2001,38.9,_Z,IX,2,WB_WDI,P1Y,0,A,PU,Annual,Israel,Gini index,Total,All age ranges or no breakdown by age,Total,0-100 scale,Not Applicable,Not Applicable,Not Applicable,Not Applicable,Index,Two,World Development Indicators (WDI),Annual,Units,Normal value,Public
datastructure,WB.DATA360:DS_DATA360(1.3),I,A,LVA,WB_WDI_SI_POV_GINI,_T,_T,_T,0_TO_100,_Z,_Z,_Z,2017,35.6,_Z,IX,2,WB_WDI,P1Y,0,A,PU,Annual,Latvia,Gini index,Total,All age ranges or no breakdown by age,Total,0-100 scale,Not Applicable,Not Applicable,Not Applicable,Not Applicable,Index,Two,World Development Indicators (WDI),Annual,Units,Normal value,Public
datastructure,WB.DATA360:DS_DATA360(1.3),I,A,LSO,WB_WDI_SI_POV_GINI,_T,_T,_T,0_TO_100,_Z,_Z,_Z,2017,44.9,_Z,IX,2,WB_WDI,P1Y,0,A,PU,Annual,Lesotho,Gini index,Total,All age ranges or no breakdown by age,Total,0-100 scale,Not Applicable,Not Applicable,Not Applicable,Not Applicable,Index,Two,World Development Indicators (WDI),Annual,Units,Normal value,Public
datastructure,WB.DATA360:DS_DATA360(1.3),I,A,LTU,WB_WDI_SI_POV_GINI,_T,_T,_T,0_TO_100,_Z,_Z,_Z,2017,37.3,_Z,IX,2,WB_WDI,P1Y,0,A,PU,Annual,Lithuania,Gini index,Total,All age ranges or no breakdown by age,Total,0-100 scale,Not Applicable,Not Applicable,Not Applicable,Not Applicable,Index,Two,World Development Indicators (WDI),Annual,Units,Normal value,Public
datastructure,WB.DATA360:DS_DATA360(1.3),I,A,LUX,WB_WDI_SI_POV_GINI,_T,_T,_T,0_TO_100,_Z,_Z,_Z,2017,34.5,_Z,IX,2,WB_WDI,P1Y,0,A,PU,Annual,Luxembourg,Gini index,Total,All age ranges or no breakdown by age,Total,0-100 scale,Not Applicable,Not Applicable,Not Applicable,Not Applicable,Index,Two,World Development Indicators (WDI),Annual,Units,Normal value,Public
datastructure,WB.DATA360:DS_DATA360(1.3),I,A,ROU,WB_WDI_SI_POV_GINI,_T,_T,_T,0_TO_100,_Z,_Z,_Z,2009,35.6,_Z,IX,2,WB_WDI,P1Y,0,A,PU,Annual,Romania,Gini index,Total,All age ranges or no breakdown by age,Total,0-100 scale,Not Applicable,Not Applicable,Not Applicable,Not Applicable,Index,Two,World Development Indicators (WDI),Annual,Units,Normal value,Public
datastructure,WB.DATA360:DS_DATA360(1.3),I,A,RUS,WB_WDI_SI_POV_GINI,_T,_T,_T,0_TO_100,_Z,_Z,_Z,2009,39.8,_Z,IX,2,WB_WDI,P1Y,0,A,PU,Annual,Russian Federation,Gini index,Total,All age ranges or no breakdown by age,Total,0-100 scale,Not Applicable,Not Applicable,Not Applicable,Not Applicable,Index,Two,World Development Indicators (WDI),Annual,Units,Normal value,Public
datastructure,WB.DATA360:DS_DATA360(1.3),I,A,SRB,WB_WDI_SI_POV_GINI,_T,_T,_T,0_TO_100,_Z,_Z,_Z,2009,28.0,_Z,IX,2,WB_WDI,P1Y,0,A,PU,Annual,Serbia,Gini index,Total,All age ranges or no breakdown by age,Total,0-100 scale,Not Applicable,Not Applicable,Not Applicable,Not Applicable,Index,Two,World Development Indicators (WDI),Annual,Units,Normal value,Public
datastructure,WB.DATA360:DS_DATA360(1.3),I,A,BRA,WB_WDI_SI_POV_GINI,_T,_T,_T,0_TO_100,_Z,_Z,_Z,2018,53.9,_Z,IX,2,WB_WDI,P1Y,0,A,PU,Annual,Brazil,Gini index,Total,All age ranges or no breakdown by age,Total,0-100 scale,Not Applicable,Not Applicable,Not Applicable,Not Applicable,Index,Two,World Development Indicators (WDI),Annual,Units,Normal value,Public
datastructure,WB.DATA360:DS_DATA360(1.3),I,A,BGR,WB_WDI_SI_POV_GINI,_T,_T,_T,0_TO_100,_Z,_Z,_Z,2018,41.3,_Z,IX,2,WB_WDI,P1Y,0,A,PU,Annual,Bulgaria,Gini index,Total,All age ranges or no breakdown by age,Total,0-100 scale,Not Applicable,Not Applicable,Not Applicable,Not Applicable,Index,Two,World Development Indicators (WDI),Annual,Units,Normal value,Public
datastructure,WB.DATA360:DS_DATA360(1.3),I,A,BFA,WB_WDI_SI_POV_GINI,_T,_T,_T,0_TO_100,_Z,_Z,_Z,2018,43.0,_Z,IX,2,WB_WDI,P1Y,0,A,PU,Annual,Burkina Faso,Gini index,Total,All age ranges or no breakdown by age,Total,0-100 scale,Not Applicable,Not Applicable,Not Applicable,Not Applicable,Index,Two,World Development Indicators (WDI),Annual,Units,Normal value,Public
datastructure,WB.DATA360:DS_DATA360(1.3),I,A,CAN,WB_WDI_SI_POV_GINI,_T,_T,_T,0_TO_100,_Z,_Z,_Z,2018,32.5,_Z,IX,2,WB_WDI,P1Y,0,A,PU,Annual,Canada,Gini index,Total,All age ranges or no breakdown by age,Total,0-100 scale,Not Applicable,Not Applicable,Not Applicable,Not Applicable,Index,Two,World Development Indicators (WDI),Annual,Units,Normal value,Public
datastructure,WB.DATA360:DS_DATA360(1.3),I,A,HUN,WB_WDI_SI_POV_GINI,_T,_T,_T,0_TO_100,_Z,_Z,_Z,2002,26.8,_Z,IX,2,WB_WDI,P1Y,0,A,PU,Annual,Hungary,Gini index,Total,All age ranges or no breakdown by age,Total,0-100 scale,Not Applicable,Not Applicable,Not Applicable,Not Applicable,Index,Two,World Development Indicators (WDI),Annual,Units,Normal value,Public
datastructure,WB.DATA360:DS_DATA360(1.3),I,A,IDN,WB_WDI_SI_POV_GINI,_T,_T,_T,0_TO_100,_Z,_Z,_Z,2002,30.2,_Z,IX,2,WB_WDI,P1Y,0,A,PU,Annual,Indonesia,Gini index,Total,All age ranges or no breakdown by age,Total,0-100 scale,Not Applicable,Not Applicable,Not Applicable,Not Applicable,Index,Two,World Development Indicators (WDI),Annual,Units,Normal value,Public
datastructure,WB.DATA360:DS_DATA360(1.3),I,A,IRL,WB_WDI_SI_POV_GINI,_T,_T,_T,0_TO_100,_Z,_Z,_Z,2002,32.3,_Z,IX,2,WB_WDI,P1Y,0,A,PU,Annual,Ireland,Gini index,Total,All age ranges or no breakdown by age,Total,0-100 scale,Not Applicable,Not Applicable,Not Applicable,Not Applicable,Index,Two,World Development Indicators (WDI),Annual,Units,Normal value,Public
datastructure,WB.DATA360:DS_DATA360(1.3),I,A,ISR,WB_WDI_SI_POV_GINI,_T,_T,_T,0_TO_100,_Z,_Z,_Z,2002,39.6,_Z,IX,2,WB_WDI,P1Y,0,A,PU,Annual,Israel,Gini index,Total,All age ranges or no breakdown by age,Total,0-100 scale,Not Applicable,Not Applicable,Not Applicable,Not Applicable,Index,Two,World Development Indicators (WDI),Annual,Units,Normal value,Public
datastructure,WB.DATA360:DS_DATA360(1.3),I,A,ITA,WB_WDI_SI_POV_GINI,_T,_T,_T,0_TO_100,_Z,_Z,_Z,2002,34.7,_Z,IX,2,WB_WDI,P1Y,0,A,PU,Annual,Italy,Gini index,Total,All age ranges or no breakdown by age,Total,0-100 scale,Not Applicable,Not Applicable,Not Applicable,Not Applicable,Index,Two,World Development Indicators (WDI),Annual,Units,Normal value,Public
datastructure,WB.DATA360:DS_DATA360(1.3),I,A,JAM,WB_WDI_SI_POV_GINI,_T,_T,_T,0_TO_100,_Z,_Z,_Z,2002,48.3,_Z,IX,2,WB_WDI,P1Y,0,A,PU,Annual,Jamaica,Gini index,Total,All age ranges or no breakdown by age,Total,0-100 scale,Not Applicable,Not Applicable,Not Applicable,Not Applicable,Index,Two,World Development Indicators (WDI),Annual,Units,Normal value,Public
datastructure,WB.DATA360:DS_DATA360(1.3),I,A,IDN,WB_WDI_SI_POV_GINI,_T,_T,_T,0_TO_100,_Z,_Z,_Z,2020,35.3,_Z,IX,2,WB_WDI,P1Y,0,A,PU,Annual,Indonesia,Gini index,Total,All age ranges or no breakdown by age,Total,0-100 scale,Not Applicable,Not Applicable,Not Applicable,Not Applicable,Index,Two,World Development Indicators (WDI),Annual,Units,Normal value,Public
datastructure,WB.DATA360:DS_DATA360(1.3),I,A,IRN,WB_WDI_SI_POV_GINI,_T,_T,_T,0_TO_100,_Z,_Z,_Z,2020,35.8,_Z,IX,2,WB_WDI,P1Y,0,A,PU,Annual,"Iran, Islamic Rep.",Gini index,Total,All age ranges or no breakdown by age,Total,0-100 scale,Not Applicable,Not Applicable,Not Applicable,Not Applicable,Index,Two,World Development Indicators (WDI),Annual,Units,Normal value,Public
datastructure,WB.DATA360:DS_DATA360(1.3),I,A,NLD,WB_WDI_SI_POV_GINI,_T,_T,_T,0_TO_100,_Z,_Z,_Z,2005,29.0,_Z,IX,2,WB_WDI,P1Y,0,A,PU,Annual,Netherlands,Gini index,Total,All age ranges or no breakdown by age,Total,0-100 scale,Not Applicable,Not Applicable,Not Applicable,Not Applicable,Index,Two,World Development Indicators (WDI),Annual,Units,Normal value,Public
datastructure,WB.DATA360:DS_DATA360(1.3),I,A,NIC,WB_WDI_SI_POV_GINI,_T,_T,_T,0_TO_100,_Z,_Z,_Z,2005,48.8,_Z,IX,2,WB_WDI,P1Y,0,A,PU,Annual,Nicaragua,Gini index,Total,All age ranges or no breakdown by age,Total,0-100 scale,Not Applicable,Not Applicable,Not Applicable,Not Applicable,Index,Two,World Development Indicators (WDI),Annual,Units,Normal value,Public
datastructure,WB.DATA360:DS_DATA360(1.3),I,A,NER,WB_WDI_SI_POV_GINI,_T,_T,_T,0_TO_100,_Z,_Z,_Z,2005,44.4,_Z,IX,2,WB_WDI,P1Y,0,A,PU,Annual,Niger,Gini index,Total,All age ranges or no breakdown by age,Total,0-100 scale,Not Applicable,Not Applicable,Not Applicable,Not Applicable,Index,Two,World Development Indicators (WDI),Annual,Units,Normal value,Public
datastructure,WB.DATA360:DS_DATA360(1.3),I,A,MKD,WB_WDI_SI_POV_GINI,_T,_T,_T,0_TO_100,_Z,_Z,_Z,2005,39.3,_Z,IX,2,WB_WDI,P1Y,0,A,PU,Annual,North Macedonia,Gini index,Total,All age ranges or no breakdown by age,Total,0-100 scale,Not Applicable,Not Applicable,Not Applicable,Not Applicable,Index,Two,World Development Indicators (WDI),Annual,Units,Normal value,Public
datastructure,WB.DATA360:DS_DATA360(1.3),I,A,TKM,WB_WDI_SI_POV_GINI,_T,_T,_T,0_TO_100,_Z,_Z,_Z,1998,40.8,_Z,IX,2,WB_WDI,P1Y,0,A,PU,Annual,Turkmenistan,Gini index,Total,All age ranges or no breakdown by age,Total,0-100 scale,Not Applicable,Not Applicable,Not Applicable,Not Applicable,Index,Two,World Development Indicators (WDI),Annual,Units,Normal value,Public
datastructure,WB.DATA360:DS_DATA360(1.3),I,A,GBR,WB_WDI_SI_POV_GINI,_T,_T,_T,0_TO_100,_Z,_Z,_Z,1998,36.6,_Z,IX,2,WB_WDI,P1Y,0,A,PU,Annual,United Kingdom,Gini index,Total,All age ranges or no breakdown by age,Total,0-100 scale,Not Applicable,Not Applicable,Not Applicable,Not Applicable,Index,Two,World Development Indicators (WDI),Annual,Units,Normal value,Public
datastructure,WB.DATA360:DS_DATA360(1.3),I,A,USA,WB_WDI_SI_POV_GINI,_T,_T,_T,0_TO_100,_Z,_Z,_Z,1998,40.0,_Z,IX,2,WB_WDI,P1Y,0,A,PU,Annual,United States,Gini index,Total,All age ranges or no breakdown by age,Total,0-100 scale,Not Applicable,Not Applicable,Not Applicable,Not Applicable,Index,Two,World Development Indicators (WDI),Annual,Units,Normal value,Public
datastructure,WB.DATA360:DS_DATA360(1.3),I,A,URY,WB_WDI_SI_POV_GINI,_T,_T,_T,0_TO_100,_Z,_Z,_Z,1998,42.5,_Z,IX,2,WB_WDI,P1Y,0,A,PU,Annual,Uruguay,Gini index,Total,All age ranges or no breakdown by age,Total,0-100 scale,Not Applicable,Not Applicable,Not Applicable,Not Applicable,Index,Two,World Development Indicators (WDI),Annual,Units,Normal value,Public
datastructure,WB.DATA360:DS_DATA360(1.3),I,A,UZB,WB_WDI_SI_POV_GINI,_T,_T,_T,0_TO_100,_Z,_Z,_Z,1998,44.1,_Z,IX,2,WB_WDI,P1Y,0,A,PU,Annual,Uzbekistan,Gini index,Total,All age ranges or no breakdown by age,Total,0-100 scale,Not Applicable,Not Applicable,Not Applicable,Not Applicable,Index,Two,World Development Indicators (WDI),Annual,Units,Normal value,Public
datastructure,WB.DATA360:DS_DATA360(1.3),I,A,SWE,WB_WDI_SI_POV_GINI,_T,_T,_T,0_TO_100,_Z,_Z,_Z,2008,28.1,_Z,IX,2,WB_WDI,P1Y,0,A,PU,Annual,Sweden,Gini index,Total,All age ranges or no breakdown by age,Total,0-100 scale,Not Applicable,Not Applicable,Not Applicable,Not Applicable,Index,Two,World Development Indicators (WDI),Annual,Units,Normal value,Public
datastructure,WB.DATA360:DS_DATA360(1.3),I,A,CHE,WB_WDI_SI_POV_GINI,_T,_T,_T,0_TO_100,_Z,_Z,_Z,2008,33.8,_Z,IX,2,WB_WDI,P1Y,0,A,PU,Annual,Switzerland,Gini index,Total,All age ranges or no breakdown by age,Total,0-100 scale,Not Applicable,Not Applicable,Not Applicable,Not Applicable,Index,Two,World Development Indicators (WDI),Annual,Units,Normal value,Public
datastructure,WB.DATA360:DS_DATA360(1.3),I,A,THA,WB_WDI_SI_POV_GINI,_T,_T,_T,0_TO_100,_Z,_Z,_Z,2008,40.3,_Z,IX,2,WB_WDI,P1Y,0,A,PU,Annual,Thailand,Gini index,Total,All age ranges or no breakdown by age,Total,0-100 scale,Not Applicable,Not Applicable,Not Applicable,Not Applicable,Index,Two,World Development Indicators (WDI),Annual,Units,Normal value,Public
datastructure,WB.DATA360:DS_DATA360(1.3),I,A,HND,WB_WDI_SI_POV_GINI,_T,_T,_T,0_TO_100,_Z,_Z,_Z,2005,59.5,_Z,IX,2,WB_WDI,P1Y,0,A,PU,Annual,Honduras,Gini index,Total,All age ranges or no breakdown by age,Total,0-100 scale,Not Applicable,Not Applicable,Not Applicable,Not Applicable,Index,Two,World Development Indicators (WDI),Annual,Units,Normal value,Public
datastructure,WB.DATA360:DS_DATA360(1.3),I,A,HUN,WB_WDI_SI_POV_GINI,_T,_T,_T,0_TO_100,_Z,_Z,_Z,2005,34.7,_Z,IX,2,WB_WDI,P1Y,0,A,PU,Annual,Hungary,Gini index,Total,All age ranges or no breakdown by age,Total,0-100 scale,Not Applicable,Not Applicable,Not Applicable,Not Applicable,Index,Two,World Development Indicators (WDI),Annual,Units,Normal value,Public
datastructure,WB.DATA360:DS_DATA360(1.3),I,A,ISL,WB_WDI_SI_POV_GINI,_T,_T,_T,0_TO_100,_Z,_Z,_Z,2005,29.0,_Z,IX,2,WB_WDI,P1Y,0,A,PU,Annual,Iceland,Gini index,Total,All age ranges or no breakdown by age,Total,0-100 scale,Not Applicable,Not Applicable,Not Applicable,Not Applicable,Index,Two,World Development Indicators (WDI),Annual,Units,Normal value,Public
datastructure,WB.DATA360:DS_DATA360(1.3),I,A,IDN,WB_WDI_SI_POV_GINI,_T,_T,_T,0_TO_100,_Z,_Z,_Z,2005,29.9,_Z,IX,2,WB_WDI,P1Y,0,A,PU,Annual,Indonesia,Gini index,Total,All age ranges or no breakdown by age,Total,0-100 scale,Not Applicable,Not Applicable,Not Applicable,Not Applicable,Index,Two,World Development Indicators (WDI),Annual,Units,Normal value,Public
datastructure,WB.DATA360:DS_DATA360(1.3),I,A,IRN,WB_WDI_SI_POV_GINI,_T,_T,_T,0_TO_100,_Z,_Z,_Z,2005,43.6,_Z,IX,2,WB_WDI,P1Y,0,A,PU,Annual,"Iran, Islamic Rep.",Gini index,Total,All age ranges or no breakdown by age,Total,0-100 scale,Not Applicable,Not Applicable,Not Applicable,Not Applicable,Index,Two,World Development Indicators (WDI),Annual,Units,Normal value,Public
datastructure,WB.DATA360:DS_DATA360(1.3),I,A,IRL,WB_WDI_SI_POV_GINI,_T,_T,_T,0_TO_100,_Z,_Z,_Z,2005,33.8,_Z,IX,2,WB_WDI,P1Y,0,A,PU,Annual,Ireland,Gini index,Total,All age ranges or no breakdown by age,Total,0-100 scale,Not Applicable,Not Applicable,Not Applicable,Not Applicable,Index,Two,World Development Indicators (WDI),Annual,Units,Normal value,Public
datastructure,WB.DATA360:DS_DATA360(1.3),I,A,ISR,WB_WDI_SI_POV_GINI,_T,_T,_T,0_TO_100,_Z,_Z,_Z,2005,42.3,_Z,IX,2,WB_WDI,P1Y,0,A,PU,Annual,Israel,Gini index,Total,All age ranges or no breakdown by age,Total,0-100 scale,Not Applicable,Not Applicable,Not Applicable,Not Applicable,Index,Two,World Development Indicators (WDI),Annual,Units,Normal value,Public
datastructure,WB.DATA360:DS_DATA360(1.3),I,A,SYC,WB_WDI_SI_POV_GINI,_T,_T,_T,0_TO_100,_Z,_Z,_Z,2013,46.8,_Z,IX,2,WB_WDI,P1Y,0,A,PU,Annual,Seychelles,Gini index,Total,All age ranges or no breakdown by age,Total,0-100 scale,Not Applicable,Not Applicable,Not Applicable,Not Applicable,Index,Two,World Development Indicators (WDI),Annual,Units,Normal value,Public
datastructure,WB.DATA360:DS_DATA360(1.3),I,A,SVK,WB_WDI_SI_POV_GINI,_T,_T,_T,0_TO_100,_Z,_Z,_Z,2013,28.1,_Z,IX,2,WB_WDI,P1Y,0,A,PU,Annual,Slovak Republic,Gini index,Total,All age ranges or no breakdown by age,Total,0-100 scale,Not Applicable,Not Applicable,Not Applicable,Not Applicable,Index,Two,World Development Indicators (WDI),Annual,Units,Normal value,Public
datastructure,WB.DATA360:DS_DATA360(1.3),I,A,SVN,WB_WDI_SI_POV_GINI,_T,_T,_T,0_TO_100,_Z,_Z,_Z,2013,26.2,_Z,IX,2,WB_WDI,P1Y,0,A,PU,Annual,Slovenia,Gini index,Total,All age ranges or no breakdown by age,Total,0-100 scale,Not Applicable,Not Applicable,Not Applicable,Not Applicable,Index,Two,World Development Indicators (WDI),Annual,Units,Normal value,Public
datastructure,WB.DATA360:DS_DATA360(1.3),I,A,ESP,WB_WDI_SI_POV_GINI,_T,_T,_T,0_TO_100,_Z,_Z,_Z,2013,36.2,_Z,IX,2,WB_WDI,P1Y,0,A,PU,Annual,Spain,Gini index,Total,All age ranges or no breakdown by age,Total,0-100 scale,Not Applicable,Not Applicable,Not Applicable,Not Applicable,Index,Two,World Development Indicators (WDI),Annual,Units,Normal value,Public
datastructure,WB.DATA360:DS_DATA360(1.3),I,A,BLR,WB_WDI_SI_POV_GINI,_T,_T,_T,0_TO_100,_Z,_Z,_Z,2003,28.8,_Z,IX,2,WB_WDI,P1Y,0,A,PU,Annual,Belarus,Gini index,Total,All age ranges or no breakdown by age,Total,0-100 scale,Not Applicable,Not Applicable,Not Applicable,Not Applicable,Index,Two,World Development Indicators (WDI),Annual,Units,Normal value,Public
datastructure,WB.DATA360:DS_DATA360(1.3),I,A,BEL,WB_WDI_SI_POV_GINI,_T,_T,_T,0_TO_100,_Z,_Z,_Z,2003,28.1,_Z,IX,2,WB_WDI,P1Y,0,A,PU,Annual,Belgium,Gini index,Total,All age ranges or no breakdown by age,Total,0-100 scale,Not Applicable,Not Applicable,Not Applicable,Not Applicable,Index,Two,World Development Indicators (WDI),Annual,Units,Normal value,Public
datastructure,WB.DATA360:DS_DATA360(1.3),I,A,BEN,WB_WDI_SI_POV_GINI,_T,_T,_T,0_TO_100,_Z,_Z,_Z,2003,38.6,_Z,IX,2,WB_WDI,P1Y,0,A,PU,Annual,Benin,Gini index,Total,All age ranges or no breakdown by age,Total,0-100 scale,Not Applicable,Not Applicable,Not Applicable,Not Applicable,Index,Two,World Development Indicators (WDI),Annual,Units,Normal value,Public
datastructure,WB.DATA360:DS_DATA360(1.3),I,A,BTN,WB_WDI_SI_POV_GINI,_T,_T,_T,0_TO_100,_Z,_Z,_Z,2003,40.9,_Z,IX,2,WB_WDI,P1Y,0,A,PU,Annual,Bhutan,Gini index,Total,All age ranges or no breakdown by age,Total,0-100 scale,Not Applicable,Not Applicable,Not Applicable,Not Applicable,Index,Two,World Development Indicators (WDI),Annual,Units,Normal value,Public
datastructure,WB.DATA360:DS_DATA360(1.3),I,A,BRA,WB_WDI_SI_POV_GINI,_T,_T,_T,0_TO_100,_Z,_Z,_Z,2003,57.6,_Z,IX,2,WB_WDI,P1Y,0,A,PU,Annual,Brazil,Gini index,Total,All age ranges or no breakdown by age,Total,0-100 scale,Not Applicable,Not Applicable,Not Applicable,Not Applicable,Index,Two,World Development Indicators (WDI),Annual,Units,Normal value,Public
datastructure,WB.DATA360:DS_DATA360(1.3),I,A,BGR,WB_WDI_SI_POV_GINI,_T,_T,_T,0_TO_100,_Z,_Z,_Z,2003,28.9,_Z,IX,2,WB_WDI,P1Y,0,A,PU,Annual,Bulgaria,Gini index,Total,All age ranges or no breakdown by age,Total,0-100 scale,Not Applicable,Not Applicable,Not Applicable,Not Applicable,Index,Two,World Development Indicators (WDI),Annual,Units,Normal value,Public
datastructure,WB.DATA360:DS_DATA360(1.3),I,A,MKD,WB_WDI_SI_POV_GINI,_T,_T,_T,0_TO_100,_Z,_Z,_Z,2016,34.5,_Z,IX,2,WB_WDI,P1Y,0,A,PU,Annual,North Macedonia,Gini index,Total,All age ranges or no breakdown by age,Total,0-100 scale,Not Applicable,Not Applicable,Not Applicable,Not Applicable,Index,Two,World Development Indicators (WDI),Annual,Units,Normal value,Public
datastructure,WB.DATA360:DS_DATA360(1.3),I,A,NOR,WB_WDI_SI_POV_GINI,_T,_T,_T,0_TO_100,_Z,_Z,_Z,2016,28.5,_Z,IX,2,WB_WDI,P1Y,0,A,PU,Annual,Norway,Gini index,Total,All age ranges or no breakdown by age,Total,0-100 scale,Not Applicable,Not Applicable,Not Applicable,Not Applicable,Index,Two,World Development Indicators (WDI),Annual,Units,Normal value,Public
datastructure,WB.DATA360:DS_DATA360(1.3),I,A,PAN,WB_WDI_SI_POV_GINI,_T,_T,_T,0_TO_100,_Z,_Z,_Z,2016,50.4,_Z,IX,2,WB_WDI,P1Y,0,A,PU,Annual,Panama,Gini index,Total,All age ranges or no breakdown by age,Total,0-100 scale,Not Applicable,Not Applicable,Not Applicable,Not Applicable,Index,Two,World Development Indicators (WDI),Annual,Units,Normal value,Public
datastructure,WB.DATA360:DS_DATA360(1.3),I,A,PRY,WB_WDI_SI_POV_GINI,_T,_T,_T,0_TO_100,_Z,_Z,_Z,2016,47.9,_Z,IX,2,WB_WDI,P1Y,0,A,PU,Annual,Paraguay,Gini index,Total,All age ranges or no breakdown by age,Total,0-100 scale,Not Applicable,Not Applicable,Not Applicable,Not Applicable,Index,Two,World Development Indicators (WDI),Annual,Units,Normal value,Public
datastructure,WB.DATA360:DS_DATA360(1.3),I,A,PER,WB_WDI_SI_POV_GINI,_T,_T,_T,0_TO_100,_Z,_Z,_Z,2016,43.6,_Z,IX,2,WB_WDI,P1Y,0,A,PU,Annual,Peru,Gini index,Total,All age ranges or no breakdown by age,Total,0-100 scale,Not Applicable,Not Applicable,Not Applicable,Not Applicable,Index,Two,World Development Indicators (WDI),Annual,Units,Normal value,Public
datastructure,WB.DATA360:DS_DATA360(1.3),I,A,MNG,WB_WDI_SI_POV_GINI,_T,_T,_T,0_TO_100,_Z,_Z,_Z,2018,32.7,_Z,IX,2,WB_WDI,P1Y,0,A,PU,Annual,Mongolia,Gini index,Total,All age ranges or no breakdown by age,Total,0-100 scale,Not Applicable,Not Applicable,Not Applicable,Not Applicable,Index,Two,World Development Indicators (WDI),Annual,Units,Normal value,Public
datastructure,WB.DATA360:DS_DATA360(1.3),I,A,MNE,WB_WDI_SI_POV_GINI,_T,_T,_T,0_TO_100,_Z,_Z,_Z,2018,36.8,_Z,IX,2,WB_WDI,P1Y,0,A,PU,Annual,Montenegro,Gini index,Total,All age ranges or no breakdown by age,Total,0-100 scale,Not Applicable,Not Applicable,Not Applicable,Not Applicable,Index,Two,World Development Indicators (WDI),Annual,Units,Normal value,Public
datastructure,WB.DATA360:DS_DATA360(1.3),I,A,NLD,WB_WDI_SI_POV_GINI,_T,_T,_T,0_TO_100,_Z,_Z,_Z,2018,28.1,_Z,IX,2,WB_WDI,P1Y,0,A,PU,Annual,Netherlands,Gini index,Total,All age ranges or no breakdown by age,Total,0-100 scale,Not Applicable,Not Applicable,Not Applicable,Not Applicable,Index,Two,World Development Indicators (WDI),Annual,Units,Normal value,Public
datastructure,WB.DATA360:DS_DATA360(1.3),I,A,HND,WB_WDI_SI_POV_GINI,_T,_T,_T,0_TO_100,_Z,_Z,_Z,2015,49.2,_Z,IX,2,WB_WDI,P1Y,0,A,PU,Annual,Honduras,Gini index,Total,All age ranges or no breakdown by age,Total,0-100 scale,Not Applicable,Not Applicable,Not Applicable,Not Applicable,Index,Two,World Development Indicators (WDI),Annual,Units,Normal value,Public
datastructure,WB.DATA360:DS_DATA360(1.3),I,A,HUN,WB_WDI_SI_POV_GINI,_T,_T,_T,0_TO_100,_Z,_Z,_Z,2015,30.4,_Z,IX,2,WB_WDI,P1Y,0,A,PU,Annual,Hungary,Gini index,Total,All age ranges or no breakdown by age,Total,0-100 scale,Not Applicable,Not Applicable,Not Applicable,Not Applicable,Index,Two,World Development Indicators (WDI),Annual,Units,Normal value,Public
datastructure,WB.DATA360:DS_DATA360(1.3),I,A,ISL,WB_WDI_SI_POV_GINI,_T,_T,_T,0_TO_100,_Z,_Z,_Z,2015,26.8,_Z,IX,2,WB_WDI,P1Y,0,A,PU,Annual,Iceland,Gini index,Total,All age ranges or no breakdown by age,Total,0-100 scale,Not Applicable,Not Applicable,Not Applicable,Not Applicable,Index,Two,World Development Indicators (WDI),Annual,Units,Normal value,Public
datastructure,WB.DATA360:DS_DATA360(1.3),I,A,IDN,WB_WDI_SI_POV_GINI,_T,_T,_T,0_TO_100,_Z,_Z,_Z,2015,38.2,_Z,IX,2,WB_WDI,P1Y,0,A,PU,Annual,Indonesia,Gini index,Total,All age ranges or no breakdown by age,Total,0-100 scale,Not Applicable,Not Applicable,Not Applicable,Not Applicable,Index,Two,World Development Indicators (WDI),Annual,Units,Normal value,Public
datastructure,WB.DATA360:DS_DATA360(1.3),I,A,IRN,WB_WDI_SI_POV_GINI,_T,_T,_T,0_TO_100,_Z,_Z,_Z,2015,35.3,_Z,IX,2,WB_WDI,P1Y,0,A,PU,Annual,"Iran, Islamic Rep.",Gini index,Total,All age ranges or no breakdown by age,Total,0-100 scale,Not Applicable,Not Applicable,Not Applicable,Not Applicable,Index,Two,World Development Indicators (WDI),Annual,Units,Normal value,Public
datastructure,WB.DATA360:DS_DATA360(1.3),I,A,SLV,WB_WDI_SI_POV_GINI,_T,_T,_T,0_TO_100,_Z,_Z,_Z,2012,41.8,_Z,IX,2,WB_WDI,P1Y,0,A,PU,Annual,El Salvador,Gini index,Total,All age ranges or no breakdown by age,Total,0-100 scale,Not Applicable,Not Applicable,Not Applicable,Not Applicable,Index,Two,World Development Indicators (WDI),Annual,Units,Normal value,Public
datastructure,WB.DATA360:DS_DATA360(1.3),I,A,EST,WB_WDI_SI_POV_GINI,_T,_T,_T,0_TO_100,_Z,_Z,_Z,2012,32.9,_Z,IX,2,WB_WDI,P1Y,0,A,PU,Annual,Estonia,Gini index,Total,All age ranges or no breakdown by age,Total,0-100 scale,Not Applicable,Not Applicable,Not Applicable,Not Applicable,Index,Two,World Development Indicators (WDI),Annual,Units,Normal value,Public
datastructure,WB.DATA360:DS_DATA360(1.3),I,A,FIN,WB_WDI_SI_POV_GINI,_T,_T,_T,0_TO_100,_Z,_Z,_Z,2012,27.1,_Z,IX,2,WB_WDI,P1Y,0,A,PU,Annual,Finland,Gini index,Total,All age ranges or no breakdown by age,Total,0-100 scale,Not Applicable,Not Applicable,Not Applicable,Not Applicable,Index,Two,World Development Indicators (WDI),Annual,Units,Normal value,Public
datastructure,WB.DATA360:DS_DATA360(1.3),I,A,FRA,WB_WDI_SI_POV_GINI,_T,_T,_T,0_TO_100,_Z,_Z,_Z,2012,33.1,_Z,IX,2,WB_WDI,P1Y,0,A,PU,Annual,France,Gini index,Total,All age ranges or no breakdown by age,Total,0-100 scale,Not Applicable,Not Applicable,Not Applicable,Not Applicable,Index,Two,World Development Indicators (WDI),Annual,Units,Normal value,Public
datastructure,WB.DATA360:DS_DATA360(1.3),I,A,SEN,WB_WDI_SI_POV_GINI,_T,_T,_T,0_TO_100,_Z,_Z,_Z,2011,40.3,_Z,IX,2,WB_WDI,P1Y,0,A,PU,Annual,Senegal,Gini index,Total,All age ranges or no breakdown by age,Total,0-100 scale,Not Applicable,Not Applicable,Not Applicable,Not Applicable,Index,Two,World Development Indicators (WDI),Annual,Units,Normal value,Public
datastructure,WB.DATA360:DS_DATA360(1.3),I,A,SLE,WB_WDI_SI_POV_GINI,_T,_T,_T,0_TO_100,_Z,_Z,_Z,2011,34.0,_Z,IX,2,WB_WDI,P1Y,0,A,PU,Annual,Sierra Leone,Gini index,Total,All age ranges or no breakdown by age,Total,0-100 scale,Not Applicable,Not Applicable,Not Applicable,Not Applicable,Index,Two,World Development Indicators (WDI),Annual,Units,Normal value,Public
datastructure,WB.DATA360:DS_DATA360(1.3),I,A,SVK,WB_WDI_SI_POV_GINI,_T,_T,_T,0_TO_100,_Z,_Z,_Z,2011,26.5,_Z,IX,2,WB_WDI,P1Y,0,A,PU,Annual,Slovak Republic,Gini index,Total,All age ranges or no breakdown by age,Total,0-100 scale,Not Applicable,Not Applicable,Not Applicable,Not Applicable,Index,Two,World Development Indicators (WDI),Annual,Units,Normal value,Public
datastructure,WB.DATA360:DS_DATA360(1.3),I,A,SVN,WB_WDI_SI_POV_GINI,_T,_T,_T,0_TO_100,_Z,_Z,_Z,2011,24.9,_Z,IX,2,WB_WDI,P1Y,0,A,PU,Annual,Slovenia,Gini index,Total,All age ranges or no breakdown by age,Total,0-100 scale,Not Applicable,Not Applicable,Not Applicable,Not Applicable,Index,Two,World Development Indicators (WDI),Annual,Units,Normal value,Public
datastructure,WB.DATA360:DS_DATA360(1.3),I,A,FIN,WB_WDI_SI_POV_GINI,_T,_T,_T,0_TO_100,_Z,_Z,_Z,2006,28.0,_Z,IX,2,WB_WDI,P1Y,0,A,PU,Annual,Finland,Gini index,Total,All age ranges or no breakdown by age,Total,0-100 scale,Not Applicable,Not Applicable,Not Applicable,Not Applicable,Index,Two,World Development Indicators (WDI),Annual,Units,Normal value,Public
datastructure,WB.DATA360:DS_DATA360(1.3),I,A,FRA,WB_WDI_SI_POV_GINI,_T,_T,_T,0_TO_100,_Z,_Z,_Z,2006,29.7,_Z,IX,2,WB_WDI,P1Y,0,A,PU,Annual,France,Gini index,Total,All age ranges or no breakdown by age,Total,0-100 scale,Not Applicable,Not Applicable,Not Applicable,Not Applicable,Index,Two,World Development Indicators (WDI),Annual,Units,Normal value,Public
datastructure,WB.DATA360:DS_DATA360(1.3),I,A,GEO,WB_WDI_SI_POV_GINI,_T,_T,_T,0_TO_100,_Z,_Z,_Z,2006,36.9,_Z,IX,2,WB_WDI,P1Y,0,A,PU,Annual,Georgia,Gini index,Total,All age ranges or no breakdown by age,Total,0-100 scale,Not Applicable,Not Applicable,Not Applicable,Not Applicable,Index,Two,World Development Indicators (WDI),Annual,Units,Normal value,Public
datastructure,WB.DATA360:DS_DATA360(1.3),I,A,DEU,WB_WDI_SI_POV_GINI,_T,_T,_T,0_TO_100,_Z,_Z,_Z,2006,31.0,_Z,IX,2,WB_WDI,P1Y,0,A,PU,Annual,Germany,Gini index,Total,All age ranges or no breakdown by age,Total,0-100 scale,Not Applicable,Not Applicable,Not Applicable,Not Applicable,Index,Two,World Development Indicators (WDI),Annual,Units,Normal value,Public
datastructure,WB.DATA360:DS_DATA360(1.3),I,A,GRC,WB_WDI_SI_POV_GINI,_T,_T,_T,0_TO_100,_Z,_Z,_Z,2006,35.1,_Z,IX,2,WB_WDI,P1Y,0,A,PU,Annual,Greece,Gini index,Total,All age ranges or no breakdown by age,Total,0-100 scale,Not Applicable,Not Applicable,Not Applicable,Not Applicable,Index,Two,World Development Indicators (WDI),Annual,Units,Normal value,Public
datastructure,WB.DATA360:DS_DATA360(1.3),I,A,MDA,WB_WDI_SI_POV_GINI,_T,_T,_T,0_TO_100,_Z,_Z,_Z,2011,30.6,_Z,IX,2,WB_WDI,P1Y,0,A,PU,Annual,Moldova,Gini index,Total,All age ranges or no breakdown by age,Total,0-100 scale,Not Applicable,Not Applicable,Not Applicable,Not Applicable,Index,Two,World Development Indicators (WDI),Annual,Units,Normal value,Public
datastructure,WB.DATA360:DS_DATA360(1.3),I,A,MNG,WB_WDI_SI_POV_GINI,_T,_T,_T,0_TO_100,_Z,_Z,_Z,2011,33.9,_Z,IX,2,WB_WDI,P1Y,0,A,PU,Annual,Mongolia,Gini index,Total,All age ranges or no breakdown by age,Total,0-100 scale,Not Applicable,Not Applicable,Not Applicable,Not Applicable,Index,Two,World Development Indicators (WDI),Annual,Units,Normal value,Public
datastructure,WB.DATA360:DS_DATA360(1.3),I,A,MNE,WB_WDI_SI_POV_GINI,_T,_T,_T,0_TO_100,_Z,_Z,_Z,2011,30.8,_Z,IX,2,WB_WDI,P1Y,0,A,PU,Annual,Montenegro,Gini index,Total,All age ranges or no breakdown by age,Total,0-100 scale,Not Applicable,Not Applicable,Not Applicable,Not Applicable,Index,Two,World Development Indicators (WDI),Annual,Units,Normal value,Public
datastructure,WB.DATA360:DS_DATA360(1.3),I,A,NLD,WB_WDI_SI_POV_GINI,_T,_T,_T,0_TO_100,_Z,_Z,_Z,2011,27.8,_Z,IX,2,WB_WDI,P1Y,0,A,PU,Annual,Netherlands,Gini index,Total,All age ranges or no breakdown by age,Total,0-100 scale,Not Applicable,Not Applicable,Not Applicable,Not Applicable,Index,Two,World Development Indicators (WDI),Annual,Units,Normal value,Public
datastructure,WB.DATA360:DS_DATA360(1.3),I,A,SRB,WB_WDI_SI_POV_GINI,_T,_T,_T,0_TO_100,_Z,_Z,_Z,2012,39.9,_Z,IX,2,WB_WDI,P1Y,0,A,PU,Annual,Serbia,Gini index,Total,All age ranges or no breakdown by age,Total,0-100 scale,Not Applicable,Not Applicable,Not Applicable,Not Applicable,Index,Two,World Development Indicators (WDI),Annual,Units,Normal value,Public
datastructure,WB.DATA360:DS_DATA360(1.3),I,A,SVK,WB_WDI_SI_POV_GINI,_T,_T,_T,0_TO_100,_Z,_Z,_Z,2012,26.1,_Z,IX,2,WB_WDI,P1Y,0,A,PU,Annual,Slovak Republic,Gini index,Total,All age ranges or no breakdown by age,Total,0-100 scale,Not Applicable,Not Applicable,Not Applicable,Not Applicable,Index,Two,World Development Indicators (WDI),Annual,Units,Normal value,Public
datastructure,WB.DATA360:DS_DATA360(1.3),I,A,SVN,WB_WDI_SI_POV_GINI,_T,_T,_T,0_TO_100,_Z,_Z,_Z,2012,25.6,_Z,IX,2,WB_WDI,P1Y,0,A,PU,Annual,Slovenia,Gini index,Total,All age ranges or no breakdown by age,Total,0-100 scale,Not Applicable,Not Applicable,Not Applicable,Not Applicable,Index,Two,World Development Indicators (WDI),Annual,Units,Normal value,Public
datastructure,WB.DATA360:DS_DATA360(1.3),I,A,SLB,WB_WDI_SI_POV_GINI,_T,_T,_T,0_TO_100,_Z,_Z,_Z,2012,37.1,_Z,IX,2,WB_WDI,P1Y,0,A,PU,Annual,Solomon Islands,Gini index,Total,All age ranges or no breakdown by age,Total,0-100 scale,Not Applicable,Not Applicable,Not Applicable,Not Applicable,Index,Two,World Development Indicators (WDI),Annual,Units,Normal value,Public
datastructure,WB.DATA360:DS_DATA360(1.3),I,A,FRA,WB_WDI_SI_POV_GINI,_T,_T,_T,0_TO_100,_Z,_Z,_Z,2011,33.3,_Z,IX,2,WB_WDI,P1Y,0,A,PU,Annual,France,Gini index,Total,All age ranges or no breakdown by age,Total,0-100 scale,Not Applicable,Not Applicable,Not Applicable,Not Applicable,Index,Two,World Development Indicators (WDI),Annual,Units,Normal value,Public
datastructure,WB.DATA360:DS_DATA360(1.3),I,A,GEO,WB_WDI_SI_POV_GINI,_T,_T,_T,0_TO_100,_Z,_Z,_Z,2011,39.6,_Z,IX,2,WB_WDI,P1Y,0,A,PU,Annual,Georgia,Gini index,Total,All age ranges or no breakdown by age,Total,0-100 scale,Not Applicable,Not Applicable,Not Applicable,Not Applicable,Index,Two,World Development Indicators (WDI),Annual,Units,Normal value,Public
datastructure,WB.DATA360:DS_DATA360(1.3),I,A,DEU,WB_WDI_SI_POV_GINI,_T,_T,_T,0_TO_100,_Z,_Z,_Z,2011,30.4,_Z,IX,2,WB_WDI,P1Y,0,A,PU,Annual,Germany,Gini index,Total,All age ranges or no breakdown by age,Total,0-100 scale,Not Applicable,Not Applicable,Not Applicable,Not Applicable,Index,Two,World Development Indicators (WDI),Annual,Units,Normal value,Public
datastructure,WB.DATA360:DS_DATA360(1.3),I,A,GRC,WB_WDI_SI_POV_GINI,_T,_T,_T,0_TO_100,_Z,_Z,_Z,2011,34.8,_Z,IX,2,WB_WDI,P1Y,0,A,PU,Annual,Greece,Gini index,Total,All age ranges or no breakdown by age,Total,0-100 scale,Not Applicable,Not Applicable,Not Applicable,Not Applicable,Index,Two,World Development Indicators (WDI),Annual,Units,Normal value,Public
datastructure,WB.DATA360:DS_DATA360(1.3),I,A,BRA,WB_WDI_SI_POV_GINI,_T,_T,_T,0_TO_100,_Z,_Z,_Z,2013,52.7,_Z,IX,2,WB_WDI,P1Y,0,A,PU,Annual,Brazil,Gini index,Total,All age ranges or no breakdown by age,Total,0-100 scale,Not Applicable,Not Applicable,Not Applicable,Not Applicable,Index,Two,World Development Indicators (WDI),Annual,Units,Normal value,Public
datastructure,WB.DATA360:DS_DATA360(1.3),I,A,BGR,WB_WDI_SI_POV_GINI,_T,_T,_T,0_TO_100,_Z,_Z,_Z,2013,36.6,_Z,IX,2,WB_WDI,P1Y,0,A,PU,Annual,Bulgaria,Gini index,Total,All age ranges or no breakdown by age,Total,0-100 scale,Not Applicable,Not Applicable,Not Applicable,Not Applicable,Index,Two,World Development Indicators (WDI),Annual,Units,Normal value,Public
datastructure,WB.DATA360:DS_DATA360(1.3),I,A,BDI,WB_WDI_SI_POV_GINI,_T,_T,_T,0_TO_100,_Z,_Z,_Z,2013,38.6,_Z,IX,2,WB_WDI,P1Y,0,A,PU,Annual,Burundi,Gini index,Total,All age ranges or no breakdown by age,Total,0-100 scale,Not Applicable,Not Applicable,Not Applicable,Not Applicable,Index,Two,World Development Indicators (WDI),Annual,Units,Normal value,Public
datastructure,WB.DATA360:DS_DATA360(1.3),I,A,CAN,WB_WDI_SI_POV_GINI,_T,_T,_T,0_TO_100,_Z,_Z,_Z,2013,33.8,_Z,IX,2,WB_WDI,P1Y,0,A,PU,Annual,Canada,Gini index,Total,All age ranges or no breakdown by age,Total,0-100 scale,Not Applicable,Not Applicable,Not Applicable,Not Applicable,Index,Two,World Development Indicators (WDI),Annual,Units,Normal value,Public
datastructure,WB.DATA360:DS_DATA360(1.3),I,A,POL,WB_WDI_SI_POV_GINI,_T,_T,_T,0_TO_100,_Z,_Z,_Z,2016,31.2,_Z,IX,2,WB_WDI,P1Y,0,A,PU,Annual,Poland,Gini index,Total,All age ranges or no breakdown by age,Total,0-100 scale,Not Applicable,Not Applicable,Not Applicable,Not Applicable,Index,Two,World Development Indicators (WDI),Annual,Units,Normal value,Public
datastructure,WB.DATA360:DS_DATA360(1.3),I,A,PRT,WB_WDI_SI_POV_GINI,_T,_T,_T,0_TO_100,_Z,_Z,_Z,2016,35.2,_Z,IX,2,WB_WDI,P1Y,0,A,PU,Annual,Portugal,Gini index,Total,All age ranges or no breakdown by age,Total,0-100 scale,Not Applicable,Not Applicable,Not Applicable,Not Applicable,Index,Two,World Development Indicators (WDI),Annual,Units,Normal value,Public
datastructure,WB.DATA360:DS_DATA360(1.3),I,A,ROU,WB_WDI_SI_POV_GINI,_T,_T,_T,0_TO_100,_Z,_Z,_Z,2016,34.4,_Z,IX,2,WB_WDI,P1Y,0,A,PU,Annual,Romania,Gini index,Total,All age ranges or no breakdown by age,Total,0-100 scale,Not Applicable,Not Applicable,Not Applicable,Not Applicable,Index,Two,World Development Indicators (WDI),Annual,Units,Normal value,Public
datastructure,WB.DATA360:DS_DATA360(1.3),I,A,RUS,WB_WDI_SI_POV_GINI,_T,_T,_T,0_TO_100,_Z,_Z,_Z,2016,36.7,_Z,IX,2,WB_WDI,P1Y,0,A,PU,Annual,Russian Federation,Gini index,Total,All age ranges or no breakdown by age,Total,0-100 scale,Not Applicable,Not Applicable,Not Applicable,Not Applicable,Index,Two,World Development Indicators (WDI),Annual,Units,Normal value,Public
datastructure,WB.DATA360:DS_DATA360(1.3),I,A,RWA,WB_WDI_SI_POV_GINI,_T,_T,_T,0_TO_100,_Z,_Z,_Z,2016,43.7,_Z,IX,2,WB_WDI,P1Y,0,A,PU,Annual,Rwanda,Gini index,Total,All age ranges or no breakdown by age,Total,0-100 scale,Not Applicable,Not Applicable,Not Applicable,Not Applicable,Index,Two,World Development Indicators (WDI),Annual,Units,Normal value,Public
datastructure,WB.DATA360:DS_DATA360(1.3),I,A,BOL,WB_WDI_SI_POV_GINI,_T,_T,_T,0_TO_100,_Z,_Z,_Z,2008,50.8,_Z,IX,2,WB_WDI,P1Y,0,A,PU,Annual,Bolivia,Gini index,Total,All age ranges or no breakdown by age,Total,0-100 scale,Not Applicable,Not Applicable,Not Applicable,Not Applicable,Index,Two,World Development Indicators (WDI),Annual,Units,Normal value,Public
datastructure,WB.DATA360:DS_DATA360(1.3),I,A,BRA,WB_WDI_SI_POV_GINI,_T,_T,_T,0_TO_100,_Z,_Z,_Z,2008,54.0,_Z,IX,2,WB_WDI,P1Y,0,A,PU,Annual,Brazil,Gini index,Total,All age ranges or no breakdown by age,Total,0-100 scale,Not Applicable,Not Applicable,Not Applicable,Not Applicable,Index,Two,World Development Indicators (WDI),Annual,Units,Normal value,Public
datastructure,WB.DATA360:DS_DATA360(1.3),I,A,BGR,WB_WDI_SI_POV_GINI,_T,_T,_T,0_TO_100,_Z,_Z,_Z,2008,33.6,_Z,IX,2,WB_WDI,P1Y,0,A,PU,Annual,Bulgaria,Gini index,Total,All age ranges or no breakdown by age,Total,0-100 scale,Not Applicable,Not Applicable,Not Applicable,Not Applicable,Index,Two,World Development Indicators (WDI),Annual,Units,Normal value,Public
datastructure,WB.DATA360:DS_DATA360(1.3),I,A,GMB,WB_WDI_SI_POV_GINI,_T,_T,_T,0_TO_100,_Z,_Z,_Z,2015,35.9,_Z,IX,2,WB_WDI,P1Y,0,A,PU,Annual,"Gambia, The",Gini index,Total,All age ranges or no breakdown by age,Total,0-100 scale,Not Applicable,Not Applicable,Not Applicable,Not Applicable,Index,Two,World Development Indicators (WDI),Annual,Units,Normal value,Public
datastructure,WB.DATA360:DS_DATA360(1.3),I,A,GEO,WB_WDI_SI_POV_GINI,_T,_T,_T,0_TO_100,_Z,_Z,_Z,2015,36.5,_Z,IX,2,WB_WDI,P1Y,0,A,PU,Annual,Georgia,Gini index,Total,All age ranges or no breakdown by age,Total,0-100 scale,Not Applicable,Not Applicable,Not Applicable,Not Applicable,Index,Two,World Development Indicators (WDI),Annual,Units,Normal value,Public
datastructure,WB.DATA360:DS_DATA360(1.3),I,A,DEU,WB_WDI_SI_POV_GINI,_T,_T,_T,0_TO_100,_Z,_Z,_Z,2015,31.4,_Z,IX,2,WB_WDI,P1Y,0,A,PU,Annual,Germany,Gini index,Total,All age ranges or no breakdown by age,Total,0-100 scale,Not Applicable,Not Applicable,Not Applicable,Not Applicable,Index,Two,World Development Indicators (WDI),Annual,Units,Normal value,Public
datastructure,WB.DATA360:DS_DATA360(1.3),I,A,GRC,WB_WDI_SI_POV_GINI,_T,_T,_T,0_TO_100,_Z,_Z,_Z,2015,36.0,_Z,IX,2,WB_WDI,P1Y,0,A,PU,Annual,Greece,Gini index,Total,All age ranges or no breakdown by age,Total,0-100 scale,Not Applicable,Not Applicable,Not Applicable,Not Applicable,Index,Two,World Development Indicators (WDI),Annual,Units,Normal value,Public
datastructure,WB.DATA360:DS_DATA360(1.3),I,A,GTM,WB_WDI_SI_POV_GINI,_T,_T,_T,0_TO_100,_Z,_Z,_Z,2006,54.5,_Z,IX,2,WB_WDI,P1Y,0,A,PU,Annual,Guatemala,Gini index,Total,All age ranges or no breakdown by age,Total,0-100 scale,Not Applicable,Not Applicable,Not Applicable,Not Applicable,Index,Two,World Development Indicators (WDI),Annual,Units,Normal value,Public
datastructure,WB.DATA360:DS_DATA360(1.3),I,A,HND,WB_WDI_SI_POV_GINI,_T,_T,_T,0_TO_100,_Z,_Z,_Z,2006,57.5,_Z,IX,2,WB_WDI,P1Y,0,A,PU,Annual,Honduras,Gini index,Total,All age ranges or no breakdown by age,Total,0-100 scale,Not Applicable,Not Applicable,Not Applicable,Not Applicable,Index,Two,World Development Indicators (WDI),Annual,Units,Normal value,Public
datastructure,WB.DATA360:DS_DATA360(1.3),I,A,HUN,WB_WDI_SI_POV_GINI,_T,_T,_T,0_TO_100,_Z,_Z,_Z,2006,28.3,_Z,IX,2,WB_WDI,P1Y,0,A,PU,Annual,Hungary,Gini index,Total,All age ranges or no breakdown by age,Total,0-100 scale,Not Applicable,Not Applicable,Not Applicable,Not Applicable,Index,Two,World Development Indicators (WDI),Annual,Units,Normal value,Public
datastructure,WB.DATA360:DS_DATA360(1.3),I,A,ISL,WB_WDI_SI_POV_GINI,_T,_T,_T,0_TO_100,_Z,_Z,_Z,2006,30.2,_Z,IX,2,WB_WDI,P1Y,0,A,PU,Annual,Iceland,Gini index,Total,All age ranges or no breakdown by age,Total,0-100 scale,Not Applicable,Not Applicable,Not Applicable,Not Applicable,Index,Two,World Development Indicators (WDI),Annual,Units,Normal value,Public
datastructure,WB.DATA360:DS_DATA360(1.3),I,A,BGR,WB_WDI_SI_POV_GINI,_T,_T,_T,0_TO_100,_Z,_Z,_Z,2021,39.0,_Z,IX,2,WB_WDI,P1Y,0,A,PU,Annual,Bulgaria,Gini index,Total,All age ranges or no breakdown by age,Total,0-100 scale,Not Applicable,Not Applicable,Not Applicable,Not Applicable,Index,Two,World Development Indicators (WDI),Annual,Units,Normal value,Public
datastructure,WB.DATA360:DS_DATA360(1.3),I,A,BFA,WB_WDI_SI_POV_GINI,_T,_T,_T,0_TO_100,_Z,_Z,_Z,2021,37.4,_Z,IX,2,WB_WDI,P1Y,0,A,PU,Annual,Burkina Faso,Gini index,Total,All age ranges or no breakdown by age,Total,0-100 scale,Not Applicable,Not Applicable,Not Applicable,Not Applicable,Index,Two,World Development Indicators (WDI),Annual,Units,Normal value,Public
datastructure,WB.DATA360:DS_DATA360(1.3),I,A,CMR,WB_WDI_SI_POV_GINI,_T,_T,_T,0_TO_100,_Z,_Z,_Z,2021,42.2,_Z,IX,2,WB_WDI,P1Y,0,A,PU,Annual,Cameroon,Gini index,Total,All age ranges or no breakdown by age,Total,0-100 scale,Not Applicable,Not Applicable,Not Applicable,Not Applicable,Index,Two,World Development Indicators (WDI),Annual,Units,Normal value,Public
datastructure,WB.DATA360:DS_DATA360(1.3),I,A,CAN,WB_WDI_SI_POV_GINI,_T,_T,_T,0_TO_100,_Z,_Z,_Z,2021,31.1,_Z,IX,2,WB_WDI,P1Y,0,A,PU,Annual,Canada,Gini index,Total,All age ranges or no breakdown by age,Total,0-100 scale,Not Applicable,Not Applicable,Not Applicable,Not Applicable,Index,Two,World Development Indicators (WDI),Annual,Units,Normal value,Public
datastructure,WB.DATA360:DS_DATA360(1.3),I,A,CAF,WB_WDI_SI_POV_GINI,_T,_T,_T,0_TO_100,_Z,_Z,_Z,2021,43.0,_Z,IX,2,WB_WDI,P1Y,0,A,PU,Annual,Central African Republic,Gini index,Total,All age ranges or no breakdown by age,Total,0-100 scale,Not Applicable,Not Applicable,Not Applicable,Not Applicable,Index,Two,World Development Indicators (WDI),Annual,Units,Normal value,Public
datastructure,WB.DATA360:DS_DATA360(1.3),I,A,TZA,WB_WDI_SI_POV_GINI,_T,_T,_T,0_TO_100,_Z,_Z,_Z,2011,37.8,_Z,IX,2,WB_WDI,P1Y,0,A,PU,Annual,Tanzania,Gini index,Total,All age ranges or no breakdown by age,Total,0-100 scale,Not Applicable,Not Applicable,Not Applicable,Not Applicable,Index,Two,World Development Indicators (WDI),Annual,Units,Normal value,Public
datastructure,WB.DATA360:DS_DATA360(1.3),I,A,THA,WB_WDI_SI_POV_GINI,_T,_T,_T,0_TO_100,_Z,_Z,_Z,2011,37.5,_Z,IX,2,WB_WDI,P1Y,0,A,PU,Annual,Thailand,Gini index,Total,All age ranges or no breakdown by age,Total,0-100 scale,Not Applicable,Not Applicable,Not Applicable,Not Applicable,Index,Two,World Development Indicators (WDI),Annual,Units,Normal value,Public
datastructure,WB.DATA360:DS_DATA360(1.3),I,A,TGO,WB_WDI_SI_POV_GINI,_T,_T,_T,0_TO_100,_Z,_Z,_Z,2011,46.0,_Z,IX,2,WB_WDI,P1Y,0,A,PU,Annual,Togo,Gini index,Total,All age ranges or no breakdown by age,Total,0-100 scale,Not Applicable,Not Applicable,Not Applicable,Not Applicable,Index,Two,World Development Indicators (WDI),Annual,Units,Normal value,Public
datastructure,WB.DATA360:DS_DATA360(1.3),I,A,TUR,WB_WDI_SI_POV_GINI,_T,_T,_T,0_TO_100,_Z,_Z,_Z,2011,40.0,_Z,IX,2,WB_WDI,P1Y,0,A,PU,Annual,Türkiye,Gini index,Total,All age ranges or no breakdown by age,Total,0-100 scale,Not Applicable,Not Applicable,Not Applicable,Not Applicable,Index,Two,World Development Indicators (WDI),Annual,Units,Normal value,Public
datastructure,WB.DATA360:DS_DATA360(1.3),I,A,HND,WB_WDI_SI_POV_GINI,_T,_T,_T,0_TO_100,_Z,_Z,_Z,2011,52.6,_Z,IX,2,WB_WDI,P1Y,0,A,PU,Annual,Honduras,Gini index,Total,All age ranges or no breakdown by age,Total,0-100 scale,Not Applicable,Not Applicable,Not Applicable,Not Applicable,Index,Two,World Development Indicators (WDI),Annual,Units,Normal value,Public
datastructure,WB.DATA360:DS_DATA360(1.3),I,A,HUN,WB_WDI_SI_POV_GINI,_T,_T,_T,0_TO_100,_Z,_Z,_Z,2011,29.2,_Z,IX,2,WB_WDI,P1Y,0,A,PU,Annual,Hungary,Gini index,Total,All age ranges or no breakdown by age,Total,0-100 scale,Not Applicable,Not Applicable,Not Applicable,Not Applicable,Index,Two,World Development Indicators (WDI),Annual,Units,Normal value,Public
datastructure,WB.DATA360:DS_DATA360(1.3),I,A,ISL,WB_WDI_SI_POV_GINI,_T,_T,_T,0_TO_100,_Z,_Z,_Z,2011,26.8,_Z,IX,2,WB_WDI,P1Y,0,A,PU,Annual,Iceland,Gini index,Total,All age ranges or no breakdown by age,Total,0-100 scale,Not Applicable,Not Applicable,Not Applicable,Not Applicable,Index,Two,World Development Indicators (WDI),Annual,Units,Normal value,Public
datastructure,WB.DATA360:DS_DATA360(1.3),I,A,IND,WB_WDI_SI_POV_GINI,_T,_T,_T,0_TO_100,_Z,_Z,_Z,2011,28.8,_Z,IX,2,WB_WDI,P1Y,0,A,PU,Annual,India,Gini index,Total,All age ranges or no breakdown by age,Total,0-100 scale,Not Applicable,Not Applicable,Not Applicable,Not Applicable,Index,Two,World Development Indicators (WDI),Annual,Units,Normal value,Public
datastructure,WB.DATA360:DS_DATA360(1.3),I,A,IDN,WB_WDI_SI_POV_GINI,_T,_T,_T,0_TO_100,_Z,_Z,_Z,2011,37.9,_Z,IX,2,WB_WDI,P1Y,0,A,PU,Annual,Indonesia,Gini index,Total,All age ranges or no breakdown by age,Total,0-100 scale,Not Applicable,Not Applicable,Not Applicable,Not Applicable,Index,Two,World Development Indicators (WDI),Annual,Units,Normal value,Public
datastructure,WB.DATA360:DS_DATA360(1.3),I,A,IRN,WB_WDI_SI_POV_GINI,_T,_T,_T,0_TO_100,_Z,_Z,_Z,2011,34.7,_Z,IX,2,WB_WDI,P1Y,0,A,PU,Annual,"Iran, Islamic Rep.",Gini index,Total,All age ranges or no breakdown by age,Total,0-100 scale,Not Applicable,Not Applicable,Not Applicable,Not Applicable,Index,Two,World Development Indicators (WDI),Annual,Units,Normal value,Public
datastructure,WB.DATA360:DS_DATA360(1.3),I,A,HUN,WB_WDI_SI_POV_GINI,_T,_T,_T,0_TO_100,_Z,_Z,_Z,2013,31.5,_Z,IX,2,WB_WDI,P1Y,0,A,PU,Annual,Hungary,Gini index,Total,All age ranges or no breakdown by age,Total,0-100 scale,Not Applicable,Not Applicable,Not Applicable,Not Applicable,Index,Two,World Development Indicators (WDI),Annual,Units,Normal value,Public
datastructure,WB.DATA360:DS_DATA360(1.3),I,A,ISL,WB_WDI_SI_POV_GINI,_T,_T,_T,0_TO_100,_Z,_Z,_Z,2013,25.4,_Z,IX,2,WB_WDI,P1Y,0,A,PU,Annual,Iceland,Gini index,Total,All age ranges or no breakdown by age,Total,0-100 scale,Not Applicable,Not Applicable,Not Applicable,Not Applicable,Index,Two,World Development Indicators (WDI),Annual,Units,Normal value,Public
datastructure,WB.DATA360:DS_DATA360(1.3),I,A,IDN,WB_WDI_SI_POV_GINI,_T,_T,_T,0_TO_100,_Z,_Z,_Z,2013,38.9,_Z,IX,2,WB_WDI,P1Y,0,A,PU,Annual,Indonesia,Gini index,Total,All age ranges or no breakdown by age,Total,0-100 scale,Not Applicable,Not Applicable,Not Applicable,Not Applicable,Index,Two,World Development Indicators (WDI),Annual,Units,Normal value,Public
datastructure,WB.DATA360:DS_DATA360(1.3),I,A,IRN,WB_WDI_SI_POV_GINI,_T,_T,_T,0_TO_100,_Z,_Z,_Z,2013,34.0,_Z,IX,2,WB_WDI,P1Y,0,A,PU,Annual,"Iran, Islamic Rep.",Gini index,Total,All age ranges or no breakdown by age,Total,0-100 scale,Not Applicable,Not Applicable,Not Applicable,Not Applicable,Index,Two,World Development Indicators (WDI),Annual,Units,Normal value,Public
datastructure,WB.DATA360:DS_DATA360(1.3),I,A,IRL,WB_WDI_SI_POV_GINI,_T,_T,_T,0_TO_100,_Z,_Z,_Z,2013,33.5,_Z,IX,2,WB_WDI,P1Y,0,A,PU,Annual,Ireland,Gini index,Total,All age ranges or no breakdown by age,Total,0-100 scale,Not Applicable,Not Applicable,Not Applicable,Not Applicable,Index,Two,World Development Indicators (WDI),Annual,Units,Normal value,Public
datastructure,WB.DATA360:DS_DATA360(1.3),I,A,ISR,WB_WDI_SI_POV_GINI,_T,_T,_T,0_TO_100,_Z,_Z,_Z,2013,39.9,_Z,IX,2,WB_WDI,P1Y,0,A,PU,Annual,Israel,Gini index,Total,All age ranges or no breakdown by age,Total,0-100 scale,Not Applicable,Not Applicable,Not Applicable,Not Applicable,Index,Two,World Development Indicators (WDI),Annual,Units,Normal value,Public
datastructure,WB.DATA360:DS_DATA360(1.3),I,A,ITA,WB_WDI_SI_POV_GINI,_T,_T,_T,0_TO_100,_Z,_Z,_Z,2013,34.9,_Z,IX,2,WB_WDI,P1Y,0,A,PU,Annual,Italy,Gini index,Total,All age ranges or no breakdown by age,Total,0-100 scale,Not Applicable,Not Applicable,Not Applicable,Not Applicable,Index,Two,World Development Indicators (WDI),Annual,Units,Normal value,Public
datastructure,WB.DATA360:DS_DATA360(1.3),I,A,JPN,WB_WDI_SI_POV_GINI,_T,_T,_T,0_TO_100,_Z,_Z,_Z,2013,31.5,_Z,IX,2,WB_WDI,P1Y,0,A,PU,Annual,Japan,Gini index,Total,All age ranges or no breakdown by age,Total,0-100 scale,Not Applicable,Not Applicable,Not Applicable,Not Applicable,Index,Two,World Development Indicators (WDI),Annual,Units,Normal value,Public
datastructure,WB.DATA360:DS_DATA360(1.3),I,A,HUN,WB_WDI_SI_POV_GINI,_T,_T,_T,0_TO_100,_Z,_Z,_Z,2000,27.2,_Z,IX,2,WB_WDI,P1Y,0,A,PU,Annual,Hungary,Gini index,Total,All age ranges or no breakdown by age,Total,0-100 scale,Not Applicable,Not Applicable,Not Applicable,Not Applicable,Index,Two,World Development Indicators (WDI),Annual,Units,Normal value,Public
datastructure,WB.DATA360:DS_DATA360(1.3),I,A,IDN,WB_WDI_SI_POV_GINI,_T,_T,_T,0_TO_100,_Z,_Z,_Z,2000,30.3,_Z,IX,2,WB_WDI,P1Y,0,A,PU,Annual,Indonesia,Gini index,Total,All age ranges or no breakdown by age,Total,0-100 scale,Not Applicable,Not Applicable,Not Applicable,Not Applicable,Index,Two,World Development Indicators (WDI),Annual,Units,Normal value,Public
datastructure,WB.DATA360:DS_DATA360(1.3),I,A,IRL,WB_WDI_SI_POV_GINI,_T,_T,_T,0_TO_100,_Z,_Z,_Z,2000,33.0,_Z,IX,2,WB_WDI,P1Y,0,A,PU,Annual,Ireland,Gini index,Total,All age ranges or no breakdown by age,Total,0-100 scale,Not Applicable,Not Applicable,Not Applicable,Not Applicable,Index,Two,World Development Indicators (WDI),Annual,Units,Normal value,Public
datastructure,WB.DATA360:DS_DATA360(1.3),I,A,THA,WB_WDI_SI_POV_GINI,_T,_T,_T,0_TO_100,_Z,_Z,_Z,2020,35.0,_Z,IX,2,WB_WDI,P1Y,0,A,PU,Annual,Thailand,Gini index,Total,All age ranges or no breakdown by age,Total,0-100 scale,Not Applicable,Not Applicable,Not Applicable,Not Applicable,Index,Two,World Development Indicators (WDI),Annual,Units,Normal value,Public
datastructure,WB.DATA360:DS_DATA360(1.3),I,A,TUR,WB_WDI_SI_POV_GINI,_T,_T,_T,0_TO_100,_Z,_Z,_Z,2020,43.0,_Z,IX,2,WB_WDI,P1Y,0,A,PU,Annual,Türkiye,Gini index,Total,All age ranges or no breakdown by age,Total,0-100 scale,Not Applicable,Not Applicable,Not Applicable,Not Applicable,Index,Two,World Development Indicators (WDI),Annual,Units,Normal value,Public
datastructure,WB.DATA360:DS_DATA360(1.3),I,A,GBR,WB_WDI_SI_POV_GINI,_T,_T,_T,0_TO_100,_Z,_Z,_Z,1989,33.4,_Z,IX,2,WB_WDI,P1Y,0,A,PU,Annual,United Kingdom,Gini index,Total,All age ranges or no breakdown by age,Total,0-100 scale,Not Applicable,Not Applicable,Not Applicable,Not Applicable,Index,Two,World Development Indicators (WDI),Annual,Units,Normal value,Public
datastructure,WB.DATA360:DS_DATA360(1.3),I,A,USA,WB_WDI_SI_POV_GINI,_T,_T,_T,0_TO_100,_Z,_Z,_Z,1989,38.2,_Z,IX,2,WB_WDI,P1Y,0,A,PU,Annual,United States,Gini index,Total,All age ranges or no breakdown by age,Total,0-100 scale,Not Applicable,Not Applicable,Not Applicable,Not Applicable,Index,Two,World Development Indicators (WDI),Annual,Units,Normal value,Public
datastructure,WB.DATA360:DS_DATA360(1.3),I,A,URY,WB_WDI_SI_POV_GINI,_T,_T,_T,0_TO_100,_Z,_Z,_Z,1989,42.4,_Z,IX,2,WB_WDI,P1Y,0,A,PU,Annual,Uruguay,Gini index,Total,All age ranges or no breakdown by age,Total,0-100 scale,Not Applicable,Not Applicable,Not Applicable,Not Applicable,Index,Two,World Development Indicators (WDI),Annual,Units,Normal value,Public
datastructure,WB.DATA360:DS_DATA360(1.3),I,A,VEN,WB_WDI_SI_POV_GINI,_T,_T,_T,0_TO_100,_Z,_Z,_Z,1989,43.8,_Z,IX,2,WB_WDI,P1Y,0,A,PU,Annual,"Venezuela, RB",Gini index,Total,All age ranges or no breakdown by age,Total,0-100 scale,Not Applicable,Not Applicable,Not Applicable,Not Applicable,Index,Two,World Development Indicators (WDI),Annual,Units,Normal value,Public
datastructure,WB.DATA360:DS_DATA360(1.3),I,A,SWZ,WB_WDI_SI_POV_GINI,_T,_T,_T,0_TO_100,_Z,_Z,_Z,2016,54.6,_Z,IX,2,WB_WDI,P1Y,0,A,PU,Annual,Eswatini,Gini index,Total,All age ranges or no breakdown by age,Total,0-100 scale,Not Applicable,Not Applicable,Not Applicable,Not Applicable,Index,Two,World Development Indicators (WDI),Annual,Units,Normal value,Public
datastructure,WB.DATA360:DS_DATA360(1.3),I,A,FIN,WB_WDI_SI_POV_GINI,_T,_T,_T,0_TO_100,_Z,_Z,_Z,2016,27.1,_Z,IX,2,WB_WDI,P1Y,0,A,PU,Annual,Finland,Gini index,Total,All age ranges or no breakdown by age,Total,0-100 scale,Not Applicable,Not Applicable,Not Applicable,Not Applicable,Index,Two,World Development Indicators (WDI),Annual,Units,Normal value,Public
datastructure,WB.DATA360:DS_DATA360(1.3),I,A,FRA,WB_WDI_SI_POV_GINI,_T,_T,_T,0_TO_100,_Z,_Z,_Z,2016,31.9,_Z,IX,2,WB_WDI,P1Y,0,A,PU,Annual,France,Gini index,Total,All age ranges or no breakdown by age,Total,0-100 scale,Not Applicable,Not Applicable,Not Applicable,Not Applicable,Index,Two,World Development Indicators (WDI),Annual,Units,Normal value,Public
datastructure,WB.DATA360:DS_DATA360(1.3),I,A,GEO,WB_WDI_SI_POV_GINI,_T,_T,_T,0_TO_100,_Z,_Z,_Z,2016,36.6,_Z,IX,2,WB_WDI,P1Y,0,A,PU,Annual,Georgia,Gini index,Total,All age ranges or no breakdown by age,Total,0-100 scale,Not Applicable,Not Applicable,Not Applicable,Not Applicable,Index,Two,World Development Indicators (WDI),Annual,Units,Normal value,Public
datastructure,WB.DATA360:DS_DATA360(1.3),I,A,DEU,WB_WDI_SI_POV_GINI,_T,_T,_T,0_TO_100,_Z,_Z,_Z,2016,31.3,_Z,IX,2,WB_WDI,P1Y,0,A,PU,Annual,Germany,Gini index,Total,All age ranges or no breakdown by age,Total,0-100 scale,Not Applicable,Not Applicable,Not Applicable,Not Applicable,Index,Two,World Development Indicators (WDI),Annual,Units,Normal value,Public
datastructure,WB.DATA360:DS_DATA360(1.3),I,A,GHA,WB_WDI_SI_POV_GINI,_T,_T,_T,0_TO_100,_Z,_Z,_Z,2016,43.5,_Z,IX,2,WB_WDI,P1Y,0,A,PU,Annual,Ghana,Gini index,Total,All age ranges or no breakdown by age,Total,0-100 scale,Not Applicable,Not Applicable,Not Applicable,Not Applicable,Index,Two,World Development Indicators (WDI),Annual,Units,Normal value,Public
datastructure,WB.DATA360:DS_DATA360(1.3),I,A,ISR,WB_WDI_SI_POV_GINI,_T,_T,_T,0_TO_100,_Z,_Z,_Z,2007,41.1,_Z,IX,2,WB_WDI,P1Y,0,A,PU,Annual,Israel,Gini index,Total,All age ranges or no breakdown by age,Total,0-100 scale,Not Applicable,Not Applicable,Not Applicable,Not Applicable,Index,Two,World Development Indicators (WDI),Annual,Units,Normal value,Public
datastructure,WB.DATA360:DS_DATA360(1.3),I,A,ITA,WB_WDI_SI_POV_GINI,_T,_T,_T,0_TO_100,_Z,_Z,_Z,2007,32.9,_Z,IX,2,WB_WDI,P1Y,0,A,PU,Annual,Italy,Gini index,Total,All age ranges or no breakdown by age,Total,0-100 scale,Not Applicable,Not Applicable,Not Applicable,Not Applicable,Index,Two,World Development Indicators (WDI),Annual,Units,Normal value,Public
datastructure,WB.DATA360:DS_DATA360(1.3),I,A,KAZ,WB_WDI_SI_POV_GINI,_T,_T,_T,0_TO_100,_Z,_Z,_Z,2007,30.1,_Z,IX,2,WB_WDI,P1Y,0,A,PU,Annual,Kazakhstan,Gini index,Total,All age ranges or no breakdown by age,Total,0-100 scale,Not Applicable,Not Applicable,Not Applicable,Not Applicable,Index,Two,World Development Indicators (WDI),Annual,Units,Normal value,Public
datastructure,WB.DATA360:DS_DATA360(1.3),I,A,ARG,WB_WDI_SI_POV_GINI,_T,_T,_T,0_TO_100,_Z,_Z,_Z,2019,43.3,_Z,IX,2,WB_WDI,P1Y,0,A,PU,Annual,Argentina,Gini index,Total,All age ranges or no breakdown by age,Total,0-100 scale,Not Applicable,Not Applicable,Not Applicable,Not Applicable,Index,Two,World Development Indicators (WDI),Annual,Units,Normal value,Public
datastructure,WB.DATA360:DS_DATA360(1.3),I,A,ARM,WB_WDI_SI_POV_GINI,_T,_T,_T,0_TO_100,_Z,_Z,_Z,2019,30.0,_Z,IX,2,WB_WDI,P1Y,0,A,PU,Annual,Armenia,Gini index,Total,All age ranges or no breakdown by age,Total,0-100 scale,Not Applicable,Not Applicable,Not Applicable,Not Applicable,Index,Two,World Development Indicators (WDI),Annual,Units,Normal value,Public
datastructure,WB.DATA360:DS_DATA360(1.3),I,A,AUT,WB_WDI_SI_POV_GINI,_T,_T,_T,0_TO_100,_Z,_Z,_Z,2019,30.2,_Z,IX,2,WB_WDI,P1Y,0,A,PU,Annual,Austria,Gini index,Total,All age ranges or no breakdown by age,Total,0-100 scale,Not Applicable,Not Applicable,Not Applicable,Not Applicable,Index,Two,World Development Indicators (WDI),Annual,Units,Normal value,Public
datastructure,WB.DATA360:DS_DATA360(1.3),I,A,PRY,WB_WDI_SI_POV_GINI,_T,_T,_T,0_TO_100,_Z,_Z,_Z,2011,52.3,_Z,IX,2,WB_WDI,P1Y,0,A,PU,Annual,Paraguay,Gini index,Total,All age ranges or no breakdown by age,Total,0-100 scale,Not Applicable,Not Applicable,Not Applicable,Not Applicable,Index,Two,World Development Indicators (WDI),Annual,Units,Normal value,Public
datastructure,WB.DATA360:DS_DATA360(1.3),I,A,PER,WB_WDI_SI_POV_GINI,_T,_T,_T,0_TO_100,_Z,_Z,_Z,2011,44.7,_Z,IX,2,WB_WDI,P1Y,0,A,PU,Annual,Peru,Gini index,Total,All age ranges or no breakdown by age,Total,0-100 scale,Not Applicable,Not Applicable,Not Applicable,Not Applicable,Index,Two,World Development Indicators (WDI),Annual,Units,Normal value,Public
datastructure,WB.DATA360:DS_DATA360(1.3),I,A,POL,WB_WDI_SI_POV_GINI,_T,_T,_T,0_TO_100,_Z,_Z,_Z,2011,33.2,_Z,IX,2,WB_WDI,P1Y,0,A,PU,Annual,Poland,Gini index,Total,All age ranges or no breakdown by age,Total,0-100 scale,Not Applicable,Not Applicable,Not Applicable,Not Applicable,Index,Two,World Development Indicators (WDI),Annual,Units,Normal value,Public
datastructure,WB.DATA360:DS_DATA360(1.3),I,A,PRT,WB_WDI_SI_POV_GINI,_T,_T,_T,0_TO_100,_Z,_Z,_Z,2011,36.3,_Z,IX,2,WB_WDI,P1Y,0,A,PU,Annual,Portugal,Gini index,Total,All age ranges or no breakdown by age,Total,0-100 scale,Not Applicable,Not Applicable,Not Applicable,Not Applicable,Index,Two,World Development Indicators (WDI),Annual,Units,Normal value,Public
datastructure,WB.DATA360:DS_DATA360(1.3),I,A,ROU,WB_WDI_SI_POV_GINI,_T,_T,_T,0_TO_100,_Z,_Z,_Z,2011,35.9,_Z,IX,2,WB_WDI,P1Y,0,A,PU,Annual,Romania,Gini index,Total,All age ranges or no breakdown by age,Total,0-100 scale,Not Applicable,Not Applicable,Not Applicable,Not Applicable,Index,Two,World Development Indicators (WDI),Annual,Units,Normal value,Public
datastructure,WB.DATA360:DS_DATA360(1.3),I,A,RUS,WB_WDI_SI_POV_GINI,_T,_T,_T,0_TO_100,_Z,_Z,_Z,2011,39.7,_Z,IX,2,WB_WDI,P1Y,0,A,PU,Annual,Russian Federation,Gini index,Total,All age ranges or no breakdown by age,Total,0-100 scale,Not Applicable,Not Applicable,Not Applicable,Not Applicable,Index,Two,World Development Indicators (WDI),Annual,Units,Normal value,Public
datastructure,WB.DATA360:DS_DATA360(1.3),I,A,MEX,WB_WDI_SI_POV_GINI,_T,_T,_T,0_TO_100,_Z,_Z,_Z,1998,53.3,_Z,IX,2,WB_WDI,P1Y,0,A,PU,Annual,Mexico,Gini index,Total,All age ranges or no breakdown by age,Total,0-100 scale,Not Applicable,Not Applicable,Not Applicable,Not Applicable,Index,Two,World Development Indicators (WDI),Annual,Units,Normal value,Public
datastructure,WB.DATA360:DS_DATA360(1.3),I,A,MDA,WB_WDI_SI_POV_GINI,_T,_T,_T,0_TO_100,_Z,_Z,_Z,1998,39.5,_Z,IX,2,WB_WDI,P1Y,0,A,PU,Annual,Moldova,Gini index,Total,All age ranges or no breakdown by age,Total,0-100 scale,Not Applicable,Not Applicable,Not Applicable,Not Applicable,Index,Two,World Development Indicators (WDI),Annual,Units,Normal value,Public
datastructure,WB.DATA360:DS_DATA360(1.3),I,A,MNG,WB_WDI_SI_POV_GINI,_T,_T,_T,0_TO_100,_Z,_Z,_Z,1998,30.3,_Z,IX,2,WB_WDI,P1Y,0,A,PU,Annual,Mongolia,Gini index,Total,All age ranges or no breakdown by age,Total,0-100 scale,Not Applicable,Not Applicable,Not Applicable,Not Applicable,Index,Two,World Development Indicators (WDI),Annual,Units,Normal value,Public
datastructure,WB.DATA360:DS_DATA360(1.3),I,A,MAR,WB_WDI_SI_POV_GINI,_T,_T,_T,0_TO_100,_Z,_Z,_Z,1998,39.4,_Z,IX,2,WB_WDI,P1Y,0,A,PU,Annual,Morocco,Gini index,Total,All age ranges or no breakdown by age,Total,0-100 scale,Not Applicable,Not Applicable,Not Applicable,Not Applicable,Index,Two,World Development Indicators (WDI),Annual,Units,Normal value,Public
datastructure,WB.DATA360:DS_DATA360(1.3),I,A,NIC,WB_WDI_SI_POV_GINI,_T,_T,_T,0_TO_100,_Z,_Z,_Z,1998,54.4,_Z,IX,2,WB_WDI,P1Y,0,A,PU,Annual,Nicaragua,Gini index,Total,All age ranges or no breakdown by age,Total,0-100 scale,Not Applicable,Not Applicable,Not Applicable,Not Applicable,Index,Two,World Development Indicators (WDI),Annual,Units,Normal value,Public
datastructure,WB.DATA360:DS_DATA360(1.3),I,A,CAN,WB_WDI_SI_POV_GINI,_T,_T,_T,0_TO_100,_Z,_Z,_Z,2002,33.6,_Z,IX,2,WB_WDI,P1Y,0,A,PU,Annual,Canada,Gini index,Total,All age ranges or no breakdown by age,Total,0-100 scale,Not Applicable,Not Applicable,Not Applicable,Not Applicable,Index,Two,World Development Indicators (WDI),Annual,Units,Normal value,Public
datastructure,WB.DATA360:DS_DATA360(1.3),I,A,CHN,WB_WDI_SI_POV_GINI,_T,_T,_T,0_TO_100,_Z,_Z,_Z,2002,42.0,_Z,IX,2,WB_WDI,P1Y,0,A,PU,Annual,China,Gini index,Total,All age ranges or no breakdown by age,Total,0-100 scale,Not Applicable,Not Applicable,Not Applicable,Not Applicable,Index,Two,World Development Indicators (WDI),Annual,Units,Normal value,Public
datastructure,WB.DATA360:DS_DATA360(1.3),I,A,COL,WB_WDI_SI_POV_GINI,_T,_T,_T,0_TO_100,_Z,_Z,_Z,2002,56.0,_Z,IX,2,WB_WDI,P1Y,0,A,PU,Annual,Colombia,Gini index,Total,All age ranges or no breakdown by age,Total,0-100 scale,Not Applicable,Not Applicable,Not Applicable,Not Applicable,Index,Two,World Development Indicators (WDI),Annual,Units,Normal value,Public
datastructure,WB.DATA360:DS_DATA360(1.3),I,A,XKX,WB_WDI_SI_POV_GINI,_T,_T,_T,0_TO_100,_Z,_Z,_Z,2011,27.8,_Z,IX,2,WB_WDI,P1Y,0,A,PU,Annual,Kosovo,Gini index,Total,All age ranges or no breakdown by age,Total,0-100 scale,Not Applicable,Not Applicable,Not Applicable,Not Applicable,Index,Two,World Development Indicators (WDI),Annual,Units,Normal value,Public
datastructure,WB.DATA360:DS_DATA360(1.3),I,A,KGZ,WB_WDI_SI_POV_GINI,_T,_T,_T,0_TO_100,_Z,_Z,_Z,2011,27.8,_Z,IX,2,WB_WDI,P1Y,0,A,PU,Annual,Kyrgyz Republic,Gini index,Total,All age ranges or no breakdown by age,Total,0-100 scale,Not Applicable,Not Applicable,Not Applicable,Not Applicable,Index,Two,World Development Indicators (WDI),Annual,Units,Normal value,Public
datastructure,WB.DATA360:DS_DATA360(1.3),I,A,LVA,WB_WDI_SI_POV_GINI,_T,_T,_T,0_TO_100,_Z,_Z,_Z,2011,35.8,_Z,IX,2,WB_WDI,P1Y,0,A,PU,Annual,Latvia,Gini index,Total,All age ranges or no breakdown by age,Total,0-100 scale,Not Applicable,Not Applicable,Not Applicable,Not Applicable,Index,Two,World Development Indicators (WDI),Annual,Units,Normal value,Public
datastructure,WB.DATA360:DS_DATA360(1.3),I,A,LBN,WB_WDI_SI_POV_GINI,_T,_T,_T,0_TO_100,_Z,_Z,_Z,2011,31.8,_Z,IX,2,WB_WDI,P1Y,0,A,PU,Annual,Lebanon,Gini index,Total,All age ranges or no breakdown by age,Total,0-100 scale,Not Applicable,Not Applicable,Not Applicable,Not Applicable,Index,Two,World Development Indicators (WDI),Annual,Units,Normal value,Public
datastructure,WB.DATA360:DS_DATA360(1.3),I,A,LTU,WB_WDI_SI_POV_GINI,_T,_T,_T,0_TO_100,_Z,_Z,_Z,2011,32.5,_Z,IX,2,WB_WDI,P1Y,0,A,PU,Annual,Lithuania,Gini index,Total,All age ranges or no breakdown by age,Total,0-100 scale,Not Applicable,Not Applicable,Not Applicable,Not Applicable,Index,Two,World Development Indicators (WDI),Annual,Units,Normal value,Public
datastructure,WB.DATA360:DS_DATA360(1.3),I,A,LUX,WB_WDI_SI_POV_GINI,_T,_T,_T,0_TO_100,_Z,_Z,_Z,2011,32.1,_Z,IX,2,WB_WDI,P1Y,0,A,PU,Annual,Luxembourg,Gini index,Total,All age ranges or no breakdown by age,Total,0-100 scale,Not Applicable,Not Applicable,Not Applicable,Not Applicable,Index,Two,World Development Indicators (WDI),Annual,Units,Normal value,Public
datastructure,WB.DATA360:DS_DATA360(1.3),I,A,TGO,WB_WDI_SI_POV_GINI,_T,_T,_T,0_TO_100,_Z,_Z,_Z,2006,42.2,_Z,IX,2,WB_WDI,P1Y,0,A,PU,Annual,Togo,Gini index,Total,All age ranges or no breakdown by age,Total,0-100 scale,Not Applicable,Not Applicable,Not Applicable,Not Applicable,Index,Two,World Development Indicators (WDI),Annual,Units,Normal value,Public
datastructure,WB.DATA360:DS_DATA360(1.3),I,A,TUR,WB_WDI_SI_POV_GINI,_T,_T,_T,0_TO_100,_Z,_Z,_Z,2006,39.6,_Z,IX,2,WB_WDI,P1Y,0,A,PU,Annual,Türkiye,Gini index,Total,All age ranges or no breakdown by age,Total,0-100 scale,Not Applicable,Not Applicable,Not Applicable,Not Applicable,Index,Two,World Development Indicators (WDI),Annual,Units,Normal value,Public
datastructure,WB.DATA360:DS_DATA360(1.3),I,A,UKR,WB_WDI_SI_POV_GINI,_T,_T,_T,0_TO_100,_Z,_Z,_Z,2006,29.8,_Z,IX,2,WB_WDI,P1Y,0,A,PU,Annual,Ukraine,Gini index,Total,All age ranges or no breakdown by age,Total,0-100 scale,Not Applicable,Not Applicable,Not Applicable,Not Applicable,Index,Two,World Development Indicators (WDI),Annual,Units,Normal value,Public
datastructure,WB.DATA360:DS_DATA360(1.3),I,A,GBR,WB_WDI_SI_POV_GINI,_T,_T,_T,0_TO_100,_Z,_Z,_Z,2006,35.9,_Z,IX,2,WB_WDI,P1Y,0,A,PU,Annual,United Kingdom,Gini index,Total,All age ranges or no breakdown by age,Total,0-100 scale,Not Applicable,Not Applicable,Not Applicable,Not Applicable,Index,Two,World Development Indicators (WDI),Annual,Units,Normal value,Public
datastructure,WB.DATA360:DS_DATA360(1.3),I,A,ARG,WB_WDI_SI_POV_GINI,_T,_T,_T,0_TO_100,_Z,_Z,_Z,2009,43.8,_Z,IX,2,WB_WDI,P1Y,0,A,PU,Annual,Argentina,Gini index,Total,All age ranges or no breakdown by age,Total,0-100 scale,Not Applicable,Not Applicable,Not Applicable,Not Applicable,Index,Two,World Development Indicators (WDI),Annual,Units,Normal value,Public
datastructure,WB.DATA360:DS_DATA360(1.3),I,A,ARM,WB_WDI_SI_POV_GINI,_T,_T,_T,0_TO_100,_Z,_Z,_Z,2009,28.0,_Z,IX,2,WB_WDI,P1Y,0,A,PU,Annual,Armenia,Gini index,Total,All age ranges or no breakdown by age,Total,0-100 scale,Not Applicable,Not Applicable,Not Applicable,Not Applicable,Index,Two,World Development Indicators (WDI),Annual,Units,Normal value,Public
datastructure,WB.DATA360:DS_DATA360(1.3),I,A,AUT,WB_WDI_SI_POV_GINI,_T,_T,_T,0_TO_100,_Z,_Z,_Z,2009,31.5,_Z,IX,2,WB_WDI,P1Y,0,A,PU,Annual,Austria,Gini index,Total,All age ranges or no breakdown by age,Total,0-100 scale,Not Applicable,Not Applicable,Not Applicable,Not Applicable,Index,Two,World Development Indicators (WDI),Annual,Units,Normal value,Public
datastructure,WB.DATA360:DS_DATA360(1.3),I,A,GBR,WB_WDI_SI_POV_GINI,_T,_T,_T,0_TO_100,_Z,_Z,_Z,2016,33.1,_Z,IX,2,WB_WDI,P1Y,0,A,PU,Annual,United Kingdom,Gini index,Total,All age ranges or no breakdown by age,Total,0-100 scale,Not Applicable,Not Applicable,Not Applicable,Not Applicable,Index,Two,World Development Indicators (WDI),Annual,Units,Normal value,Public
datastructure,WB.DATA360:DS_DATA360(1.3),I,A,USA,WB_WDI_SI_POV_GINI,_T,_T,_T,0_TO_100,_Z,_Z,_Z,2016,41.3,_Z,IX,2,WB_WDI,P1Y,0,A,PU,Annual,United States,Gini index,Total,All age ranges or no breakdown by age,Total,0-100 scale,Not Applicable,Not Applicable,Not Applicable,Not Applicable,Index,Two,World Development Indicators (WDI),Annual,Units,Normal value,Public
datastructure,WB.DATA360:DS_DATA360(1.3),I,A,URY,WB_WDI_SI_POV_GINI,_T,_T,_T,0_TO_100,_Z,_Z,_Z,2016,39.7,_Z,IX,2,WB_WDI,P1Y,0,A,PU,Annual,Uruguay,Gini index,Total,All age ranges or no breakdown by age,Total,0-100 scale,Not Applicable,Not Applicable,Not Applicable,Not Applicable,Index,Two,World Development Indicators (WDI),Annual,Units,Normal value,Public
datastructure,WB.DATA360:DS_DATA360(1.3),I,A,VNM,WB_WDI_SI_POV_GINI,_T,_T,_T,0_TO_100,_Z,_Z,_Z,2016,35.3,_Z,IX,2,WB_WDI,P1Y,0,A,PU,Annual,Vietnam,Gini index,Total,All age ranges or no breakdown by age,Total,0-100 scale,Not Applicable,Not Applicable,Not Applicable,Not Applicable,Index,Two,World Development Indicators (WDI),Annual,Units,Normal value,Public
datastructure,WB.DATA360:DS_DATA360(1.3),I,A,PSE,WB_WDI_SI_POV_GINI,_T,_T,_T,0_TO_100,_Z,_Z,_Z,2016,33.7,_Z,IX,2,WB_WDI,P1Y,0,A,PU,Annual,West Bank and Gaza,Gini index,Total,All age ranges or no breakdown by age,Total,0-100 scale,Not Applicable,Not Applicable,Not Applicable,Not Applicable,Index,Two,World Development Indicators (WDI),Annual,Units,Normal value,Public
datastructure,WB.DATA360:DS_DATA360(1.3),I,A,SLV,WB_WDI_SI_POV_GINI,_T,_T,_T,0_TO_100,_Z,_Z,_Z,2018,38.6,_Z,IX,2,WB_WDI,P1Y,0,A,PU,Annual,El Salvador,Gini index,Total,All age ranges or no breakdown by age,Total,0-100 scale,Not Applicable,Not Applicable,Not Applicable,Not Applicable,Index,Two,World Development Indicators (WDI),Annual,Units,Normal value,Public
datastructure,WB.DATA360:DS_DATA360(1.3),I,A,EST,WB_WDI_SI_POV_GINI,_T,_T,_T,0_TO_100,_Z,_Z,_Z,2018,30.3,_Z,IX,2,WB_WDI,P1Y,0,A,PU,Annual,Estonia,Gini index,Total,All age ranges or no breakdown by age,Total,0-100 scale,Not Applicable,Not Applicable,Not Applicable,Not Applicable,Index,Two,World Development Indicators (WDI),Annual,Units,Normal value,Public
datastructure,WB.DATA360:DS_DATA360(1.3),I,A,FIN,WB_WDI_SI_POV_GINI,_T,_T,_T,0_TO_100,_Z,_Z,_Z,2018,27.3,_Z,IX,2,WB_WDI,P1Y,0,A,PU,Annual,Finland,Gini index,Total,All age ranges or no breakdown by age,Total,0-100 scale,Not Applicable,Not Applicable,Not Applicable,Not Applicable,Index,Two,World Development Indicators (WDI),Annual,Units,Normal value,Public
datastructure,WB.DATA360:DS_DATA360(1.3),I,A,FRA,WB_WDI_SI_POV_GINI,_T,_T,_T,0_TO_100,_Z,_Z,_Z,2018,32.4,_Z,IX,2,WB_WDI,P1Y,0,A,PU,Annual,France,Gini index,Total,All age ranges or no breakdown by age,Total,0-100 scale,Not Applicable,Not Applicable,Not Applicable,Not Applicable,Index,Two,World Development Indicators (WDI),Annual,Units,Normal value,Public
datastructure,WB.DATA360:DS_DATA360(1.3),I,A,ISR,WB_WDI_SI_POV_GINI,_T,_T,_T,0_TO_100,_Z,_Z,_Z,2004,41.5,_Z,IX,2,WB_WDI,P1Y,0,A,PU,Annual,Israel,Gini index,Total,All age ranges or no breakdown by age,Total,0-100 scale,Not Applicable,Not Applicable,Not Applicable,Not Applicable,Index,Two,World Development Indicators (WDI),Annual,Units,Normal value,Public
datastructure,WB.DATA360:DS_DATA360(1.3),I,A,ITA,WB_WDI_SI_POV_GINI,_T,_T,_T,0_TO_100,_Z,_Z,_Z,2004,34.3,_Z,IX,2,WB_WDI,P1Y,0,A,PU,Annual,Italy,Gini index,Total,All age ranges or no breakdown by age,Total,0-100 scale,Not Applicable,Not Applicable,Not Applicable,Not Applicable,Index,Two,World Development Indicators (WDI),Annual,Units,Normal value,Public
datastructure,WB.DATA360:DS_DATA360(1.3),I,A,JAM,WB_WDI_SI_POV_GINI,_T,_T,_T,0_TO_100,_Z,_Z,_Z,2004,45.5,_Z,IX,2,WB_WDI,P1Y,0,A,PU,Annual,Jamaica,Gini index,Total,All age ranges or no breakdown by age,Total,0-100 scale,Not Applicable,Not Applicable,Not Applicable,Not Applicable,Index,Two,World Development Indicators (WDI),Annual,Units,Normal value,Public
datastructure,WB.DATA360:DS_DATA360(1.3),I,A,KAZ,WB_WDI_SI_POV_GINI,_T,_T,_T,0_TO_100,_Z,_Z,_Z,2004,31.8,_Z,IX,2,WB_WDI,P1Y,0,A,PU,Annual,Kazakhstan,Gini index,Total,All age ranges or no breakdown by age,Total,0-100 scale,Not Applicable,Not Applicable,Not Applicable,Not Applicable,Index,Two,World Development Indicators (WDI),Annual,Units,Normal value,Public
datastructure,WB.DATA360:DS_DATA360(1.3),I,A,KGZ,WB_WDI_SI_POV_GINI,_T,_T,_T,0_TO_100,_Z,_Z,_Z,2004,34.8,_Z,IX,2,WB_WDI,P1Y,0,A,PU,Annual,Kyrgyz Republic,Gini index,Total,All age ranges or no breakdown by age,Total,0-100 scale,Not Applicable,Not Applicable,Not Applicable,Not Applicable,Index,Two,World Development Indicators (WDI),Annual,Units,Normal value,Public
datastructure,WB.DATA360:DS_DATA360(1.3),I,A,RUS,WB_WDI_SI_POV_GINI,_T,_T,_T,0_TO_100,_Z,_Z,_Z,2015,36.5,_Z,IX,2,WB_WDI,P1Y,0,A,PU,Annual,Russian Federation,Gini index,Total,All age ranges or no breakdown by age,Total,0-100 scale,Not Applicable,Not Applicable,Not Applicable,Not Applicable,Index,Two,World Development Indicators (WDI),Annual,Units,Normal value,Public
datastructure,WB.DATA360:DS_DATA360(1.3),I,A,SRB,WB_WDI_SI_POV_GINI,_T,_T,_T,0_TO_100,_Z,_Z,_Z,2015,40.5,_Z,IX,2,WB_WDI,P1Y,0,A,PU,Annual,Serbia,Gini index,Total,All age ranges or no breakdown by age,Total,0-100 scale,Not Applicable,Not Applicable,Not Applicable,Not Applicable,Index,Two,World Development Indicators (WDI),Annual,Units,Normal value,Public
datastructure,WB.DATA360:DS_DATA360(1.3),I,A,BOL,WB_WDI_SI_POV_GINI,_T,_T,_T,0_TO_100,_Z,_Z,_Z,2011,46.1,_Z,IX,2,WB_WDI,P1Y,0,A,PU,Annual,Bolivia,Gini index,Total,All age ranges or no breakdown by age,Total,0-100 scale,Not Applicable,Not Applicable,Not Applicable,Not Applicable,Index,Two,World Development Indicators (WDI),Annual,Units,Normal value,Public
datastructure,WB.DATA360:DS_DATA360(1.3),I,A,BIH,WB_WDI_SI_POV_GINI,_T,_T,_T,0_TO_100,_Z,_Z,_Z,2011,33.3,_Z,IX,2,WB_WDI,P1Y,0,A,PU,Annual,Bosnia and Herzegovina,Gini index,Total,All age ranges or no breakdown by age,Total,0-100 scale,Not Applicable,Not Applicable,Not Applicable,Not Applicable,Index,Two,World Development Indicators (WDI),Annual,Units,Normal value,Public
datastructure,WB.DATA360:DS_DATA360(1.3),I,A,BRA,WB_WDI_SI_POV_GINI,_T,_T,_T,0_TO_100,_Z,_Z,_Z,2011,52.9,_Z,IX,2,WB_WDI,P1Y,0,A,PU,Annual,Brazil,Gini index,Total,All age ranges or no breakdown by age,Total,0-100 scale,Not Applicable,Not Applicable,Not Applicable,Not Applicable,Index,Two,World Development Indicators (WDI),Annual,Units,Normal value,Public
datastructure,WB.DATA360:DS_DATA360(1.3),I,A,BGR,WB_WDI_SI_POV_GINI,_T,_T,_T,0_TO_100,_Z,_Z,_Z,2011,34.3,_Z,IX,2,WB_WDI,P1Y,0,A,PU,Annual,Bulgaria,Gini index,Total,All age ranges or no breakdown by age,Total,0-100 scale,Not Applicable,Not Applicable,Not Applicable,Not Applicable,Index,Two,World Development Indicators (WDI),Annual,Units,Normal value,Public
datastructure,WB.DATA360:DS_DATA360(1.3),I,A,NLD,WB_WDI_SI_POV_GINI,_T,_T,_T,0_TO_100,_Z,_Z,_Z,2010,27.8,_Z,IX,2,WB_WDI,P1Y,0,A,PU,Annual,Netherlands,Gini index,Total,All age ranges or no breakdown by age,Total,0-100 scale,Not Applicable,Not Applicable,Not Applicable,Not Applicable,Index,Two,World Development Indicators (WDI),Annual,Units,Normal value,Public
datastructure,WB.DATA360:DS_DATA360(1.3),I,A,NGA,WB_WDI_SI_POV_GINI,_T,_T,_T,0_TO_100,_Z,_Z,_Z,2010,35.7,_Z,IX,2,WB_WDI,P1Y,0,A,PU,Annual,Nigeria,Gini index,Total,All age ranges or no breakdown by age,Total,0-100 scale,Not Applicable,Not Applicable,Not Applicable,Not Applicable,Index,Two,World Development Indicators (WDI),Annual,Units,Normal value,Public
datastructure,WB.DATA360:DS_DATA360(1.3),I,A,MKD,WB_WDI_SI_POV_GINI,_T,_T,_T,0_TO_100,_Z,_Z,_Z,2010,40.1,_Z,IX,2,WB_WDI,P1Y,0,A,PU,Annual,North Macedonia,Gini index,Total,All age ranges or no breakdown by age,Total,0-100 scale,Not Applicable,Not Applicable,Not Applicable,Not Applicable,Index,Two,World Development Indicators (WDI),Annual,Units,Normal value,Public
datastructure,WB.DATA360:DS_DATA360(1.3),I,A,NOR,WB_WDI_SI_POV_GINI,_T,_T,_T,0_TO_100,_Z,_Z,_Z,2010,25.7,_Z,IX,2,WB_WDI,P1Y,0,A,PU,Annual,Norway,Gini index,Total,All age ranges or no breakdown by age,Total,0-100 scale,Not Applicable,Not Applicable,Not Applicable,Not Applicable,Index,Two,World Development Indicators (WDI),Annual,Units,Normal value,Public
datastructure,WB.DATA360:DS_DATA360(1.3),I,A,PAK,WB_WDI_SI_POV_GINI,_T,_T,_T,0_TO_100,_Z,_Z,_Z,2010,28.8,_Z,IX,2,WB_WDI,P1Y,0,A,PU,Annual,Pakistan,Gini index,Total,All age ranges or no breakdown by age,Total,0-100 scale,Not Applicable,Not Applicable,Not Applicable,Not Applicable,Index,Two,World Development Indicators (WDI),Annual,Units,Normal value,Public
datastructure,WB.DATA360:DS_DATA360(1.3),I,A,DOM,WB_WDI_SI_POV_GINI,_T,_T,_T,0_TO_100,_Z,_Z,_Z,2010,47.3,_Z,IX,2,WB_WDI,P1Y,0,A,PU,Annual,Dominican Republic,Gini index,Total,All age ranges or no breakdown by age,Total,0-100 scale,Not Applicable,Not Applicable,Not Applicable,Not Applicable,Index,Two,World Development Indicators (WDI),Annual,Units,Normal value,Public
datastructure,WB.DATA360:DS_DATA360(1.3),I,A,ECU,WB_WDI_SI_POV_GINI,_T,_T,_T,0_TO_100,_Z,_Z,_Z,2010,48.8,_Z,IX,2,WB_WDI,P1Y,0,A,PU,Annual,Ecuador,Gini index,Total,All age ranges or no breakdown by age,Total,0-100 scale,Not Applicable,Not Applicable,Not Applicable,Not Applicable,Index,Two,World Development Indicators (WDI),Annual,Units,Normal value,Public
datastructure,WB.DATA360:DS_DATA360(1.3),I,A,EGY,WB_WDI_SI_POV_GINI,_T,_T,_T,0_TO_100,_Z,_Z,_Z,2010,30.2,_Z,IX,2,WB_WDI,P1Y,0,A,PU,Annual,"Egypt, Arab Rep.",Gini index,Total,All age ranges or no breakdown by age,Total,0-100 scale,Not Applicable,Not Applicable,Not Applicable,Not Applicable,Index,Two,World Development Indicators (WDI),Annual,Units,Normal value,Public
datastructure,WB.DATA360:DS_DATA360(1.3),I,A,SLV,WB_WDI_SI_POV_GINI,_T,_T,_T,0_TO_100,_Z,_Z,_Z,2010,43.5,_Z,IX,2,WB_WDI,P1Y,0,A,PU,Annual,El Salvador,Gini index,Total,All age ranges or no breakdown by age,Total,0-100 scale,Not Applicable,Not Applicable,Not Applicable,Not Applicable,Index,Two,World Development Indicators (WDI),Annual,Units,Normal value,Public
datastructure,WB.DATA360:DS_DATA360(1.3),I,A,EST,WB_WDI_SI_POV_GINI,_T,_T,_T,0_TO_100,_Z,_Z,_Z,2010,32.0,_Z,IX,2,WB_WDI,P1Y,0,A,PU,Annual,Estonia,Gini index,Total,All age ranges or no breakdown by age,Total,0-100 scale,Not Applicable,Not Applicable,Not Applicable,Not Applicable,Index,Two,World Development Indicators (WDI),Annual,Units,Normal value,Public
datastructure,WB.DATA360:DS_DATA360(1.3),I,A,ETH,WB_WDI_SI_POV_GINI,_T,_T,_T,0_TO_100,_Z,_Z,_Z,2010,33.2,_Z,IX,2,WB_WDI,P1Y,0,A,PU,Annual,Ethiopia,Gini index,Total,All age ranges or no breakdown by age,Total,0-100 scale,Not Applicable,Not Applicable,Not Applicable,Not Applicable,Index,Two,World Development Indicators (WDI),Annual,Units,Normal value,Public
datastructure,WB.DATA360:DS_DATA360(1.3),I,A,FIN,WB_WDI_SI_POV_GINI,_T,_T,_T,0_TO_100,_Z,_Z,_Z,2010,27.7,_Z,IX,2,WB_WDI,P1Y,0,A,PU,Annual,Finland,Gini index,Total,All age ranges or no breakdown by age,Total,0-100 scale,Not Applicable,Not Applicable,Not Applicable,Not Applicable,Index,Two,World Development Indicators (WDI),Annual,Units,Normal value,Public
datastructure,WB.DATA360:DS_DATA360(1.3),I,A,UKR,WB_WDI_SI_POV_GINI,_T,_T,_T,0_TO_100,_Z,_Z,_Z,2020,25.6,_Z,IX,2,WB_WDI,P1Y,0,A,PU,Annual,Ukraine,Gini index,Total,All age ranges or no breakdown by age,Total,0-100 scale,Not Applicable,Not Applicable,Not Applicable,Not Applicable,Index,Two,World Development Indicators (WDI),Annual,Units,Normal value,Public
datastructure,WB.DATA360:DS_DATA360(1.3),I,A,GBR,WB_WDI_SI_POV_GINI,_T,_T,_T,0_TO_100,_Z,_Z,_Z,2020,32.7,_Z,IX,2,WB_WDI,P1Y,0,A,PU,Annual,United Kingdom,Gini index,Total,All age ranges or no breakdown by age,Total,0-100 scale,Not Applicable,Not Applicable,Not Applicable,Not Applicable,Index,Two,World Development Indicators (WDI),Annual,Units,Normal value,Public
datastructure,WB.DATA360:DS_DATA360(1.3),I,A,USA,WB_WDI_SI_POV_GINI,_T,_T,_T,0_TO_100,_Z,_Z,_Z,2020,40.0,_Z,IX,2,WB_WDI,P1Y,0,A,PU,Annual,United States,Gini index,Total,All age ranges or no breakdown by age,Total,0-100 scale,Not Applicable,Not Applicable,Not Applicable,Not Applicable,Index,Two,World Development Indicators (WDI),Annual,Units,Normal value,Public
datastructure,WB.DATA360:DS_DATA360(1.3),I,A,URY,WB_WDI_SI_POV_GINI,_T,_T,_T,0_TO_100,_Z,_Z,_Z,2020,40.2,_Z,IX,2,WB_WDI,P1Y,0,A,PU,Annual,Uruguay,Gini index,Total,All age ranges or no breakdown by age,Total,0-100 scale,Not Applicable,Not Applicable,Not Applicable,Not Applicable,Index,Two,World Development Indicators (WDI),Annual,Units,Normal value,Public
datastructure,WB.DATA360:DS_DATA360(1.3),I,A,VNM,WB_WDI_SI_POV_GINI,_T,_T,_T,0_TO_100,_Z,_Z,_Z,2020,36.8,_Z,IX,2,WB_WDI,P1Y,0,A,PU,Annual,Vietnam,Gini index,Total,All age ranges or no breakdown by age,Total,0-100 scale,Not Applicable,Not Applicable,Not Applicable,Not Applicable,Index,Two,World Development Indicators (WDI),Annual,Units,Normal value,Public
datastructure,WB.DATA360:DS_DATA360(1.3),I,A,ZMB,WB_WDI_SI_POV_GINI,_T,_T,_T,0_TO_100,_Z,_Z,_Z,1996,48.3,_Z,IX,2,WB_WDI,P1Y,0,A,PU,Annual,Zambia,Gini index,Total,All age ranges or no breakdown by age,Total,0-100 scale,Not Applicable,Not Applicable,Not Applicable,Not Applicable,Index,Two,World Development Indicators (WDI),Annual,Units,Normal value,Public
datastructure,WB.DATA360:DS_DATA360(1.3),I,A,CYP,WB_WDI_SI_POV_GINI,_T,_T,_T,0_TO_100,_Z,_Z,_Z,2013,37.0,_Z,IX,2,WB_WDI,P1Y,0,A,PU,Annual,Cyprus,Gini index,Total,All age ranges or no breakdown by age,Total,0-100 scale,Not Applicable,Not Applicable,Not Applicable,Not Applicable,Index,Two,World Development Indicators (WDI),Annual,Units,Normal value,Public
datastructure,WB.DATA360:DS_DATA360(1.3),I,A,CZE,WB_WDI_SI_POV_GINI,_T,_T,_T,0_TO_100,_Z,_Z,_Z,2013,26.5,_Z,IX,2,WB_WDI,P1Y,0,A,PU,Annual,Czechia,Gini index,Total,All age ranges or no breakdown by age,Total,0-100 scale,Not Applicable,Not Applicable,Not Applicable,Not Applicable,Index,Two,World Development Indicators (WDI),Annual,Units,Normal value,Public
datastructure,WB.DATA360:DS_DATA360(1.3),I,A,DNK,WB_WDI_SI_POV_GINI,_T,_T,_T,0_TO_100,_Z,_Z,_Z,2013,28.5,_Z,IX,2,WB_WDI,P1Y,0,A,PU,Annual,Denmark,Gini index,Total,All age ranges or no breakdown by age,Total,0-100 scale,Not Applicable,Not Applicable,Not Applicable,Not Applicable,Index,Two,World Development Indicators (WDI),Annual,Units,Normal value,Public
datastructure,WB.DATA360:DS_DATA360(1.3),I,A,DJI,WB_WDI_SI_POV_GINI,_T,_T,_T,0_TO_100,_Z,_Z,_Z,2013,44.1,_Z,IX,2,WB_WDI,P1Y,0,A,PU,Annual,Djibouti,Gini index,Total,All age ranges or no breakdown by age,Total,0-100 scale,Not Applicable,Not Applicable,Not Applicable,Not Applicable,Index,Two,World Development Indicators (WDI),Annual,Units,Normal value,Public
datastructure,WB.DATA360:DS_DATA360(1.3),I,A,DOM,WB_WDI_SI_POV_GINI,_T,_T,_T,0_TO_100,_Z,_Z,_Z,2013,47.7,_Z,IX,2,WB_WDI,P1Y,0,A,PU,Annual,Dominican Republic,Gini index,Total,All age ranges or no breakdown by age,Total,0-100 scale,Not Applicable,Not Applicable,Not Applicable,Not Applicable,Index,Two,World Development Indicators (WDI),Annual,Units,Normal value,Public
datastructure,WB.DATA360:DS_DATA360(1.3),I,A,ECU,WB_WDI_SI_POV_GINI,_T,_T,_T,0_TO_100,_Z,_Z,_Z,2013,46.9,_Z,IX,2,WB_WDI,P1Y,0,A,PU,Annual,Ecuador,Gini index,Total,All age ranges or no breakdown by age,Total,0-100 scale,Not Applicable,Not Applicable,Not Applicable,Not Applicable,Index,Two,World Development Indicators (WDI),Annual,Units,Normal value,Public
datastructure,WB.DATA360:DS_DATA360(1.3),I,A,SLV,WB_WDI_SI_POV_GINI,_T,_T,_T,0_TO_100,_Z,_Z,_Z,2013,43.4,_Z,IX,2,WB_WDI,P1Y,0,A,PU,Annual,El Salvador,Gini index,Total,All age ranges or no breakdown by age,Total,0-100 scale,Not Applicable,Not Applicable,Not Applicable,Not Applicable,Index,Two,World Development Indicators (WDI),Annual,Units,Normal value,Public
datastructure,WB.DATA360:DS_DATA360(1.3),I,A,BLR,WB_WDI_SI_POV_GINI,_T,_T,_T,0_TO_100,_Z,_Z,_Z,2009,27.7,_Z,IX,2,WB_WDI,P1Y,0,A,PU,Annual,Belarus,Gini index,Total,All age ranges or no breakdown by age,Total,0-100 scale,Not Applicable,Not Applicable,Not Applicable,Not Applicable,Index,Two,World Development Indicators (WDI),Annual,Units,Normal value,Public
datastructure,WB.DATA360:DS_DATA360(1.3),I,A,BEL,WB_WDI_SI_POV_GINI,_T,_T,_T,0_TO_100,_Z,_Z,_Z,2009,28.6,_Z,IX,2,WB_WDI,P1Y,0,A,PU,Annual,Belgium,Gini index,Total,All age ranges or no breakdown by age,Total,0-100 scale,Not Applicable,Not Applicable,Not Applicable,Not Applicable,Index,Two,World Development Indicators (WDI),Annual,Units,Normal value,Public
datastructure,WB.DATA360:DS_DATA360(1.3),I,A,BOL,WB_WDI_SI_POV_GINI,_T,_T,_T,0_TO_100,_Z,_Z,_Z,2009,49.2,_Z,IX,2,WB_WDI,P1Y,0,A,PU,Annual,Bolivia,Gini index,Total,All age ranges or no breakdown by age,Total,0-100 scale,Not Applicable,Not Applicable,Not Applicable,Not Applicable,Index,Two,World Development Indicators (WDI),Annual,Units,Normal value,Public
datastructure,WB.DATA360:DS_DATA360(1.3),I,A,GBR,WB_WDI_SI_POV_GINI,_T,_T,_T,0_TO_100,_Z,_Z,_Z,2001,37.1,_Z,IX,2,WB_WDI,P1Y,0,A,PU,Annual,United Kingdom,Gini index,Total,All age ranges or no breakdown by age,Total,0-100 scale,Not Applicable,Not Applicable,Not Applicable,Not Applicable,Index,Two,World Development Indicators (WDI),Annual,Units,Normal value,Public
datastructure,WB.DATA360:DS_DATA360(1.3),I,A,USA,WB_WDI_SI_POV_GINI,_T,_T,_T,0_TO_100,_Z,_Z,_Z,2001,40.6,_Z,IX,2,WB_WDI,P1Y,0,A,PU,Annual,United States,Gini index,Total,All age ranges or no breakdown by age,Total,0-100 scale,Not Applicable,Not Applicable,Not Applicable,Not Applicable,Index,Two,World Development Indicators (WDI),Annual,Units,Normal value,Public
datastructure,WB.DATA360:DS_DATA360(1.3),I,A,URY,WB_WDI_SI_POV_GINI,_T,_T,_T,0_TO_100,_Z,_Z,_Z,2001,45.0,_Z,IX,2,WB_WDI,P1Y,0,A,PU,Annual,Uruguay,Gini index,Total,All age ranges or no breakdown by age,Total,0-100 scale,Not Applicable,Not Applicable,Not Applicable,Not Applicable,Index,Two,World Development Indicators (WDI),Annual,Units,Normal value,Public
datastructure,WB.DATA360:DS_DATA360(1.3),I,A,MDA,WB_WDI_SI_POV_GINI,_T,_T,_T,0_TO_100,_Z,_Z,_Z,2020,25.0,_Z,IX,2,WB_WDI,P1Y,0,A,PU,Annual,Moldova,Gini index,Total,All age ranges or no breakdown by age,Total,0-100 scale,Not Applicable,Not Applicable,Not Applicable,Not Applicable,Index,Two,World Development Indicators (WDI),Annual,Units,Normal value,Public
datastructure,WB.DATA360:DS_DATA360(1.3),I,A,MNE,WB_WDI_SI_POV_GINI,_T,_T,_T,0_TO_100,_Z,_Z,_Z,2020,35.4,_Z,IX,2,WB_WDI,P1Y,0,A,PU,Annual,Montenegro,Gini index,Total,All age ranges or no breakdown by age,Total,0-100 scale,Not Applicable,Not Applicable,Not Applicable,Not Applicable,Index,Two,World Development Indicators (WDI),Annual,Units,Normal value,Public
datastructure,WB.DATA360:DS_DATA360(1.3),I,A,NLD,WB_WDI_SI_POV_GINI,_T,_T,_T,0_TO_100,_Z,_Z,_Z,2020,26.0,_Z,IX,2,WB_WDI,P1Y,0,A,PU,Annual,Netherlands,Gini index,Total,All age ranges or no breakdown by age,Total,0-100 scale,Not Applicable,Not Applicable,Not Applicable,Not Applicable,Index,Two,World Development Indicators (WDI),Annual,Units,Normal value,Public
datastructure,WB.DATA360:DS_DATA360(1.3),I,A,TZA,WB_WDI_SI_POV_GINI,_T,_T,_T,0_TO_100,_Z,_Z,_Z,2018,40.5,_Z,IX,2,WB_WDI,P1Y,0,A,PU,Annual,Tanzania,Gini index,Total,All age ranges or no breakdown by age,Total,0-100 scale,Not Applicable,Not Applicable,Not Applicable,Not Applicable,Index,Two,World Development Indicators (WDI),Annual,Units,Normal value,Public
datastructure,WB.DATA360:DS_DATA360(1.3),I,A,THA,WB_WDI_SI_POV_GINI,_T,_T,_T,0_TO_100,_Z,_Z,_Z,2018,36.4,_Z,IX,2,WB_WDI,P1Y,0,A,PU,Annual,Thailand,Gini index,Total,All age ranges or no breakdown by age,Total,0-100 scale,Not Applicable,Not Applicable,Not Applicable,Not Applicable,Index,Two,World Development Indicators (WDI),Annual,Units,Normal value,Public
datastructure,WB.DATA360:DS_DATA360(1.3),I,A,TGO,WB_WDI_SI_POV_GINI,_T,_T,_T,0_TO_100,_Z,_Z,_Z,2018,42.5,_Z,IX,2,WB_WDI,P1Y,0,A,PU,Annual,Togo,Gini index,Total,All age ranges or no breakdown by age,Total,0-100 scale,Not Applicable,Not Applicable,Not Applicable,Not Applicable,Index,Two,World Development Indicators (WDI),Annual,Units,Normal value,Public
datastructure,WB.DATA360:DS_DATA360(1.3),I,A,TUR,WB_WDI_SI_POV_GINI,_T,_T,_T,0_TO_100,_Z,_Z,_Z,2018,42.4,_Z,IX,2,WB_WDI,P1Y,0,A,PU,Annual,Türkiye,Gini index,Total,All age ranges or no breakdown by age,Total,0-100 scale,Not Applicable,Not Applicable,Not Applicable,Not Applicable,Index,Two,World Development Indicators (WDI),Annual,Units,Normal value,Public
datastructure,WB.DATA360:DS_DATA360(1.3),I,A,ARG,WB_WDI_SI_POV_GINI,_T,_T,_T,0_TO_100,_Z,_Z,_Z,2006,46.4,_Z,IX,2,WB_WDI,P1Y,0,A,PU,Annual,Argentina,Gini index,Total,All age ranges or no breakdown by age,Total,0-100 scale,Not Applicable,Not Applicable,Not Applicable,Not Applicable,Index,Two,World Development Indicators (WDI),Annual,Units,Normal value,Public
datastructure,WB.DATA360:DS_DATA360(1.3),I,A,ARM,WB_WDI_SI_POV_GINI,_T,_T,_T,0_TO_100,_Z,_Z,_Z,2006,29.7,_Z,IX,2,WB_WDI,P1Y,0,A,PU,Annual,Armenia,Gini index,Total,All age ranges or no breakdown by age,Total,0-100 scale,Not Applicable,Not Applicable,Not Applicable,Not Applicable,Index,Two,World Development Indicators (WDI),Annual,Units,Normal value,Public
datastructure,WB.DATA360:DS_DATA360(1.3),I,A,AUT,WB_WDI_SI_POV_GINI,_T,_T,_T,0_TO_100,_Z,_Z,_Z,2006,29.6,_Z,IX,2,WB_WDI,P1Y,0,A,PU,Annual,Austria,Gini index,Total,All age ranges or no breakdown by age,Total,0-100 scale,Not Applicable,Not Applicable,Not Applicable,Not Applicable,Index,Two,World Development Indicators (WDI),Annual,Units,Normal value,Public
datastructure,WB.DATA360:DS_DATA360(1.3),I,A,JPN,WB_WDI_SI_POV_GINI,_T,_T,_T,0_TO_100,_Z,_Z,_Z,2008,34.6,_Z,IX,2,WB_WDI,P1Y,0,A,PU,Annual,Japan,Gini index,Total,All age ranges or no breakdown by age,Total,0-100 scale,Not Applicable,Not Applicable,Not Applicable,Not Applicable,Index,Two,World Development Indicators (WDI),Annual,Units,Normal value,Public
datastructure,WB.DATA360:DS_DATA360(1.3),I,A,JOR,WB_WDI_SI_POV_GINI,_T,_T,_T,0_TO_100,_Z,_Z,_Z,2008,32.6,_Z,IX,2,WB_WDI,P1Y,0,A,PU,Annual,Jordan,Gini index,Total,All age ranges or no breakdown by age,Total,0-100 scale,Not Applicable,Not Applicable,Not Applicable,Not Applicable,Index,Two,World Development Indicators (WDI),Annual,Units,Normal value,Public
datastructure,WB.DATA360:DS_DATA360(1.3),I,A,KAZ,WB_WDI_SI_POV_GINI,_T,_T,_T,0_TO_100,_Z,_Z,_Z,2008,28.5,_Z,IX,2,WB_WDI,P1Y,0,A,PU,Annual,Kazakhstan,Gini index,Total,All age ranges or no breakdown by age,Total,0-100 scale,Not Applicable,Not Applicable,Not Applicable,Not Applicable,Index,Two,World Development Indicators (WDI),Annual,Units,Normal value,Public
datastructure,WB.DATA360:DS_DATA360(1.3),I,A,KOR,WB_WDI_SI_POV_GINI,_T,_T,_T,0_TO_100,_Z,_Z,_Z,2008,32.3,_Z,IX,2,WB_WDI,P1Y,0,A,PU,Annual,"Korea, Rep.",Gini index,Total,All age ranges or no breakdown by age,Total,0-100 scale,Not Applicable,Not Applicable,Not Applicable,Not Applicable,Index,Two,World Development Indicators (WDI),Annual,Units,Normal value,Public
datastructure,WB.DATA360:DS_DATA360(1.3),I,A,KGZ,WB_WDI_SI_POV_GINI,_T,_T,_T,0_TO_100,_Z,_Z,_Z,2008,31.5,_Z,IX,2,WB_WDI,P1Y,0,A,PU,Annual,Kyrgyz Republic,Gini index,Total,All age ranges or no breakdown by age,Total,0-100 scale,Not Applicable,Not Applicable,Not Applicable,Not Applicable,Index,Two,World Development Indicators (WDI),Annual,Units,Normal value,Public
datastructure,WB.DATA360:DS_DATA360(1.3),I,A,LVA,WB_WDI_SI_POV_GINI,_T,_T,_T,0_TO_100,_Z,_Z,_Z,2008,37.2,_Z,IX,2,WB_WDI,P1Y,0,A,PU,Annual,Latvia,Gini index,Total,All age ranges or no breakdown by age,Total,0-100 scale,Not Applicable,Not Applicable,Not Applicable,Not Applicable,Index,Two,World Development Indicators (WDI),Annual,Units,Normal value,Public
datastructure,WB.DATA360:DS_DATA360(1.3),I,A,BWA,WB_WDI_SI_POV_GINI,_T,_T,_T,0_TO_100,_Z,_Z,_Z,2009,56.9,_Z,IX,2,WB_WDI,P1Y,0,A,PU,Annual,Botswana,Gini index,Total,All age ranges or no breakdown by age,Total,0-100 scale,Not Applicable,Not Applicable,Not Applicable,Not Applicable,Index,Two,World Development Indicators (WDI),Annual,Units,Normal value,Public
datastructure,WB.DATA360:DS_DATA360(1.3),I,A,BRA,WB_WDI_SI_POV_GINI,_T,_T,_T,0_TO_100,_Z,_Z,_Z,2009,53.7,_Z,IX,2,WB_WDI,P1Y,0,A,PU,Annual,Brazil,Gini index,Total,All age ranges or no breakdown by age,Total,0-100 scale,Not Applicable,Not Applicable,Not Applicable,Not Applicable,Index,Two,World Development Indicators (WDI),Annual,Units,Normal value,Public
datastructure,WB.DATA360:DS_DATA360(1.3),I,A,BGR,WB_WDI_SI_POV_GINI,_T,_T,_T,0_TO_100,_Z,_Z,_Z,2009,33.8,_Z,IX,2,WB_WDI,P1Y,0,A,PU,Annual,Bulgaria,Gini index,Total,All age ranges or no breakdown by age,Total,0-100 scale,Not Applicable,Not Applicable,Not Applicable,Not Applicable,Index,Two,World Development Indicators (WDI),Annual,Units,Normal value,Public
datastructure,WB.DATA360:DS_DATA360(1.3),I,A,BFA,WB_WDI_SI_POV_GINI,_T,_T,_T,0_TO_100,_Z,_Z,_Z,2009,39.8,_Z,IX,2,WB_WDI,P1Y,0,A,PU,Annual,Burkina Faso,Gini index,Total,All age ranges or no breakdown by age,Total,0-100 scale,Not Applicable,Not Applicable,Not Applicable,Not Applicable,Index,Two,World Development Indicators (WDI),Annual,Units,Normal value,Public
datastructure,WB.DATA360:DS_DATA360(1.3),I,A,CAN,WB_WDI_SI_POV_GINI,_T,_T,_T,0_TO_100,_Z,_Z,_Z,2009,34.0,_Z,IX,2,WB_WDI,P1Y,0,A,PU,Annual,Canada,Gini index,Total,All age ranges or no breakdown by age,Total,0-100 scale,Not Applicable,Not Applicable,Not Applicable,Not Applicable,Index,Two,World Development Indicators (WDI),Annual,Units,Normal value,Public
datastructure,WB.DATA360:DS_DATA360(1.3),I,A,SEN,WB_WDI_SI_POV_GINI,_T,_T,_T,0_TO_100,_Z,_Z,_Z,2018,38.3,_Z,IX,2,WB_WDI,P1Y,0,A,PU,Annual,Senegal,Gini index,Total,All age ranges or no breakdown by age,Total,0-100 scale,Not Applicable,Not Applicable,Not Applicable,Not Applicable,Index,Two,World Development Indicators (WDI),Annual,Units,Normal value,Public
datastructure,WB.DATA360:DS_DATA360(1.3),I,A,SRB,WB_WDI_SI_POV_GINI,_T,_T,_T,0_TO_100,_Z,_Z,_Z,2018,35.0,_Z,IX,2,WB_WDI,P1Y,0,A,PU,Annual,Serbia,Gini index,Total,All age ranges or no breakdown by age,Total,0-100 scale,Not Applicable,Not Applicable,Not Applicable,Not Applicable,Index,Two,World Development Indicators (WDI),Annual,Units,Normal value,Public
datastructure,WB.DATA360:DS_DATA360(1.3),I,A,SYC,WB_WDI_SI_POV_GINI,_T,_T,_T,0_TO_100,_Z,_Z,_Z,2018,32.1,_Z,IX,2,WB_WDI,P1Y,0,A,PU,Annual,Seychelles,Gini index,Total,All age ranges or no breakdown by age,Total,0-100 scale,Not Applicable,Not Applicable,Not Applicable,Not Applicable,Index,Two,World Development Indicators (WDI),Annual,Units,Normal value,Public
datastructure,WB.DATA360:DS_DATA360(1.3),I,A,SLE,WB_WDI_SI_POV_GINI,_T,_T,_T,0_TO_100,_Z,_Z,_Z,2018,35.7,_Z,IX,2,WB_WDI,P1Y,0,A,PU,Annual,Sierra Leone,Gini index,Total,All age ranges or no breakdown by age,Total,0-100 scale,Not Applicable,Not Applicable,Not Applicable,Not Applicable,Index,Two,World Development Indicators (WDI),Annual,Units,Normal value,Public
datastructure,WB.DATA360:DS_DATA360(1.3),I,A,SVK,WB_WDI_SI_POV_GINI,_T,_T,_T,0_TO_100,_Z,_Z,_Z,2018,25.0,_Z,IX,2,WB_WDI,P1Y,0,A,PU,Annual,Slovak Republic,Gini index,Total,All age ranges or no breakdown by age,Total,0-100 scale,Not Applicable,Not Applicable,Not Applicable,Not Applicable,Index,Two,World Development Indicators (WDI),Annual,Units,Normal value,Public
datastructure,WB.DATA360:DS_DATA360(1.3),I,A,SVN,WB_WDI_SI_POV_GINI,_T,_T,_T,0_TO_100,_Z,_Z,_Z,2018,24.6,_Z,IX,2,WB_WDI,P1Y,0,A,PU,Annual,Slovenia,Gini index,Total,All age ranges or no breakdown by age,Total,0-100 scale,Not Applicable,Not Applicable,Not Applicable,Not Applicable,Index,Two,World Development Indicators (WDI),Annual,Units,Normal value,Public
datastructure,WB.DATA360:DS_DATA360(1.3),I,A,CHN,WB_WDI_SI_POV_GINI,_T,_T,_T,0_TO_100,_Z,_Z,_Z,2021,35.7,_Z,IX,2,WB_WDI,P1Y,0,A,PU,Annual,China,Gini index,Total,All age ranges or no breakdown by age,Total,0-100 scale,Not Applicable,Not Applicable,Not Applicable,Not Applicable,Index,Two,World Development Indicators (WDI),Annual,Units,Normal value,Public
datastructure,WB.DATA360:DS_DATA360(1.3),I,A,COL,WB_WDI_SI_POV_GINI,_T,_T,_T,0_TO_100,_Z,_Z,_Z,2021,55.1,_Z,IX,2,WB_WDI,P1Y,0,A,PU,Annual,Colombia,Gini index,Total,All age ranges or no breakdown by age,Total,0-100 scale,Not Applicable,Not Applicable,Not Applicable,Not Applicable,Index,Two,World Development Indicators (WDI),Annual,Units,Normal value,Public
datastructure,WB.DATA360:DS_DATA360(1.3),I,A,CRI,WB_WDI_SI_POV_GINI,_T,_T,_T,0_TO_100,_Z,_Z,_Z,2021,48.7,_Z,IX,2,WB_WDI,P1Y,0,A,PU,Annual,Costa Rica,Gini index,Total,All age ranges or no breakdown by age,Total,0-100 scale,Not Applicable,Not Applicable,Not Applicable,Not Applicable,Index,Two,World Development Indicators (WDI),Annual,Units,Normal value,Public
datastructure,WB.DATA360:DS_DATA360(1.3),I,A,CIV,WB_WDI_SI_POV_GINI,_T,_T,_T,0_TO_100,_Z,_Z,_Z,2021,35.3,_Z,IX,2,WB_WDI,P1Y,0,A,PU,Annual,Côte d’Ivoire,Gini index,Total,All age ranges or no breakdown by age,Total,0-100 scale,Not Applicable,Not Applicable,Not Applicable,Not Applicable,Index,Two,World Development Indicators (WDI),Annual,Units,Normal value,Public
datastructure,WB.DATA360:DS_DATA360(1.3),I,A,HRV,WB_WDI_SI_POV_GINI,_T,_T,_T,0_TO_100,_Z,_Z,_Z,2021,28.9,_Z,IX,2,WB_WDI,P1Y,0,A,PU,Annual,Croatia,Gini index,Total,All age ranges or no breakdown by age,Total,0-100 scale,Not Applicable,Not Applicable,Not Applicable,Not Applicable,Index,Two,World Development Indicators (WDI),Annual,Units,Normal value,Public
datastructure,WB.DATA360:DS_DATA360(1.3),I,A,CYP,WB_WDI_SI_POV_GINI,_T,_T,_T,0_TO_100,_Z,_Z,_Z,2021,31.3,_Z,IX,2,WB_WDI,P1Y,0,A,PU,Annual,Cyprus,Gini index,Total,All age ranges or no breakdown by age,Total,0-100 scale,Not Applicable,Not Applicable,Not Applicable,Not Applicable,Index,Two,World Development Indicators (WDI),Annual,Units,Normal value,Public
datastructure,WB.DATA360:DS_DATA360(1.3),I,A,ALB,WB_WDI_SI_POV_GINI,_T,_T,_T,0_TO_100,_Z,_Z,_Z,2018,30.1,_Z,IX,2,WB_WDI,P1Y,0,A,PU,Annual,Albania,Gini index,Total,All age ranges or no breakdown by age,Total,0-100 scale,Not Applicable,Not Applicable,Not Applicable,Not Applicable,Index,Two,World Development Indicators (WDI),Annual,Units,Normal value,Public
datastructure,WB.DATA360:DS_DATA360(1.3),I,A,AGO,WB_WDI_SI_POV_GINI,_T,_T,_T,0_TO_100,_Z,_Z,_Z,2018,51.3,_Z,IX,2,WB_WDI,P1Y,0,A,PU,Annual,Angola,Gini index,Total,All age ranges or no breakdown by age,Total,0-100 scale,Not Applicable,Not Applicable,Not Applicable,Not Applicable,Index,Two,World Development Indicators (WDI),Annual,Units,Normal value,Public
datastructure,WB.DATA360:DS_DATA360(1.3),I,A,ARG,WB_WDI_SI_POV_GINI,_T,_T,_T,0_TO_100,_Z,_Z,_Z,2018,41.7,_Z,IX,2,WB_WDI,P1Y,0,A,PU,Annual,Argentina,Gini index,Total,All age ranges or no breakdown by age,Total,0-100 scale,Not Applicable,Not Applicable,Not Applicable,Not Applicable,Index,Two,World Development Indicators (WDI),Annual,Units,Normal value,Public
datastructure,WB.DATA360:DS_DATA360(1.3),I,A,ARM,WB_WDI_SI_POV_GINI,_T,_T,_T,0_TO_100,_Z,_Z,_Z,2018,34.4,_Z,IX,2,WB_WDI,P1Y,0,A,PU,Annual,Armenia,Gini index,Total,All age ranges or no breakdown by age,Total,0-100 scale,Not Applicable,Not Applicable,Not Applicable,Not Applicable,Index,Two,World Development Indicators (WDI),Annual,Units,Normal value,Public
datastructure,WB.DATA360:DS_DATA360(1.3),I,A,AUS,WB_WDI_SI_POV_GINI,_T,_T,_T,0_TO_100,_Z,_Z,_Z,2018,34.3,_Z,IX,2,WB_WDI,P1Y,0,A,PU,Annual,Australia,Gini index,Total,All age ranges or no breakdown by age,Total,0-100 scale,Not Applicable,Not Applicable,Not Applicable,Not Applicable,Index,Two,World Development Indicators (WDI),Annual,Units,Normal value,Public
datastructure,WB.DATA360:DS_DATA360(1.3),I,A,AUT,WB_WDI_SI_POV_GINI,_T,_T,_T,0_TO_100,_Z,_Z,_Z,2018,30.8,_Z,IX,2,WB_WDI,P1Y,0,A,PU,Annual,Austria,Gini index,Total,All age ranges or no breakdown by age,Total,0-100 scale,Not Applicable,Not Applicable,Not Applicable,Not Applicable,Index,Two,World Development Indicators (WDI),Annual,Units,Normal value,Public
datastructure,WB.DATA360:DS_DATA360(1.3),I,A,ESP,WB_WDI_SI_POV_GINI,_T,_T,_T,0_TO_100,_Z,_Z,_Z,1999,33.8,_Z,IX,2,WB_WDI,P1Y,0,A,PU,Annual,Spain,Gini index,Total,All age ranges or no breakdown by age,Total,0-100 scale,Not Applicable,Not Applicable,Not Applicable,Not Applicable,Index,Two,World Development Indicators (WDI),Annual,Units,Normal value,Public
datastructure,WB.DATA360:DS_DATA360(1.3),I,A,SUR,WB_WDI_SI_POV_GINI,_T,_T,_T,0_TO_100,_Z,_Z,_Z,1999,57.5,_Z,IX,2,WB_WDI,P1Y,0,A,PU,Annual,Suriname,Gini index,Total,All age ranges or no breakdown by age,Total,0-100 scale,Not Applicable,Not Applicable,Not Applicable,Not Applicable,Index,Two,World Development Indicators (WDI),Annual,Units,Normal value,Public
datastructure,WB.DATA360:DS_DATA360(1.3),I,A,TJK,WB_WDI_SI_POV_GINI,_T,_T,_T,0_TO_100,_Z,_Z,_Z,1999,29.5,_Z,IX,2,WB_WDI,P1Y,0,A,PU,Annual,Tajikistan,Gini index,Total,All age ranges or no breakdown by age,Total,0-100 scale,Not Applicable,Not Applicable,Not Applicable,Not Applicable,Index,Two,World Development Indicators (WDI),Annual,Units,Normal value,Public
datastructure,WB.DATA360:DS_DATA360(1.3),I,A,BLR,WB_WDI_SI_POV_GINI,_T,_T,_T,0_TO_100,_Z,_Z,_Z,1999,31.7,_Z,IX,2,WB_WDI,P1Y,0,A,PU,Annual,Belarus,Gini index,Total,All age ranges or no breakdown by age,Total,0-100 scale,Not Applicable,Not Applicable,Not Applicable,Not Applicable,Index,Two,World Development Indicators (WDI),Annual,Units,Normal value,Public
datastructure,WB.DATA360:DS_DATA360(1.3),I,A,BLZ,WB_WDI_SI_POV_GINI,_T,_T,_T,0_TO_100,_Z,_Z,_Z,1999,53.2,_Z,IX,2,WB_WDI,P1Y,0,A,PU,Annual,Belize,Gini index,Total,All age ranges or no breakdown by age,Total,0-100 scale,Not Applicable,Not Applicable,Not Applicable,Not Applicable,Index,Two,World Development Indicators (WDI),Annual,Units,Normal value,Public
datastructure,WB.DATA360:DS_DATA360(1.3),I,A,BOL,WB_WDI_SI_POV_GINI,_T,_T,_T,0_TO_100,_Z,_Z,_Z,1999,58.0,_Z,IX,2,WB_WDI,P1Y,0,A,PU,Annual,Bolivia,Gini index,Total,All age ranges or no breakdown by age,Total,0-100 scale,Not Applicable,Not Applicable,Not Applicable,Not Applicable,Index,Two,World Development Indicators (WDI),Annual,Units,Normal value,Public
datastructure,WB.DATA360:DS_DATA360(1.3),I,A,BRA,WB_WDI_SI_POV_GINI,_T,_T,_T,0_TO_100,_Z,_Z,_Z,1999,59.0,_Z,IX,2,WB_WDI,P1Y,0,A,PU,Annual,Brazil,Gini index,Total,All age ranges or no breakdown by age,Total,0-100 scale,Not Applicable,Not Applicable,Not Applicable,Not Applicable,Index,Two,World Development Indicators (WDI),Annual,Units,Normal value,Public
datastructure,WB.DATA360:DS_DATA360(1.3),I,A,LAO,WB_WDI_SI_POV_GINI,_T,_T,_T,0_TO_100,_Z,_Z,_Z,2018,38.8,_Z,IX,2,WB_WDI,P1Y,0,A,PU,Annual,Lao PDR,Gini index,Total,All age ranges or no breakdown by age,Total,0-100 scale,Not Applicable,Not Applicable,Not Applicable,Not Applicable,Index,Two,World Development Indicators (WDI),Annual,Units,Normal value,Public
datastructure,WB.DATA360:DS_DATA360(1.3),I,A,LVA,WB_WDI_SI_POV_GINI,_T,_T,_T,0_TO_100,_Z,_Z,_Z,2018,35.1,_Z,IX,2,WB_WDI,P1Y,0,A,PU,Annual,Latvia,Gini index,Total,All age ranges or no breakdown by age,Total,0-100 scale,Not Applicable,Not Applicable,Not Applicable,Not Applicable,Index,Two,World Development Indicators (WDI),Annual,Units,Normal value,Public
datastructure,WB.DATA360:DS_DATA360(1.3),I,A,LTU,WB_WDI_SI_POV_GINI,_T,_T,_T,0_TO_100,_Z,_Z,_Z,2018,35.7,_Z,IX,2,WB_WDI,P1Y,0,A,PU,Annual,Lithuania,Gini index,Total,All age ranges or no breakdown by age,Total,0-100 scale,Not Applicable,Not Applicable,Not Applicable,Not Applicable,Index,Two,World Development Indicators (WDI),Annual,Units,Normal value,Public
datastructure,WB.DATA360:DS_DATA360(1.3),I,A,LUX,WB_WDI_SI_POV_GINI,_T,_T,_T,0_TO_100,_Z,_Z,_Z,2018,35.4,_Z,IX,2,WB_WDI,P1Y,0,A,PU,Annual,Luxembourg,Gini index,Total,All age ranges or no breakdown by age,Total,0-100 scale,Not Applicable,Not Applicable,Not Applicable,Not Applicable,Index,Two,World Development Indicators (WDI),Annual,Units,Normal value,Public
datastructure,WB.DATA360:DS_DATA360(1.3),I,A,DEU,WB_WDI_SI_POV_GINI,_T,_T,_T,0_TO_100,_Z,_Z,_Z,2017,31.3,_Z,IX,2,WB_WDI,P1Y,0,A,PU,Annual,Germany,Gini index,Total,All age ranges or no breakdown by age,Total,0-100 scale,Not Applicable,Not Applicable,Not Applicable,Not Applicable,Index,Two,World Development Indicators (WDI),Annual,Units,Normal value,Public
datastructure,WB.DATA360:DS_DATA360(1.3),I,A,GRC,WB_WDI_SI_POV_GINI,_T,_T,_T,0_TO_100,_Z,_Z,_Z,2017,34.4,_Z,IX,2,WB_WDI,P1Y,0,A,PU,Annual,Greece,Gini index,Total,All age ranges or no breakdown by age,Total,0-100 scale,Not Applicable,Not Applicable,Not Applicable,Not Applicable,Index,Two,World Development Indicators (WDI),Annual,Units,Normal value,Public
datastructure,WB.DATA360:DS_DATA360(1.3),I,A,HND,WB_WDI_SI_POV_GINI,_T,_T,_T,0_TO_100,_Z,_Z,_Z,2017,49.4,_Z,IX,2,WB_WDI,P1Y,0,A,PU,Annual,Honduras,Gini index,Total,All age ranges or no breakdown by age,Total,0-100 scale,Not Applicable,Not Applicable,Not Applicable,Not Applicable,Index,Two,World Development Indicators (WDI),Annual,Units,Normal value,Public
datastructure,WB.DATA360:DS_DATA360(1.3),I,A,ARM,WB_WDI_SI_POV_GINI,_T,_T,_T,0_TO_100,_Z,_Z,_Z,2020,25.1,_Z,IX,2,WB_WDI,P1Y,0,A,PU,Annual,Armenia,Gini index,Total,All age ranges or no breakdown by age,Total,0-100 scale,Not Applicable,Not Applicable,Not Applicable,Not Applicable,Index,Two,World Development Indicators (WDI),Annual,Units,Normal value,Public
datastructure,WB.DATA360:DS_DATA360(1.3),I,A,AUS,WB_WDI_SI_POV_GINI,_T,_T,_T,0_TO_100,_Z,_Z,_Z,2020,33.8,_Z,IX,2,WB_WDI,P1Y,0,A,PU,Annual,Australia,Gini index,Total,All age ranges or no breakdown by age,Total,0-100 scale,Not Applicable,Not Applicable,Not Applicable,Not Applicable,Index,Two,World Development Indicators (WDI),Annual,Units,Normal value,Public
datastructure,WB.DATA360:DS_DATA360(1.3),I,A,AUT,WB_WDI_SI_POV_GINI,_T,_T,_T,0_TO_100,_Z,_Z,_Z,2020,29.8,_Z,IX,2,WB_WDI,P1Y,0,A,PU,Annual,Austria,Gini index,Total,All age ranges or no breakdown by age,Total,0-100 scale,Not Applicable,Not Applicable,Not Applicable,Not Applicable,Index,Two,World Development Indicators (WDI),Annual,Units,Normal value,Public
datastructure,WB.DATA360:DS_DATA360(1.3),I,A,BLR,WB_WDI_SI_POV_GINI,_T,_T,_T,0_TO_100,_Z,_Z,_Z,2020,24.4,_Z,IX,2,WB_WDI,P1Y,0,A,PU,Annual,Belarus,Gini index,Total,All age ranges or no breakdown by age,Total,0-100 scale,Not Applicable,Not Applicable,Not Applicable,Not Applicable,Index,Two,World Development Indicators (WDI),Annual,Units,Normal value,Public
datastructure,WB.DATA360:DS_DATA360(1.3),I,A,BEL,WB_WDI_SI_POV_GINI,_T,_T,_T,0_TO_100,_Z,_Z,_Z,2020,26.0,_Z,IX,2,WB_WDI,P1Y,0,A,PU,Annual,Belgium,Gini index,Total,All age ranges or no breakdown by age,Total,0-100 scale,Not Applicable,Not Applicable,Not Applicable,Not Applicable,Index,Two,World Development Indicators (WDI),Annual,Units,Normal value,Public
datastructure,WB.DATA360:DS_DATA360(1.3),I,A,MLT,WB_WDI_SI_POV_GINI,_T,_T,_T,0_TO_100,_Z,_Z,_Z,2012,29.4,_Z,IX,2,WB_WDI,P1Y,0,A,PU,Annual,Malta,Gini index,Total,All age ranges or no breakdown by age,Total,0-100 scale,Not Applicable,Not Applicable,Not Applicable,Not Applicable,Index,Two,World Development Indicators (WDI),Annual,Units,Normal value,Public
datastructure,WB.DATA360:DS_DATA360(1.3),I,A,MUS,WB_WDI_SI_POV_GINI,_T,_T,_T,0_TO_100,_Z,_Z,_Z,2012,38.5,_Z,IX,2,WB_WDI,P1Y,0,A,PU,Annual,Mauritius,Gini index,Total,All age ranges or no breakdown by age,Total,0-100 scale,Not Applicable,Not Applicable,Not Applicable,Not Applicable,Index,Two,World Development Indicators (WDI),Annual,Units,Normal value,Public
datastructure,WB.DATA360:DS_DATA360(1.3),I,A,MEX,WB_WDI_SI_POV_GINI,_T,_T,_T,0_TO_100,_Z,_Z,_Z,2012,49.6,_Z,IX,2,WB_WDI,P1Y,0,A,PU,Annual,Mexico,Gini index,Total,All age ranges or no breakdown by age,Total,0-100 scale,Not Applicable,Not Applicable,Not Applicable,Not Applicable,Index,Two,World Development Indicators (WDI),Annual,Units,Normal value,Public
datastructure,WB.DATA360:DS_DATA360(1.3),I,A,MDA,WB_WDI_SI_POV_GINI,_T,_T,_T,0_TO_100,_Z,_Z,_Z,2012,29.2,_Z,IX,2,WB_WDI,P1Y,0,A,PU,Annual,Moldova,Gini index,Total,All age ranges or no breakdown by age,Total,0-100 scale,Not Applicable,Not Applicable,Not Applicable,Not Applicable,Index,Two,World Development Indicators (WDI),Annual,Units,Normal value,Public
datastructure,WB.DATA360:DS_DATA360(1.3),I,A,THA,WB_WDI_SI_POV_GINI,_T,_T,_T,0_TO_100,_Z,_Z,_Z,2012,39.3,_Z,IX,2,WB_WDI,P1Y,0,A,PU,Annual,Thailand,Gini index,Total,All age ranges or no breakdown by age,Total,0-100 scale,Not Applicable,Not Applicable,Not Applicable,Not Applicable,Index,Two,World Development Indicators (WDI),Annual,Units,Normal value,Public
datastructure,WB.DATA360:DS_DATA360(1.3),I,A,TUR,WB_WDI_SI_POV_GINI,_T,_T,_T,0_TO_100,_Z,_Z,_Z,2012,40.2,_Z,IX,2,WB_WDI,P1Y,0,A,PU,Annual,Türkiye,Gini index,Total,All age ranges or no breakdown by age,Total,0-100 scale,Not Applicable,Not Applicable,Not Applicable,Not Applicable,Index,Two,World Development Indicators (WDI),Annual,Units,Normal value,Public
datastructure,WB.DATA360:DS_DATA360(1.3),I,A,UGA,WB_WDI_SI_POV_GINI,_T,_T,_T,0_TO_100,_Z,_Z,_Z,2012,41.0,_Z,IX,2,WB_WDI,P1Y,0,A,PU,Annual,Uganda,Gini index,Total,All age ranges or no breakdown by age,Total,0-100 scale,Not Applicable,Not Applicable,Not Applicable,Not Applicable,Index,Two,World Development Indicators (WDI),Annual,Units,Normal value,Public
datastructure,WB.DATA360:DS_DATA360(1.3),I,A,UKR,WB_WDI_SI_POV_GINI,_T,_T,_T,0_TO_100,_Z,_Z,_Z,2012,24.7,_Z,IX,2,WB_WDI,P1Y,0,A,PU,Annual,Ukraine,Gini index,Total,All age ranges or no breakdown by age,Total,0-100 scale,Not Applicable,Not Applicable,Not Applicable,Not Applicable,Index,Two,World Development Indicators (WDI),Annual,Units,Normal value,Public
datastructure,WB.DATA360:DS_DATA360(1.3),I,A,PHL,WB_WDI_SI_POV_GINI,_T,_T,_T,0_TO_100,_Z,_Z,_Z,2012,46.5,_Z,IX,2,WB_WDI,P1Y,0,A,PU,Annual,Philippines,Gini index,Total,All age ranges or no breakdown by age,Total,0-100 scale,Not Applicable,Not Applicable,Not Applicable,Not Applicable,Index,Two,World Development Indicators (WDI),Annual,Units,Normal value,Public
datastructure,WB.DATA360:DS_DATA360(1.3),I,A,POL,WB_WDI_SI_POV_GINI,_T,_T,_T,0_TO_100,_Z,_Z,_Z,2012,33.0,_Z,IX,2,WB_WDI,P1Y,0,A,PU,Annual,Poland,Gini index,Total,All age ranges or no breakdown by age,Total,0-100 scale,Not Applicable,Not Applicable,Not Applicable,Not Applicable,Index,Two,World Development Indicators (WDI),Annual,Units,Normal value,Public
datastructure,WB.DATA360:DS_DATA360(1.3),I,A,PRT,WB_WDI_SI_POV_GINI,_T,_T,_T,0_TO_100,_Z,_Z,_Z,2012,36.0,_Z,IX,2,WB_WDI,P1Y,0,A,PU,Annual,Portugal,Gini index,Total,All age ranges or no breakdown by age,Total,0-100 scale,Not Applicable,Not Applicable,Not Applicable,Not Applicable,Index,Two,World Development Indicators (WDI),Annual,Units,Normal value,Public
datastructure,WB.DATA360:DS_DATA360(1.3),I,A,ROU,WB_WDI_SI_POV_GINI,_T,_T,_T,0_TO_100,_Z,_Z,_Z,2012,36.5,_Z,IX,2,WB_WDI,P1Y,0,A,PU,Annual,Romania,Gini index,Total,All age ranges or no breakdown by age,Total,0-100 scale,Not Applicable,Not Applicable,Not Applicable,Not Applicable,Index,Two,World Development Indicators (WDI),Annual,Units,Normal value,Public
datastructure,WB.DATA360:DS_DATA360(1.3),I,A,RUS,WB_WDI_SI_POV_GINI,_T,_T,_T,0_TO_100,_Z,_Z,_Z,2012,40.7,_Z,IX,2,WB_WDI,P1Y,0,A,PU,Annual,Russian Federation,Gini index,Total,All age ranges or no breakdown by age,Total,0-100 scale,Not Applicable,Not Applicable,Not Applicable,Not Applicable,Index,Two,World Development Indicators (WDI),Annual,Units,Normal value,Public
datastructure,WB.DATA360:DS_DATA360(1.3),I,A,BRA,WB_WDI_SI_POV_GINI,_T,_T,_T,0_TO_100,_Z,_Z,_Z,2019,53.5,_Z,IX,2,WB_WDI,P1Y,0,A,PU,Annual,Brazil,Gini index,Total,All age ranges or no breakdown by age,Total,0-100 scale,Not Applicable,Not Applicable,Not Applicable,Not Applicable,Index,Two,World Development Indicators (WDI),Annual,Units,Normal value,Public
datastructure,WB.DATA360:DS_DATA360(1.3),I,A,BGR,WB_WDI_SI_POV_GINI,_T,_T,_T,0_TO_100,_Z,_Z,_Z,2019,40.3,_Z,IX,2,WB_WDI,P1Y,0,A,PU,Annual,Bulgaria,Gini index,Total,All age ranges or no breakdown by age,Total,0-100 scale,Not Applicable,Not Applicable,Not Applicable,Not Applicable,Index,Two,World Development Indicators (WDI),Annual,Units,Normal value,Public
datastructure,WB.DATA360:DS_DATA360(1.3),I,A,CAN,WB_WDI_SI_POV_GINI,_T,_T,_T,0_TO_100,_Z,_Z,_Z,2019,31.8,_Z,IX,2,WB_WDI,P1Y,0,A,PU,Annual,Canada,Gini index,Total,All age ranges or no breakdown by age,Total,0-100 scale,Not Applicable,Not Applicable,Not Applicable,Not Applicable,Index,Two,World Development Indicators (WDI),Annual,Units,Normal value,Public
datastructure,WB.DATA360:DS_DATA360(1.3),I,A,NLD,WB_WDI_SI_POV_GINI,_T,_T,_T,0_TO_100,_Z,_Z,_Z,2004,29.8,_Z,IX,2,WB_WDI,P1Y,0,A,PU,Annual,Netherlands,Gini index,Total,All age ranges or no breakdown by age,Total,0-100 scale,Not Applicable,Not Applicable,Not Applicable,Not Applicable,Index,Two,World Development Indicators (WDI),Annual,Units,Normal value,Public
datastructure,WB.DATA360:DS_DATA360(1.3),I,A,MKD,WB_WDI_SI_POV_GINI,_T,_T,_T,0_TO_100,_Z,_Z,_Z,2004,38.4,_Z,IX,2,WB_WDI,P1Y,0,A,PU,Annual,North Macedonia,Gini index,Total,All age ranges or no breakdown by age,Total,0-100 scale,Not Applicable,Not Applicable,Not Applicable,Not Applicable,Index,Two,World Development Indicators (WDI),Annual,Units,Normal value,Public
datastructure,WB.DATA360:DS_DATA360(1.3),I,A,NOR,WB_WDI_SI_POV_GINI,_T,_T,_T,0_TO_100,_Z,_Z,_Z,2004,31.6,_Z,IX,2,WB_WDI,P1Y,0,A,PU,Annual,Norway,Gini index,Total,All age ranges or no breakdown by age,Total,0-100 scale,Not Applicable,Not Applicable,Not Applicable,Not Applicable,Index,Two,World Development Indicators (WDI),Annual,Units,Normal value,Public
datastructure,WB.DATA360:DS_DATA360(1.3),I,A,SWE,WB_WDI_SI_POV_GINI,_T,_T,_T,0_TO_100,_Z,_Z,_Z,2013,28.8,_Z,IX,2,WB_WDI,P1Y,0,A,PU,Annual,Sweden,Gini index,Total,All age ranges or no breakdown by age,Total,0-100 scale,Not Applicable,Not Applicable,Not Applicable,Not Applicable,Index,Two,World Development Indicators (WDI),Annual,Units,Normal value,Public
datastructure,WB.DATA360:DS_DATA360(1.3),I,A,CHE,WB_WDI_SI_POV_GINI,_T,_T,_T,0_TO_100,_Z,_Z,_Z,2013,32.5,_Z,IX,2,WB_WDI,P1Y,0,A,PU,Annual,Switzerland,Gini index,Total,All age ranges or no breakdown by age,Total,0-100 scale,Not Applicable,Not Applicable,Not Applicable,Not Applicable,Index,Two,World Development Indicators (WDI),Annual,Units,Normal value,Public
datastructure,WB.DATA360:DS_DATA360(1.3),I,A,THA,WB_WDI_SI_POV_GINI,_T,_T,_T,0_TO_100,_Z,_Z,_Z,2013,37.8,_Z,IX,2,WB_WDI,P1Y,0,A,PU,Annual,Thailand,Gini index,Total,All age ranges or no breakdown by age,Total,0-100 scale,Not Applicable,Not Applicable,Not Applicable,Not Applicable,Index,Two,World Development Indicators (WDI),Annual,Units,Normal value,Public
datastructure,WB.DATA360:DS_DATA360(1.3),I,A,BLR,WB_WDI_SI_POV_GINI,_T,_T,_T,0_TO_100,_Z,_Z,_Z,2012,26.5,_Z,IX,2,WB_WDI,P1Y,0,A,PU,Annual,Belarus,Gini index,Total,All age ranges or no breakdown by age,Total,0-100 scale,Not Applicable,Not Applicable,Not Applicable,Not Applicable,Index,Two,World Development Indicators (WDI),Annual,Units,Normal value,Public
datastructure,WB.DATA360:DS_DATA360(1.3),I,A,BEL,WB_WDI_SI_POV_GINI,_T,_T,_T,0_TO_100,_Z,_Z,_Z,2012,27.5,_Z,IX,2,WB_WDI,P1Y,0,A,PU,Annual,Belgium,Gini index,Total,All age ranges or no breakdown by age,Total,0-100 scale,Not Applicable,Not Applicable,Not Applicable,Not Applicable,Index,Two,World Development Indicators (WDI),Annual,Units,Normal value,Public
datastructure,WB.DATA360:DS_DATA360(1.3),I,A,BTN,WB_WDI_SI_POV_GINI,_T,_T,_T,0_TO_100,_Z,_Z,_Z,2012,38.8,_Z,IX,2,WB_WDI,P1Y,0,A,PU,Annual,Bhutan,Gini index,Total,All age ranges or no breakdown by age,Total,0-100 scale,Not Applicable,Not Applicable,Not Applicable,Not Applicable,Index,Two,World Development Indicators (WDI),Annual,Units,Normal value,Public
datastructure,WB.DATA360:DS_DATA360(1.3),I,A,BOL,WB_WDI_SI_POV_GINI,_T,_T,_T,0_TO_100,_Z,_Z,_Z,2012,46.6,_Z,IX,2,WB_WDI,P1Y,0,A,PU,Annual,Bolivia,Gini index,Total,All age ranges or no breakdown by age,Total,0-100 scale,Not Applicable,Not Applicable,Not Applicable,Not Applicable,Index,Two,World Development Indicators (WDI),Annual,Units,Normal value,Public
datastructure,WB.DATA360:DS_DATA360(1.3),I,A,PAN,WB_WDI_SI_POV_GINI,_T,_T,_T,0_TO_100,_Z,_Z,_Z,2009,51.8,_Z,IX,2,WB_WDI,P1Y,0,A,PU,Annual,Panama,Gini index,Total,All age ranges or no breakdown by age,Total,0-100 scale,Not Applicable,Not Applicable,Not Applicable,Not Applicable,Index,Two,World Development Indicators (WDI),Annual,Units,Normal value,Public
datastructure,WB.DATA360:DS_DATA360(1.3),I,A,PNG,WB_WDI_SI_POV_GINI,_T,_T,_T,0_TO_100,_Z,_Z,_Z,2009,41.9,_Z,IX,2,WB_WDI,P1Y,0,A,PU,Annual,Papua New Guinea,Gini index,Total,All age ranges or no breakdown by age,Total,0-100 scale,Not Applicable,Not Applicable,Not Applicable,Not Applicable,Index,Two,World Development Indicators (WDI),Annual,Units,Normal value,Public
datastructure,WB.DATA360:DS_DATA360(1.3),I,A,PRY,WB_WDI_SI_POV_GINI,_T,_T,_T,0_TO_100,_Z,_Z,_Z,2009,49.1,_Z,IX,2,WB_WDI,P1Y,0,A,PU,Annual,Paraguay,Gini index,Total,All age ranges or no breakdown by age,Total,0-100 scale,Not Applicable,Not Applicable,Not Applicable,Not Applicable,Index,Two,World Development Indicators (WDI),Annual,Units,Normal value,Public
datastructure,WB.DATA360:DS_DATA360(1.3),I,A,PER,WB_WDI_SI_POV_GINI,_T,_T,_T,0_TO_100,_Z,_Z,_Z,2009,47.0,_Z,IX,2,WB_WDI,P1Y,0,A,PU,Annual,Peru,Gini index,Total,All age ranges or no breakdown by age,Total,0-100 scale,Not Applicable,Not Applicable,Not Applicable,Not Applicable,Index,Two,World Development Indicators (WDI),Annual,Units,Normal value,Public
datastructure,WB.DATA360:DS_DATA360(1.3),I,A,PHL,WB_WDI_SI_POV_GINI,_T,_T,_T,0_TO_100,_Z,_Z,_Z,2009,46.3,_Z,IX,2,WB_WDI,P1Y,0,A,PU,Annual,Philippines,Gini index,Total,All age ranges or no breakdown by age,Total,0-100 scale,Not Applicable,Not Applicable,Not Applicable,Not Applicable,Index,Two,World Development Indicators (WDI),Annual,Units,Normal value,Public
datastructure,WB.DATA360:DS_DATA360(1.3),I,A,POL,WB_WDI_SI_POV_GINI,_T,_T,_T,0_TO_100,_Z,_Z,_Z,2009,33.4,_Z,IX,2,WB_WDI,P1Y,0,A,PU,Annual,Poland,Gini index,Total,All age ranges or no breakdown by age,Total,0-100 scale,Not Applicable,Not Applicable,Not Applicable,Not Applicable,Index,Two,World Development Indicators (WDI),Annual,Units,Normal value,Public
datastructure,WB.DATA360:DS_DATA360(1.3),I,A,PRT,WB_WDI_SI_POV_GINI,_T,_T,_T,0_TO_100,_Z,_Z,_Z,2009,34.9,_Z,IX,2,WB_WDI,P1Y,0,A,PU,Annual,Portugal,Gini index,Total,All age ranges or no breakdown by age,Total,0-100 scale,Not Applicable,Not Applicable,Not Applicable,Not Applicable,Index,Two,World Development Indicators (WDI),Annual,Units,Normal value,Public
datastructure,WB.DATA360:DS_DATA360(1.3),I,A,BFA,WB_WDI_SI_POV_GINI,_T,_T,_T,0_TO_100,_Z,_Z,_Z,2003,43.3,_Z,IX,2,WB_WDI,P1Y,0,A,PU,Annual,Burkina Faso,Gini index,Total,All age ranges or no breakdown by age,Total,0-100 scale,Not Applicable,Not Applicable,Not Applicable,Not Applicable,Index,Two,World Development Indicators (WDI),Annual,Units,Normal value,Public
datastructure,WB.DATA360:DS_DATA360(1.3),I,A,CAN,WB_WDI_SI_POV_GINI,_T,_T,_T,0_TO_100,_Z,_Z,_Z,2003,33.8,_Z,IX,2,WB_WDI,P1Y,0,A,PU,Annual,Canada,Gini index,Total,All age ranges or no breakdown by age,Total,0-100 scale,Not Applicable,Not Applicable,Not Applicable,Not Applicable,Index,Two,World Development Indicators (WDI),Annual,Units,Normal value,Public
datastructure,WB.DATA360:DS_DATA360(1.3),I,A,TCD,WB_WDI_SI_POV_GINI,_T,_T,_T,0_TO_100,_Z,_Z,_Z,2003,39.8,_Z,IX,2,WB_WDI,P1Y,0,A,PU,Annual,Chad,Gini index,Total,All age ranges or no breakdown by age,Total,0-100 scale,Not Applicable,Not Applicable,Not Applicable,Not Applicable,Index,Two,World Development Indicators (WDI),Annual,Units,Normal value,Public
datastructure,WB.DATA360:DS_DATA360(1.3),I,A,CHL,WB_WDI_SI_POV_GINI,_T,_T,_T,0_TO_100,_Z,_Z,_Z,2003,51.5,_Z,IX,2,WB_WDI,P1Y,0,A,PU,Annual,Chile,Gini index,Total,All age ranges or no breakdown by age,Total,0-100 scale,Not Applicable,Not Applicable,Not Applicable,Not Applicable,Index,Two,World Development Indicators (WDI),Annual,Units,Normal value,Public
datastructure,WB.DATA360:DS_DATA360(1.3),I,A,COL,WB_WDI_SI_POV_GINI,_T,_T,_T,0_TO_100,_Z,_Z,_Z,2003,53.6,_Z,IX,2,WB_WDI,P1Y,0,A,PU,Annual,Colombia,Gini index,Total,All age ranges or no breakdown by age,Total,0-100 scale,Not Applicable,Not Applicable,Not Applicable,Not Applicable,Index,Two,World Development Indicators (WDI),Annual,Units,Normal value,Public
datastructure,WB.DATA360:DS_DATA360(1.3),I,A,TJK,WB_WDI_SI_POV_GINI,_T,_T,_T,0_TO_100,_Z,_Z,_Z,2004,33.6,_Z,IX,2,WB_WDI,P1Y,0,A,PU,Annual,Tajikistan,Gini index,Total,All age ranges or no breakdown by age,Total,0-100 scale,Not Applicable,Not Applicable,Not Applicable,Not Applicable,Index,Two,World Development Indicators (WDI),Annual,Units,Normal value,Public
datastructure,WB.DATA360:DS_DATA360(1.3),I,A,THA,WB_WDI_SI_POV_GINI,_T,_T,_T,0_TO_100,_Z,_Z,_Z,2004,42.5,_Z,IX,2,WB_WDI,P1Y,0,A,PU,Annual,Thailand,Gini index,Total,All age ranges or no breakdown by age,Total,0-100 scale,Not Applicable,Not Applicable,Not Applicable,Not Applicable,Index,Two,World Development Indicators (WDI),Annual,Units,Normal value,Public
datastructure,WB.DATA360:DS_DATA360(1.3),I,A,TUR,WB_WDI_SI_POV_GINI,_T,_T,_T,0_TO_100,_Z,_Z,_Z,2004,41.3,_Z,IX,2,WB_WDI,P1Y,0,A,PU,Annual,Türkiye,Gini index,Total,All age ranges or no breakdown by age,Total,0-100 scale,Not Applicable,Not Applicable,Not Applicable,Not Applicable,Index,Two,World Development Indicators (WDI),Annual,Units,Normal value,Public
datastructure,WB.DATA360:DS_DATA360(1.3),I,A,DOM,WB_WDI_SI_POV_GINI,_T,_T,_T,0_TO_100,_Z,_Z,_Z,2020,39.6,_Z,IX,2,WB_WDI,P1Y,0,A,PU,Annual,Dominican Republic,Gini index,Total,All age ranges or no breakdown by age,Total,0-100 scale,Not Applicable,Not Applicable,Not Applicable,Not Applicable,Index,Two,World Development Indicators (WDI),Annual,Units,Normal value,Public
datastructure,WB.DATA360:DS_DATA360(1.3),I,A,ECU,WB_WDI_SI_POV_GINI,_T,_T,_T,0_TO_100,_Z,_Z,_Z,2020,47.3,_Z,IX,2,WB_WDI,P1Y,0,A,PU,Annual,Ecuador,Gini index,Total,All age ranges or no breakdown by age,Total,0-100 scale,Not Applicable,Not Applicable,Not Applicable,Not Applicable,Index,Two,World Development Indicators (WDI),Annual,Units,Normal value,Public
datastructure,WB.DATA360:DS_DATA360(1.3),I,A,EST,WB_WDI_SI_POV_GINI,_T,_T,_T,0_TO_100,_Z,_Z,_Z,2020,30.7,_Z,IX,2,WB_WDI,P1Y,0,A,PU,Annual,Estonia,Gini index,Total,All age ranges or no breakdown by age,Total,0-100 scale,Not Applicable,Not Applicable,Not Applicable,Not Applicable,Index,Two,World Development Indicators (WDI),Annual,Units,Normal value,Public
datastructure,WB.DATA360:DS_DATA360(1.3),I,A,CAN,WB_WDI_SI_POV_GINI,_T,_T,_T,0_TO_100,_Z,_Z,_Z,2008,33.9,_Z,IX,2,WB_WDI,P1Y,0,A,PU,Annual,Canada,Gini index,Total,All age ranges or no breakdown by age,Total,0-100 scale,Not Applicable,Not Applicable,Not Applicable,Not Applicable,Index,Two,World Development Indicators (WDI),Annual,Units,Normal value,Public
datastructure,WB.DATA360:DS_DATA360(1.3),I,A,CAF,WB_WDI_SI_POV_GINI,_T,_T,_T,0_TO_100,_Z,_Z,_Z,2008,56.2,_Z,IX,2,WB_WDI,P1Y,0,A,PU,Annual,Central African Republic,Gini index,Total,All age ranges or no breakdown by age,Total,0-100 scale,Not Applicable,Not Applicable,Not Applicable,Not Applicable,Index,Two,World Development Indicators (WDI),Annual,Units,Normal value,Public
datastructure,WB.DATA360:DS_DATA360(1.3),I,A,CHN,WB_WDI_SI_POV_GINI,_T,_T,_T,0_TO_100,_Z,_Z,_Z,2008,43.0,_Z,IX,2,WB_WDI,P1Y,0,A,PU,Annual,China,Gini index,Total,All age ranges or no breakdown by age,Total,0-100 scale,Not Applicable,Not Applicable,Not Applicable,Not Applicable,Index,Two,World Development Indicators (WDI),Annual,Units,Normal value,Public
datastructure,WB.DATA360:DS_DATA360(1.3),I,A,COL,WB_WDI_SI_POV_GINI,_T,_T,_T,0_TO_100,_Z,_Z,_Z,2008,55.0,_Z,IX,2,WB_WDI,P1Y,0,A,PU,Annual,Colombia,Gini index,Total,All age ranges or no breakdown by age,Total,0-100 scale,Not Applicable,Not Applicable,Not Applicable,Not Applicable,Index,Two,World Development Indicators (WDI),Annual,Units,Normal value,Public
datastructure,WB.DATA360:DS_DATA360(1.3),I,A,CRI,WB_WDI_SI_POV_GINI,_T,_T,_T,0_TO_100,_Z,_Z,_Z,2008,48.6,_Z,IX,2,WB_WDI,P1Y,0,A,PU,Annual,Costa Rica,Gini index,Total,All age ranges or no breakdown by age,Total,0-100 scale,Not Applicable,Not Applicable,Not Applicable,Not Applicable,Index,Two,World Development Indicators (WDI),Annual,Units,Normal value,Public
datastructure,WB.DATA360:DS_DATA360(1.3),I,A,CIV,WB_WDI_SI_POV_GINI,_T,_T,_T,0_TO_100,_Z,_Z,_Z,2008,43.2,_Z,IX,2,WB_WDI,P1Y,0,A,PU,Annual,Côte d’Ivoire,Gini index,Total,All age ranges or no breakdown by age,Total,0-100 scale,Not Applicable,Not Applicable,Not Applicable,Not Applicable,Index,Two,World Development Indicators (WDI),Annual,Units,Normal value,Public
datastructure,WB.DATA360:DS_DATA360(1.3),I,A,DEU,WB_WDI_SI_POV_GINI,_T,_T,_T,0_TO_100,_Z,_Z,_Z,2009,30.4,_Z,IX,2,WB_WDI,P1Y,0,A,PU,Annual,Germany,Gini index,Total,All age ranges or no breakdown by age,Total,0-100 scale,Not Applicable,Not Applicable,Not Applicable,Not Applicable,Index,Two,World Development Indicators (WDI),Annual,Units,Normal value,Public
datastructure,WB.DATA360:DS_DATA360(1.3),I,A,GRC,WB_WDI_SI_POV_GINI,_T,_T,_T,0_TO_100,_Z,_Z,_Z,2009,33.6,_Z,IX,2,WB_WDI,P1Y,0,A,PU,Annual,Greece,Gini index,Total,All age ranges or no breakdown by age,Total,0-100 scale,Not Applicable,Not Applicable,Not Applicable,Not Applicable,Index,Two,World Development Indicators (WDI),Annual,Units,Normal value,Public
datastructure,WB.DATA360:DS_DATA360(1.3),I,A,HND,WB_WDI_SI_POV_GINI,_T,_T,_T,0_TO_100,_Z,_Z,_Z,2009,51.3,_Z,IX,2,WB_WDI,P1Y,0,A,PU,Annual,Honduras,Gini index,Total,All age ranges or no breakdown by age,Total,0-100 scale,Not Applicable,Not Applicable,Not Applicable,Not Applicable,Index,Two,World Development Indicators (WDI),Annual,Units,Normal value,Public
datastructure,WB.DATA360:DS_DATA360(1.3),I,A,UKR,WB_WDI_SI_POV_GINI,_T,_T,_T,0_TO_100,_Z,_Z,_Z,2017,26.0,_Z,IX,2,WB_WDI,P1Y,0,A,PU,Annual,Ukraine,Gini index,Total,All age ranges or no breakdown by age,Total,0-100 scale,Not Applicable,Not Applicable,Not Applicable,Not Applicable,Index,Two,World Development Indicators (WDI),Annual,Units,Normal value,Public
datastructure,WB.DATA360:DS_DATA360(1.3),I,A,GBR,WB_WDI_SI_POV_GINI,_T,_T,_T,0_TO_100,_Z,_Z,_Z,2017,32.6,_Z,IX,2,WB_WDI,P1Y,0,A,PU,Annual,United Kingdom,Gini index,Total,All age ranges or no breakdown by age,Total,0-100 scale,Not Applicable,Not Applicable,Not Applicable,Not Applicable,Index,Two,World Development Indicators (WDI),Annual,Units,Normal value,Public
datastructure,WB.DATA360:DS_DATA360(1.3),I,A,USA,WB_WDI_SI_POV_GINI,_T,_T,_T,0_TO_100,_Z,_Z,_Z,2017,41.4,_Z,IX,2,WB_WDI,P1Y,0,A,PU,Annual,United States,Gini index,Total,All age ranges or no breakdown by age,Total,0-100 scale,Not Applicable,Not Applicable,Not Applicable,Not Applicable,Index,Two,World Development Indicators (WDI),Annual,Units,Normal value,Public
datastructure,WB.DATA360:DS_DATA360(1.3),I,A,URY,WB_WDI_SI_POV_GINI,_T,_T,_T,0_TO_100,_Z,_Z,_Z,2017,39.5,_Z,IX,2,WB_WDI,P1Y,0,A,PU,Annual,Uruguay,Gini index,Total,All age ranges or no breakdown by age,Total,0-100 scale,Not Applicable,Not Applicable,Not Applicable,Not Applicable,Index,Two,World Development Indicators (WDI),Annual,Units,Normal value,Public
datastructure,WB.DATA360:DS_DATA360(1.3),I,A,MLT,WB_WDI_SI_POV_GINI,_T,_T,_T,0_TO_100,_Z,_Z,_Z,2013,28.8,_Z,IX,2,WB_WDI,P1Y,0,A,PU,Annual,Malta,Gini index,Total,All age ranges or no breakdown by age,Total,0-100 scale,Not Applicable,Not Applicable,Not Applicable,Not Applicable,Index,Two,World Development Indicators (WDI),Annual,Units,Normal value,Public
datastructure,WB.DATA360:DS_DATA360(1.3),I,A,FSM,WB_WDI_SI_POV_GINI,_T,_T,_T,0_TO_100,_Z,_Z,_Z,2013,40.1,_Z,IX,2,WB_WDI,P1Y,0,A,PU,Annual,"Micronesia, Fed. Sts.",Gini index,Total,All age ranges or no breakdown by age,Total,0-100 scale,Not Applicable,Not Applicable,Not Applicable,Not Applicable,Index,Two,World Development Indicators (WDI),Annual,Units,Normal value,Public
datastructure,WB.DATA360:DS_DATA360(1.3),I,A,MDA,WB_WDI_SI_POV_GINI,_T,_T,_T,0_TO_100,_Z,_Z,_Z,2013,28.5,_Z,IX,2,WB_WDI,P1Y,0,A,PU,Annual,Moldova,Gini index,Total,All age ranges or no breakdown by age,Total,0-100 scale,Not Applicable,Not Applicable,Not Applicable,Not Applicable,Index,Two,World Development Indicators (WDI),Annual,Units,Normal value,Public
datastructure,WB.DATA360:DS_DATA360(1.3),I,A,MNE,WB_WDI_SI_POV_GINI,_T,_T,_T,0_TO_100,_Z,_Z,_Z,2013,39.0,_Z,IX,2,WB_WDI,P1Y,0,A,PU,Annual,Montenegro,Gini index,Total,All age ranges or no breakdown by age,Total,0-100 scale,Not Applicable,Not Applicable,Not Applicable,Not Applicable,Index,Two,World Development Indicators (WDI),Annual,Units,Normal value,Public
datastructure,WB.DATA360:DS_DATA360(1.3),I,A,MAR,WB_WDI_SI_POV_GINI,_T,_T,_T,0_TO_100,_Z,_Z,_Z,2013,39.5,_Z,IX,2,WB_WDI,P1Y,0,A,PU,Annual,Morocco,Gini index,Total,All age ranges or no breakdown by age,Total,0-100 scale,Not Applicable,Not Applicable,Not Applicable,Not Applicable,Index,Two,World Development Indicators (WDI),Annual,Units,Normal value,Public
datastructure,WB.DATA360:DS_DATA360(1.3),I,A,TUR,WB_WDI_SI_POV_GINI,_T,_T,_T,0_TO_100,_Z,_Z,_Z,2007,38.4,_Z,IX,2,WB_WDI,P1Y,0,A,PU,Annual,Türkiye,Gini index,Total,All age ranges or no breakdown by age,Total,0-100 scale,Not Applicable,Not Applicable,Not Applicable,Not Applicable,Index,Two,World Development Indicators (WDI),Annual,Units,Normal value,Public
datastructure,WB.DATA360:DS_DATA360(1.3),I,A,UKR,WB_WDI_SI_POV_GINI,_T,_T,_T,0_TO_100,_Z,_Z,_Z,2007,27.0,_Z,IX,2,WB_WDI,P1Y,0,A,PU,Annual,Ukraine,Gini index,Total,All age ranges or no breakdown by age,Total,0-100 scale,Not Applicable,Not Applicable,Not Applicable,Not Applicable,Index,Two,World Development Indicators (WDI),Annual,Units,Normal value,Public
datastructure,WB.DATA360:DS_DATA360(1.3),I,A,GBR,WB_WDI_SI_POV_GINI,_T,_T,_T,0_TO_100,_Z,_Z,_Z,2007,34.4,_Z,IX,2,WB_WDI,P1Y,0,A,PU,Annual,United Kingdom,Gini index,Total,All age ranges or no breakdown by age,Total,0-100 scale,Not Applicable,Not Applicable,Not Applicable,Not Applicable,Index,Two,World Development Indicators (WDI),Annual,Units,Normal value,Public
datastructure,WB.DATA360:DS_DATA360(1.3),I,A,USA,WB_WDI_SI_POV_GINI,_T,_T,_T,0_TO_100,_Z,_Z,_Z,2007,41.1,_Z,IX,2,WB_WDI,P1Y,0,A,PU,Annual,United States,Gini index,Total,All age ranges or no breakdown by age,Total,0-100 scale,Not Applicable,Not Applicable,Not Applicable,Not Applicable,Index,Two,World Development Indicators (WDI),Annual,Units,Normal value,Public
datastructure,WB.DATA360:DS_DATA360(1.3),I,A,URY,WB_WDI_SI_POV_GINI,_T,_T,_T,0_TO_100,_Z,_Z,_Z,2007,46.4,_Z,IX,2,WB_WDI,P1Y,0,A,PU,Annual,Uruguay,Gini index,Total,All age ranges or no breakdown by age,Total,0-100 scale,Not Applicable,Not Applicable,Not Applicable,Not Applicable,Index,Two,World Development Indicators (WDI),Annual,Units,Normal value,Public
datastructure,WB.DATA360:DS_DATA360(1.3),I,A,LTU,WB_WDI_SI_POV_GINI,_T,_T,_T,0_TO_100,_Z,_Z,_Z,2008,35.7,_Z,IX,2,WB_WDI,P1Y,0,A,PU,Annual,Lithuania,Gini index,Total,All age ranges or no breakdown by age,Total,0-100 scale,Not Applicable,Not Applicable,Not Applicable,Not Applicable,Index,Two,World Development Indicators (WDI),Annual,Units,Normal value,Public
datastructure,WB.DATA360:DS_DATA360(1.3),I,A,LUX,WB_WDI_SI_POV_GINI,_T,_T,_T,0_TO_100,_Z,_Z,_Z,2008,32.6,_Z,IX,2,WB_WDI,P1Y,0,A,PU,Annual,Luxembourg,Gini index,Total,All age ranges or no breakdown by age,Total,0-100 scale,Not Applicable,Not Applicable,Not Applicable,Not Applicable,Index,Two,World Development Indicators (WDI),Annual,Units,Normal value,Public
datastructure,WB.DATA360:DS_DATA360(1.3),I,A,MYS,WB_WDI_SI_POV_GINI,_T,_T,_T,0_TO_100,_Z,_Z,_Z,2008,45.5,_Z,IX,2,WB_WDI,P1Y,0,A,PU,Annual,Malaysia,Gini index,Total,All age ranges or no breakdown by age,Total,0-100 scale,Not Applicable,Not Applicable,Not Applicable,Not Applicable,Index,Two,World Development Indicators (WDI),Annual,Units,Normal value,Public
datastructure,WB.DATA360:DS_DATA360(1.3),I,A,BLR,WB_WDI_SI_POV_GINI,_T,_T,_T,0_TO_100,_Z,_Z,_Z,2004,26.5,_Z,IX,2,WB_WDI,P1Y,0,A,PU,Annual,Belarus,Gini index,Total,All age ranges or no breakdown by age,Total,0-100 scale,Not Applicable,Not Applicable,Not Applicable,Not Applicable,Index,Two,World Development Indicators (WDI),Annual,Units,Normal value,Public
datastructure,WB.DATA360:DS_DATA360(1.3),I,A,BEL,WB_WDI_SI_POV_GINI,_T,_T,_T,0_TO_100,_Z,_Z,_Z,2004,30.5,_Z,IX,2,WB_WDI,P1Y,0,A,PU,Annual,Belgium,Gini index,Total,All age ranges or no breakdown by age,Total,0-100 scale,Not Applicable,Not Applicable,Not Applicable,Not Applicable,Index,Two,World Development Indicators (WDI),Annual,Units,Normal value,Public
datastructure,WB.DATA360:DS_DATA360(1.3),I,A,BOL,WB_WDI_SI_POV_GINI,_T,_T,_T,0_TO_100,_Z,_Z,_Z,2004,55.0,_Z,IX,2,WB_WDI,P1Y,0,A,PU,Annual,Bolivia,Gini index,Total,All age ranges or no breakdown by age,Total,0-100 scale,Not Applicable,Not Applicable,Not Applicable,Not Applicable,Index,Two,World Development Indicators (WDI),Annual,Units,Normal value,Public
datastructure,WB.DATA360:DS_DATA360(1.3),I,A,BIH,WB_WDI_SI_POV_GINI,_T,_T,_T,0_TO_100,_Z,_Z,_Z,2004,34.0,_Z,IX,2,WB_WDI,P1Y,0,A,PU,Annual,Bosnia and Herzegovina,Gini index,Total,All age ranges or no breakdown by age,Total,0-100 scale,Not Applicable,Not Applicable,Not Applicable,Not Applicable,Index,Two,World Development Indicators (WDI),Annual,Units,Normal value,Public
datastructure,WB.DATA360:DS_DATA360(1.3),I,A,BRA,WB_WDI_SI_POV_GINI,_T,_T,_T,0_TO_100,_Z,_Z,_Z,2004,56.5,_Z,IX,2,WB_WDI,P1Y,0,A,PU,Annual,Brazil,Gini index,Total,All age ranges or no breakdown by age,Total,0-100 scale,Not Applicable,Not Applicable,Not Applicable,Not Applicable,Index,Two,World Development Indicators (WDI),Annual,Units,Normal value,Public
datastructure,WB.DATA360:DS_DATA360(1.3),I,A,CPV,WB_WDI_SI_POV_GINI,_T,_T,_T,0_TO_100,_Z,_Z,_Z,2007,47.2,_Z,IX,2,WB_WDI,P1Y,0,A,PU,Annual,Cabo Verde,Gini index,Total,All age ranges or no breakdown by age,Total,0-100 scale,Not Applicable,Not Applicable,Not Applicable,Not Applicable,Index,Two,World Development Indicators (WDI),Annual,Units,Normal value,Public
datastructure,WB.DATA360:DS_DATA360(1.3),I,A,CMR,WB_WDI_SI_POV_GINI,_T,_T,_T,0_TO_100,_Z,_Z,_Z,2007,42.8,_Z,IX,2,WB_WDI,P1Y,0,A,PU,Annual,Cameroon,Gini index,Total,All age ranges or no breakdown by age,Total,0-100 scale,Not Applicable,Not Applicable,Not Applicable,Not Applicable,Index,Two,World Development Indicators (WDI),Annual,Units,Normal value,Public
datastructure,WB.DATA360:DS_DATA360(1.3),I,A,CAN,WB_WDI_SI_POV_GINI,_T,_T,_T,0_TO_100,_Z,_Z,_Z,2007,33.8,_Z,IX,2,WB_WDI,P1Y,0,A,PU,Annual,Canada,Gini index,Total,All age ranges or no breakdown by age,Total,0-100 scale,Not Applicable,Not Applicable,Not Applicable,Not Applicable,Index,Two,World Development Indicators (WDI),Annual,Units,Normal value,Public
datastructure,WB.DATA360:DS_DATA360(1.3),I,A,GBR,WB_WDI_SI_POV_GINI,_T,_T,_T,0_TO_100,_Z,_Z,_Z,2012,33.1,_Z,IX,2,WB_WDI,P1Y,0,A,PU,Annual,United Kingdom,Gini index,Total,All age ranges or no breakdown by age,Total,0-100 scale,Not Applicable,Not Applicable,Not Applicable,Not Applicable,Index,Two,World Development Indicators (WDI),Annual,Units,Normal value,Public
datastructure,WB.DATA360:DS_DATA360(1.3),I,A,USA,WB_WDI_SI_POV_GINI,_T,_T,_T,0_TO_100,_Z,_Z,_Z,2012,41.2,_Z,IX,2,WB_WDI,P1Y,0,A,PU,Annual,United States,Gini index,Total,All age ranges or no breakdown by age,Total,0-100 scale,Not Applicable,Not Applicable,Not Applicable,Not Applicable,Index,Two,World Development Indicators (WDI),Annual,Units,Normal value,Public
datastructure,WB.DATA360:DS_DATA360(1.3),I,A,URY,WB_WDI_SI_POV_GINI,_T,_T,_T,0_TO_100,_Z,_Z,_Z,2012,39.9,_Z,IX,2,WB_WDI,P1Y,0,A,PU,Annual,Uruguay,Gini index,Total,All age ranges or no breakdown by age,Total,0-100 scale,Not Applicable,Not Applicable,Not Applicable,Not Applicable,Index,Two,World Development Indicators (WDI),Annual,Units,Normal value,Public
datastructure,WB.DATA360:DS_DATA360(1.3),I,A,VNM,WB_WDI_SI_POV_GINI,_T,_T,_T,0_TO_100,_Z,_Z,_Z,2012,35.6,_Z,IX,2,WB_WDI,P1Y,0,A,PU,Annual,Vietnam,Gini index,Total,All age ranges or no breakdown by age,Total,0-100 scale,Not Applicable,Not Applicable,Not Applicable,Not Applicable,Index,Two,World Development Indicators (WDI),Annual,Units,Normal value,Public
datastructure,WB.DATA360:DS_DATA360(1.3),I,A,TUR,WB_WDI_SI_POV_GINI,_T,_T,_T,0_TO_100,_Z,_Z,_Z,2019,43.8,_Z,IX,2,WB_WDI,P1Y,0,A,PU,Annual,Türkiye,Gini index,Total,All age ranges or no breakdown by age,Total,0-100 scale,Not Applicable,Not Applicable,Not Applicable,Not Applicable,Index,Two,World Development Indicators (WDI),Annual,Units,Normal value,Public
datastructure,WB.DATA360:DS_DATA360(1.3),I,A,UGA,WB_WDI_SI_POV_GINI,_T,_T,_T,0_TO_100,_Z,_Z,_Z,2019,42.7,_Z,IX,2,WB_WDI,P1Y,0,A,PU,Annual,Uganda,Gini index,Total,All age ranges or no breakdown by age,Total,0-100 scale,Not Applicable,Not Applicable,Not Applicable,Not Applicable,Index,Two,World Development Indicators (WDI),Annual,Units,Normal value,Public
datastructure,WB.DATA360:DS_DATA360(1.3),I,A,UKR,WB_WDI_SI_POV_GINI,_T,_T,_T,0_TO_100,_Z,_Z,_Z,2019,26.6,_Z,IX,2,WB_WDI,P1Y,0,A,PU,Annual,Ukraine,Gini index,Total,All age ranges or no breakdown by age,Total,0-100 scale,Not Applicable,Not Applicable,Not Applicable,Not Applicable,Index,Two,World Development Indicators (WDI),Annual,Units,Normal value,Public
datastructure,WB.DATA360:DS_DATA360(1.3),I,A,GBR,WB_WDI_SI_POV_GINI,_T,_T,_T,0_TO_100,_Z,_Z,_Z,2019,32.8,_Z,IX,2,WB_WDI,P1Y,0,A,PU,Annual,United Kingdom,Gini index,Total,All age ranges or no breakdown by age,Total,0-100 scale,Not Applicable,Not Applicable,Not Applicable,Not Applicable,Index,Two,World Development Indicators (WDI),Annual,Units,Normal value,Public
datastructure,WB.DATA360:DS_DATA360(1.3),I,A,EST,WB_WDI_SI_POV_GINI,_T,_T,_T,0_TO_100,_Z,_Z,_Z,2017,30.4,_Z,IX,2,WB_WDI,P1Y,0,A,PU,Annual,Estonia,Gini index,Total,All age ranges or no breakdown by age,Total,0-100 scale,Not Applicable,Not Applicable,Not Applicable,Not Applicable,Index,Two,World Development Indicators (WDI),Annual,Units,Normal value,Public
datastructure,WB.DATA360:DS_DATA360(1.3),I,A,FIN,WB_WDI_SI_POV_GINI,_T,_T,_T,0_TO_100,_Z,_Z,_Z,2017,27.4,_Z,IX,2,WB_WDI,P1Y,0,A,PU,Annual,Finland,Gini index,Total,All age ranges or no breakdown by age,Total,0-100 scale,Not Applicable,Not Applicable,Not Applicable,Not Applicable,Index,Two,World Development Indicators (WDI),Annual,Units,Normal value,Public
datastructure,WB.DATA360:DS_DATA360(1.3),I,A,FRA,WB_WDI_SI_POV_GINI,_T,_T,_T,0_TO_100,_Z,_Z,_Z,2017,31.6,_Z,IX,2,WB_WDI,P1Y,0,A,PU,Annual,France,Gini index,Total,All age ranges or no breakdown by age,Total,0-100 scale,Not Applicable,Not Applicable,Not Applicable,Not Applicable,Index,Two,World Development Indicators (WDI),Annual,Units,Normal value,Public
datastructure,WB.DATA360:DS_DATA360(1.3),I,A,GAB,WB_WDI_SI_POV_GINI,_T,_T,_T,0_TO_100,_Z,_Z,_Z,2017,38.0,_Z,IX,2,WB_WDI,P1Y,0,A,PU,Annual,Gabon,Gini index,Total,All age ranges or no breakdown by age,Total,0-100 scale,Not Applicable,Not Applicable,Not Applicable,Not Applicable,Index,Two,World Development Indicators (WDI),Annual,Units,Normal value,Public
datastructure,WB.DATA360:DS_DATA360(1.3),I,A,GEO,WB_WDI_SI_POV_GINI,_T,_T,_T,0_TO_100,_Z,_Z,_Z,2017,37.9,_Z,IX,2,WB_WDI,P1Y,0,A,PU,Annual,Georgia,Gini index,Total,All age ranges or no breakdown by age,Total,0-100 scale,Not Applicable,Not Applicable,Not Applicable,Not Applicable,Index,Two,World Development Indicators (WDI),Annual,Units,Normal value,Public
datastructure,WB.DATA360:DS_DATA360(1.3),I,A,KAZ,WB_WDI_SI_POV_GINI,_T,_T,_T,0_TO_100,_Z,_Z,_Z,2019,28.0,_Z,IX,2,WB_WDI,P1Y,0,A,PU,Annual,Kazakhstan,Gini index,Total,All age ranges or no breakdown by age,Total,0-100 scale,Not Applicable,Not Applicable,Not Applicable,Not Applicable,Index,Two,World Development Indicators (WDI),Annual,Units,Normal value,Public
datastructure,WB.DATA360:DS_DATA360(1.3),I,A,KIR,WB_WDI_SI_POV_GINI,_T,_T,_T,0_TO_100,_Z,_Z,_Z,2019,27.8,_Z,IX,2,WB_WDI,P1Y,0,A,PU,Annual,Kiribati,Gini index,Total,All age ranges or no breakdown by age,Total,0-100 scale,Not Applicable,Not Applicable,Not Applicable,Not Applicable,Index,Two,World Development Indicators (WDI),Annual,Units,Normal value,Public
datastructure,WB.DATA360:DS_DATA360(1.3),I,A,KOR,WB_WDI_SI_POV_GINI,_T,_T,_T,0_TO_100,_Z,_Z,_Z,2019,33.2,_Z,IX,2,WB_WDI,P1Y,0,A,PU,Annual,"Korea, Rep.",Gini index,Total,All age ranges or no breakdown by age,Total,0-100 scale,Not Applicable,Not Applicable,Not Applicable,Not Applicable,Index,Two,World Development Indicators (WDI),Annual,Units,Normal value,Public
datastructure,WB.DATA360:DS_DATA360(1.3),I,A,XKX,WB_WDI_SI_POV_GINI,_T,_T,_T,0_TO_100,_Z,_Z,_Z,2019,40.2,_Z,IX,2,WB_WDI,P1Y,0,A,PU,Annual,Kosovo,Gini index,Total,All age ranges or no breakdown by age,Total,0-100 scale,Not Applicable,Not Applicable,Not Applicable,Not Applicable,Index,Two,World Development Indicators (WDI),Annual,Units,Normal value,Public
datastructure,WB.DATA360:DS_DATA360(1.3),I,A,KGZ,WB_WDI_SI_POV_GINI,_T,_T,_T,0_TO_100,_Z,_Z,_Z,2019,29.7,_Z,IX,2,WB_WDI,P1Y,0,A,PU,Annual,Kyrgyz Republic,Gini index,Total,All age ranges or no breakdown by age,Total,0-100 scale,Not Applicable,Not Applicable,Not Applicable,Not Applicable,Index,Two,World Development Indicators (WDI),Annual,Units,Normal value,Public
datastructure,WB.DATA360:DS_DATA360(1.3),I,A,LVA,WB_WDI_SI_POV_GINI,_T,_T,_T,0_TO_100,_Z,_Z,_Z,2019,34.5,_Z,IX,2,WB_WDI,P1Y,0,A,PU,Annual,Latvia,Gini index,Total,All age ranges or no breakdown by age,Total,0-100 scale,Not Applicable,Not Applicable,Not Applicable,Not Applicable,Index,Two,World Development Indicators (WDI),Annual,Units,Normal value,Public
datastructure,WB.DATA360:DS_DATA360(1.3),I,A,BTN,WB_WDI_SI_POV_GINI,_T,_T,_T,0_TO_100,_Z,_Z,_Z,2007,38.1,_Z,IX,2,WB_WDI,P1Y,0,A,PU,Annual,Bhutan,Gini index,Total,All age ranges or no breakdown by age,Total,0-100 scale,Not Applicable,Not Applicable,Not Applicable,Not Applicable,Index,Two,World Development Indicators (WDI),Annual,Units,Normal value,Public
datastructure,WB.DATA360:DS_DATA360(1.3),I,A,BOL,WB_WDI_SI_POV_GINI,_T,_T,_T,0_TO_100,_Z,_Z,_Z,2007,54.5,_Z,IX,2,WB_WDI,P1Y,0,A,PU,Annual,Bolivia,Gini index,Total,All age ranges or no breakdown by age,Total,0-100 scale,Not Applicable,Not Applicable,Not Applicable,Not Applicable,Index,Two,World Development Indicators (WDI),Annual,Units,Normal value,Public
datastructure,WB.DATA360:DS_DATA360(1.3),I,A,BIH,WB_WDI_SI_POV_GINI,_T,_T,_T,0_TO_100,_Z,_Z,_Z,2007,34.3,_Z,IX,2,WB_WDI,P1Y,0,A,PU,Annual,Bosnia and Herzegovina,Gini index,Total,All age ranges or no breakdown by age,Total,0-100 scale,Not Applicable,Not Applicable,Not Applicable,Not Applicable,Index,Two,World Development Indicators (WDI),Annual,Units,Normal value,Public
datastructure,WB.DATA360:DS_DATA360(1.3),I,A,BRA,WB_WDI_SI_POV_GINI,_T,_T,_T,0_TO_100,_Z,_Z,_Z,2007,54.9,_Z,IX,2,WB_WDI,P1Y,0,A,PU,Annual,Brazil,Gini index,Total,All age ranges or no breakdown by age,Total,0-100 scale,Not Applicable,Not Applicable,Not Applicable,Not Applicable,Index,Two,World Development Indicators (WDI),Annual,Units,Normal value,Public
datastructure,WB.DATA360:DS_DATA360(1.3),I,A,BGR,WB_WDI_SI_POV_GINI,_T,_T,_T,0_TO_100,_Z,_Z,_Z,2007,36.1,_Z,IX,2,WB_WDI,P1Y,0,A,PU,Annual,Bulgaria,Gini index,Total,All age ranges or no breakdown by age,Total,0-100 scale,Not Applicable,Not Applicable,Not Applicable,Not Applicable,Index,Two,World Development Indicators (WDI),Annual,Units,Normal value,Public
datastructure,WB.DATA360:DS_DATA360(1.3),I,A,CYP,WB_WDI_SI_POV_GINI,_T,_T,_T,0_TO_100,_Z,_Z,_Z,2014,35.6,_Z,IX,2,WB_WDI,P1Y,0,A,PU,Annual,Cyprus,Gini index,Total,All age ranges or no breakdown by age,Total,0-100 scale,Not Applicable,Not Applicable,Not Applicable,Not Applicable,Index,Two,World Development Indicators (WDI),Annual,Units,Normal value,Public
datastructure,WB.DATA360:DS_DATA360(1.3),I,A,CZE,WB_WDI_SI_POV_GINI,_T,_T,_T,0_TO_100,_Z,_Z,_Z,2014,25.9,_Z,IX,2,WB_WDI,P1Y,0,A,PU,Annual,Czechia,Gini index,Total,All age ranges or no breakdown by age,Total,0-100 scale,Not Applicable,Not Applicable,Not Applicable,Not Applicable,Index,Two,World Development Indicators (WDI),Annual,Units,Normal value,Public
datastructure,WB.DATA360:DS_DATA360(1.3),I,A,DNK,WB_WDI_SI_POV_GINI,_T,_T,_T,0_TO_100,_Z,_Z,_Z,2014,28.4,_Z,IX,2,WB_WDI,P1Y,0,A,PU,Annual,Denmark,Gini index,Total,All age ranges or no breakdown by age,Total,0-100 scale,Not Applicable,Not Applicable,Not Applicable,Not Applicable,Index,Two,World Development Indicators (WDI),Annual,Units,Normal value,Public
datastructure,WB.DATA360:DS_DATA360(1.3),I,A,DOM,WB_WDI_SI_POV_GINI,_T,_T,_T,0_TO_100,_Z,_Z,_Z,2014,44.3,_Z,IX,2,WB_WDI,P1Y,0,A,PU,Annual,Dominican Republic,Gini index,Total,All age ranges or no breakdown by age,Total,0-100 scale,Not Applicable,Not Applicable,Not Applicable,Not Applicable,Index,Two,World Development Indicators (WDI),Annual,Units,Normal value,Public
datastructure,WB.DATA360:DS_DATA360(1.3),I,A,ECU,WB_WDI_SI_POV_GINI,_T,_T,_T,0_TO_100,_Z,_Z,_Z,2014,45.0,_Z,IX,2,WB_WDI,P1Y,0,A,PU,Annual,Ecuador,Gini index,Total,All age ranges or no breakdown by age,Total,0-100 scale,Not Applicable,Not Applicable,Not Applicable,Not Applicable,Index,Two,World Development Indicators (WDI),Annual,Units,Normal value,Public
datastructure,WB.DATA360:DS_DATA360(1.3),I,A,SLV,WB_WDI_SI_POV_GINI,_T,_T,_T,0_TO_100,_Z,_Z,_Z,2014,41.6,_Z,IX,2,WB_WDI,P1Y,0,A,PU,Annual,El Salvador,Gini index,Total,All age ranges or no breakdown by age,Total,0-100 scale,Not Applicable,Not Applicable,Not Applicable,Not Applicable,Index,Two,World Development Indicators (WDI),Annual,Units,Normal value,Public
datastructure,WB.DATA360:DS_DATA360(1.3),I,A,THA,WB_WDI_SI_POV_GINI,_T,_T,_T,0_TO_100,_Z,_Z,_Z,2017,36.4,_Z,IX,2,WB_WDI,P1Y,0,A,PU,Annual,Thailand,Gini index,Total,All age ranges or no breakdown by age,Total,0-100 scale,Not Applicable,Not Applicable,Not Applicable,Not Applicable,Index,Two,World Development Indicators (WDI),Annual,Units,Normal value,Public
datastructure,WB.DATA360:DS_DATA360(1.3),I,A,TUR,WB_WDI_SI_POV_GINI,_T,_T,_T,0_TO_100,_Z,_Z,_Z,2017,43.5,_Z,IX,2,WB_WDI,P1Y,0,A,PU,Annual,Türkiye,Gini index,Total,All age ranges or no breakdown by age,Total,0-100 scale,Not Applicable,Not Applicable,Not Applicable,Not Applicable,Index,Two,World Development Indicators (WDI),Annual,Units,Normal value,Public
datastructure,WB.DATA360:DS_DATA360(1.3),I,A,NER,WB_WDI_SI_POV_GINI,_T,_T,_T,0_TO_100,_Z,_Z,_Z,2011,31.5,_Z,IX,2,WB_WDI,P1Y,0,A,PU,Annual,Niger,Gini index,Total,All age ranges or no breakdown by age,Total,0-100 scale,Not Applicable,Not Applicable,Not Applicable,Not Applicable,Index,Two,World Development Indicators (WDI),Annual,Units,Normal value,Public
datastructure,WB.DATA360:DS_DATA360(1.3),I,A,MKD,WB_WDI_SI_POV_GINI,_T,_T,_T,0_TO_100,_Z,_Z,_Z,2011,39.4,_Z,IX,2,WB_WDI,P1Y,0,A,PU,Annual,North Macedonia,Gini index,Total,All age ranges or no breakdown by age,Total,0-100 scale,Not Applicable,Not Applicable,Not Applicable,Not Applicable,Index,Two,World Development Indicators (WDI),Annual,Units,Normal value,Public
datastructure,WB.DATA360:DS_DATA360(1.3),I,A,NOR,WB_WDI_SI_POV_GINI,_T,_T,_T,0_TO_100,_Z,_Z,_Z,2011,25.3,_Z,IX,2,WB_WDI,P1Y,0,A,PU,Annual,Norway,Gini index,Total,All age ranges or no breakdown by age,Total,0-100 scale,Not Applicable,Not Applicable,Not Applicable,Not Applicable,Index,Two,World Development Indicators (WDI),Annual,Units,Normal value,Public
datastructure,WB.DATA360:DS_DATA360(1.3),I,A,PAK,WB_WDI_SI_POV_GINI,_T,_T,_T,0_TO_100,_Z,_Z,_Z,2011,29.7,_Z,IX,2,WB_WDI,P1Y,0,A,PU,Annual,Pakistan,Gini index,Total,All age ranges or no breakdown by age,Total,0-100 scale,Not Applicable,Not Applicable,Not Applicable,Not Applicable,Index,Two,World Development Indicators (WDI),Annual,Units,Normal value,Public
datastructure,WB.DATA360:DS_DATA360(1.3),I,A,PAN,WB_WDI_SI_POV_GINI,_T,_T,_T,0_TO_100,_Z,_Z,_Z,2011,51.3,_Z,IX,2,WB_WDI,P1Y,0,A,PU,Annual,Panama,Gini index,Total,All age ranges or no breakdown by age,Total,0-100 scale,Not Applicable,Not Applicable,Not Applicable,Not Applicable,Index,Two,World Development Indicators (WDI),Annual,Units,Normal value,Public
datastructure,WB.DATA360:DS_DATA360(1.3),I,A,BLR,WB_WDI_SI_POV_GINI,_T,_T,_T,0_TO_100,_Z,_Z,_Z,2000,31.2,_Z,IX,2,WB_WDI,P1Y,0,A,PU,Annual,Belarus,Gini index,Total,All age ranges or no breakdown by age,Total,0-100 scale,Not Applicable,Not Applicable,Not Applicable,Not Applicable,Index,Two,World Development Indicators (WDI),Annual,Units,Normal value,Public
datastructure,WB.DATA360:DS_DATA360(1.3),I,A,BEL,WB_WDI_SI_POV_GINI,_T,_T,_T,0_TO_100,_Z,_Z,_Z,2000,33.1,_Z,IX,2,WB_WDI,P1Y,0,A,PU,Annual,Belgium,Gini index,Total,All age ranges or no breakdown by age,Total,0-100 scale,Not Applicable,Not Applicable,Not Applicable,Not Applicable,Index,Two,World Development Indicators (WDI),Annual,Units,Normal value,Public
datastructure,WB.DATA360:DS_DATA360(1.3),I,A,BOL,WB_WDI_SI_POV_GINI,_T,_T,_T,0_TO_100,_Z,_Z,_Z,2000,61.6,_Z,IX,2,WB_WDI,P1Y,0,A,PU,Annual,Bolivia,Gini index,Total,All age ranges or no breakdown by age,Total,0-100 scale,Not Applicable,Not Applicable,Not Applicable,Not Applicable,Index,Two,World Development Indicators (WDI),Annual,Units,Normal value,Public
datastructure,WB.DATA360:DS_DATA360(1.3),I,A,MEX,WB_WDI_SI_POV_GINI,_T,_T,_T,0_TO_100,_Z,_Z,_Z,2010,47.7,_Z,IX,2,WB_WDI,P1Y,0,A,PU,Annual,Mexico,Gini index,Total,All age ranges or no breakdown by age,Total,0-100 scale,Not Applicable,Not Applicable,Not Applicable,Not Applicable,Index,Two,World Development Indicators (WDI),Annual,Units,Normal value,Public
datastructure,WB.DATA360:DS_DATA360(1.3),I,A,MDA,WB_WDI_SI_POV_GINI,_T,_T,_T,0_TO_100,_Z,_Z,_Z,2010,32.1,_Z,IX,2,WB_WDI,P1Y,0,A,PU,Annual,Moldova,Gini index,Total,All age ranges or no breakdown by age,Total,0-100 scale,Not Applicable,Not Applicable,Not Applicable,Not Applicable,Index,Two,World Development Indicators (WDI),Annual,Units,Normal value,Public
datastructure,WB.DATA360:DS_DATA360(1.3),I,A,MNG,WB_WDI_SI_POV_GINI,_T,_T,_T,0_TO_100,_Z,_Z,_Z,2010,33.1,_Z,IX,2,WB_WDI,P1Y,0,A,PU,Annual,Mongolia,Gini index,Total,All age ranges or no breakdown by age,Total,0-100 scale,Not Applicable,Not Applicable,Not Applicable,Not Applicable,Index,Two,World Development Indicators (WDI),Annual,Units,Normal value,Public
datastructure,WB.DATA360:DS_DATA360(1.3),I,A,MNE,WB_WDI_SI_POV_GINI,_T,_T,_T,0_TO_100,_Z,_Z,_Z,2010,28.9,_Z,IX,2,WB_WDI,P1Y,0,A,PU,Annual,Montenegro,Gini index,Total,All age ranges or no breakdown by age,Total,0-100 scale,Not Applicable,Not Applicable,Not Applicable,Not Applicable,Index,Two,World Development Indicators (WDI),Annual,Units,Normal value,Public
datastructure,WB.DATA360:DS_DATA360(1.3),I,A,NPL,WB_WDI_SI_POV_GINI,_T,_T,_T,0_TO_100,_Z,_Z,_Z,2010,32.8,_Z,IX,2,WB_WDI,P1Y,0,A,PU,Annual,Nepal,Gini index,Total,All age ranges or no breakdown by age,Total,0-100 scale,Not Applicable,Not Applicable,Not Applicable,Not Applicable,Index,Two,World Development Indicators (WDI),Annual,Units,Normal value,Public
datastructure,WB.DATA360:DS_DATA360(1.3),I,A,ARG,WB_WDI_SI_POV_GINI,_T,_T,_T,0_TO_100,_Z,_Z,_Z,2021,42.4,_Z,IX,2,WB_WDI,P1Y,0,A,PU,Annual,Argentina,Gini index,Total,All age ranges or no breakdown by age,Total,0-100 scale,Not Applicable,Not Applicable,Not Applicable,Not Applicable,Index,Two,World Development Indicators (WDI),Annual,Units,Normal value,Public
datastructure,WB.DATA360:DS_DATA360(1.3),I,A,ARM,WB_WDI_SI_POV_GINI,_T,_T,_T,0_TO_100,_Z,_Z,_Z,2021,27.9,_Z,IX,2,WB_WDI,P1Y,0,A,PU,Annual,Armenia,Gini index,Total,All age ranges or no breakdown by age,Total,0-100 scale,Not Applicable,Not Applicable,Not Applicable,Not Applicable,Index,Two,World Development Indicators (WDI),Annual,Units,Normal value,Public
datastructure,WB.DATA360:DS_DATA360(1.3),I,A,AUT,WB_WDI_SI_POV_GINI,_T,_T,_T,0_TO_100,_Z,_Z,_Z,2021,30.7,_Z,IX,2,WB_WDI,P1Y,0,A,PU,Annual,Austria,Gini index,Total,All age ranges or no breakdown by age,Total,0-100 scale,Not Applicable,Not Applicable,Not Applicable,Not Applicable,Index,Two,World Development Indicators (WDI),Annual,Units,Normal value,Public
datastructure,WB.DATA360:DS_DATA360(1.3),I,A,NGA,WB_WDI_SI_POV_GINI,_T,_T,_T,0_TO_100,_Z,_Z,_Z,2003,40.1,_Z,IX,2,WB_WDI,P1Y,0,A,PU,Annual,Nigeria,Gini index,Total,All age ranges or no breakdown by age,Total,0-100 scale,Not Applicable,Not Applicable,Not Applicable,Not Applicable,Index,Two,World Development Indicators (WDI),Annual,Units,Normal value,Public
datastructure,WB.DATA360:DS_DATA360(1.3),I,A,MKD,WB_WDI_SI_POV_GINI,_T,_T,_T,0_TO_100,_Z,_Z,_Z,2003,38.7,_Z,IX,2,WB_WDI,P1Y,0,A,PU,Annual,North Macedonia,Gini index,Total,All age ranges or no breakdown by age,Total,0-100 scale,Not Applicable,Not Applicable,Not Applicable,Not Applicable,Index,Two,World Development Indicators (WDI),Annual,Units,Normal value,Public
datastructure,WB.DATA360:DS_DATA360(1.3),I,A,NOR,WB_WDI_SI_POV_GINI,_T,_T,_T,0_TO_100,_Z,_Z,_Z,2003,27.6,_Z,IX,2,WB_WDI,P1Y,0,A,PU,Annual,Norway,Gini index,Total,All age ranges or no breakdown by age,Total,0-100 scale,Not Applicable,Not Applicable,Not Applicable,Not Applicable,Index,Two,World Development Indicators (WDI),Annual,Units,Normal value,Public
datastructure,WB.DATA360:DS_DATA360(1.3),I,A,PAN,WB_WDI_SI_POV_GINI,_T,_T,_T,0_TO_100,_Z,_Z,_Z,2003,55.6,_Z,IX,2,WB_WDI,P1Y,0,A,PU,Annual,Panama,Gini index,Total,All age ranges or no breakdown by age,Total,0-100 scale,Not Applicable,Not Applicable,Not Applicable,Not Applicable,Index,Two,World Development Indicators (WDI),Annual,Units,Normal value,Public
datastructure,WB.DATA360:DS_DATA360(1.3),I,A,ZMB,WB_WDI_SI_POV_GINI,_T,_T,_T,0_TO_100,_Z,_Z,_Z,1993,52.6,_Z,IX,2,WB_WDI,P1Y,0,A,PU,Annual,Zambia,Gini index,Total,All age ranges or no breakdown by age,Total,0-100 scale,Not Applicable,Not Applicable,Not Applicable,Not Applicable,Index,Two,World Development Indicators (WDI),Annual,Units,Normal value,Public
datastructure,WB.DATA360:DS_DATA360(1.3),I,A,ESP,WB_WDI_SI_POV_GINI,_T,_T,_T,0_TO_100,_Z,_Z,_Z,2017,34.7,_Z,IX,2,WB_WDI,P1Y,0,A,PU,Annual,Spain,Gini index,Total,All age ranges or no breakdown by age,Total,0-100 scale,Not Applicable,Not Applicable,Not Applicable,Not Applicable,Index,Two,World Development Indicators (WDI),Annual,Units,Normal value,Public
datastructure,WB.DATA360:DS_DATA360(1.3),I,A,SWE,WB_WDI_SI_POV_GINI,_T,_T,_T,0_TO_100,_Z,_Z,_Z,2017,28.8,_Z,IX,2,WB_WDI,P1Y,0,A,PU,Annual,Sweden,Gini index,Total,All age ranges or no breakdown by age,Total,0-100 scale,Not Applicable,Not Applicable,Not Applicable,Not Applicable,Index,Two,World Development Indicators (WDI),Annual,Units,Normal value,Public
datastructure,WB.DATA360:DS_DATA360(1.3),I,A,CHE,WB_WDI_SI_POV_GINI,_T,_T,_T,0_TO_100,_Z,_Z,_Z,2017,32.7,_Z,IX,2,WB_WDI,P1Y,0,A,PU,Annual,Switzerland,Gini index,Total,All age ranges or no breakdown by age,Total,0-100 scale,Not Applicable,Not Applicable,Not Applicable,Not Applicable,Index,Two,World Development Indicators (WDI),Annual,Units,Normal value,Public
datastructure,WB.DATA360:DS_DATA360(1.3),I,A,MLT,WB_WDI_SI_POV_GINI,_T,_T,_T,0_TO_100,_Z,_Z,_Z,2020,31.4,_Z,IX,2,WB_WDI,P1Y,0,A,PU,Annual,Malta,Gini index,Total,All age ranges or no breakdown by age,Total,0-100 scale,Not Applicable,Not Applicable,Not Applicable,Not Applicable,Index,Two,World Development Indicators (WDI),Annual,Units,Normal value,Public
datastructure,WB.DATA360:DS_DATA360(1.3),I,A,MEX,WB_WDI_SI_POV_GINI,_T,_T,_T,0_TO_100,_Z,_Z,_Z,2020,44.6,_Z,IX,2,WB_WDI,P1Y,0,A,PU,Annual,Mexico,Gini index,Total,All age ranges or no breakdown by age,Total,0-100 scale,Not Applicable,Not Applicable,Not Applicable,Not Applicable,Index,Two,World Development Indicators (WDI),Annual,Units,Normal value,Public
datastructure,WB.DATA360:DS_DATA360(1.3),I,A,BLR,WB_WDI_SI_POV_GINI,_T,_T,_T,0_TO_100,_Z,_Z,_Z,2018,25.2,_Z,IX,2,WB_WDI,P1Y,0,A,PU,Annual,Belarus,Gini index,Total,All age ranges or no breakdown by age,Total,0-100 scale,Not Applicable,Not Applicable,Not Applicable,Not Applicable,Index,Two,World Development Indicators (WDI),Annual,Units,Normal value,Public
datastructure,WB.DATA360:DS_DATA360(1.3),I,A,BEL,WB_WDI_SI_POV_GINI,_T,_T,_T,0_TO_100,_Z,_Z,_Z,2018,27.2,_Z,IX,2,WB_WDI,P1Y,0,A,PU,Annual,Belgium,Gini index,Total,All age ranges or no breakdown by age,Total,0-100 scale,Not Applicable,Not Applicable,Not Applicable,Not Applicable,Index,Two,World Development Indicators (WDI),Annual,Units,Normal value,Public
datastructure,WB.DATA360:DS_DATA360(1.3),I,A,BLZ,WB_WDI_SI_POV_GINI,_T,_T,_T,0_TO_100,_Z,_Z,_Z,2018,39.9,_Z,IX,2,WB_WDI,P1Y,0,A,PU,Annual,Belize,Gini index,Total,All age ranges or no breakdown by age,Total,0-100 scale,Not Applicable,Not Applicable,Not Applicable,Not Applicable,Index,Two,World Development Indicators (WDI),Annual,Units,Normal value,Public
datastructure,WB.DATA360:DS_DATA360(1.3),I,A,BEN,WB_WDI_SI_POV_GINI,_T,_T,_T,0_TO_100,_Z,_Z,_Z,2018,37.9,_Z,IX,2,WB_WDI,P1Y,0,A,PU,Annual,Benin,Gini index,Total,All age ranges or no breakdown by age,Total,0-100 scale,Not Applicable,Not Applicable,Not Applicable,Not Applicable,Index,Two,World Development Indicators (WDI),Annual,Units,Normal value,Public
datastructure,WB.DATA360:DS_DATA360(1.3),I,A,BOL,WB_WDI_SI_POV_GINI,_T,_T,_T,0_TO_100,_Z,_Z,_Z,2018,42.6,_Z,IX,2,WB_WDI,P1Y,0,A,PU,Annual,Bolivia,Gini index,Total,All age ranges or no breakdown by age,Total,0-100 scale,Not Applicable,Not Applicable,Not Applicable,Not Applicable,Index,Two,World Development Indicators (WDI),Annual,Units,Normal value,Public
datastructure,WB.DATA360:DS_DATA360(1.3),I,A,ESP,WB_WDI_SI_POV_GINI,_T,_T,_T,0_TO_100,_Z,_Z,_Z,2014,36.1,_Z,IX,2,WB_WDI,P1Y,0,A,PU,Annual,Spain,Gini index,Total,All age ranges or no breakdown by age,Total,0-100 scale,Not Applicable,Not Applicable,Not Applicable,Not Applicable,Index,Two,World Development Indicators (WDI),Annual,Units,Normal value,Public
datastructure,WB.DATA360:DS_DATA360(1.3),I,A,SDN,WB_WDI_SI_POV_GINI,_T,_T,_T,0_TO_100,_Z,_Z,_Z,2014,34.2,_Z,IX,2,WB_WDI,P1Y,0,A,PU,Annual,Sudan,Gini index,Total,All age ranges or no breakdown by age,Total,0-100 scale,Not Applicable,Not Applicable,Not Applicable,Not Applicable,Index,Two,World Development Indicators (WDI),Annual,Units,Normal value,Public
datastructure,WB.DATA360:DS_DATA360(1.3),I,A,SWE,WB_WDI_SI_POV_GINI,_T,_T,_T,0_TO_100,_Z,_Z,_Z,2014,28.4,_Z,IX,2,WB_WDI,P1Y,0,A,PU,Annual,Sweden,Gini index,Total,All age ranges or no breakdown by age,Total,0-100 scale,Not Applicable,Not Applicable,Not Applicable,Not Applicable,Index,Two,World Development Indicators (WDI),Annual,Units,Normal value,Public
datastructure,WB.DATA360:DS_DATA360(1.3),I,A,CHE,WB_WDI_SI_POV_GINI,_T,_T,_T,0_TO_100,_Z,_Z,_Z,2014,32.5,_Z,IX,2,WB_WDI,P1Y,0,A,PU,Annual,Switzerland,Gini index,Total,All age ranges or no breakdown by age,Total,0-100 scale,Not Applicable,Not Applicable,Not Applicable,Not Applicable,Index,Two,World Development Indicators (WDI),Annual,Units,Normal value,Public
datastructure,WB.DATA360:DS_DATA360(1.3),I,A,KOR,WB_WDI_SI_POV_GINI,_T,_T,_T,0_TO_100,_Z,_Z,_Z,2010,32.0,_Z,IX,2,WB_WDI,P1Y,0,A,PU,Annual,"Korea, Rep.",Gini index,Total,All age ranges or no breakdown by age,Total,0-100 scale,Not Applicable,Not Applicable,Not Applicable,Not Applicable,Index,Two,World Development Indicators (WDI),Annual,Units,Normal value,Public
datastructure,WB.DATA360:DS_DATA360(1.3),I,A,XKX,WB_WDI_SI_POV_GINI,_T,_T,_T,0_TO_100,_Z,_Z,_Z,2010,33.3,_Z,IX,2,WB_WDI,P1Y,0,A,PU,Annual,Kosovo,Gini index,Total,All age ranges or no breakdown by age,Total,0-100 scale,Not Applicable,Not Applicable,Not Applicable,Not Applicable,Index,Two,World Development Indicators (WDI),Annual,Units,Normal value,Public
datastructure,WB.DATA360:DS_DATA360(1.3),I,A,KGZ,WB_WDI_SI_POV_GINI,_T,_T,_T,0_TO_100,_Z,_Z,_Z,2010,30.1,_Z,IX,2,WB_WDI,P1Y,0,A,PU,Annual,Kyrgyz Republic,Gini index,Total,All age ranges or no breakdown by age,Total,0-100 scale,Not Applicable,Not Applicable,Not Applicable,Not Applicable,Index,Two,World Development Indicators (WDI),Annual,Units,Normal value,Public
datastructure,WB.DATA360:DS_DATA360(1.3),I,A,LVA,WB_WDI_SI_POV_GINI,_T,_T,_T,0_TO_100,_Z,_Z,_Z,2010,35.0,_Z,IX,2,WB_WDI,P1Y,0,A,PU,Annual,Latvia,Gini index,Total,All age ranges or no breakdown by age,Total,0-100 scale,Not Applicable,Not Applicable,Not Applicable,Not Applicable,Index,Two,World Development Indicators (WDI),Annual,Units,Normal value,Public
datastructure,WB.DATA360:DS_DATA360(1.3),I,A,LTU,WB_WDI_SI_POV_GINI,_T,_T,_T,0_TO_100,_Z,_Z,_Z,2010,33.6,_Z,IX,2,WB_WDI,P1Y,0,A,PU,Annual,Lithuania,Gini index,Total,All age ranges or no breakdown by age,Total,0-100 scale,Not Applicable,Not Applicable,Not Applicable,Not Applicable,Index,Two,World Development Indicators (WDI),Annual,Units,Normal value,Public
datastructure,WB.DATA360:DS_DATA360(1.3),I,A,PRT,WB_WDI_SI_POV_GINI,_T,_T,_T,0_TO_100,_Z,_Z,_Z,2019,32.8,_Z,IX,2,WB_WDI,P1Y,0,A,PU,Annual,Portugal,Gini index,Total,All age ranges or no breakdown by age,Total,0-100 scale,Not Applicable,Not Applicable,Not Applicable,Not Applicable,Index,Two,World Development Indicators (WDI),Annual,Units,Normal value,Public
datastructure,WB.DATA360:DS_DATA360(1.3),I,A,ROU,WB_WDI_SI_POV_GINI,_T,_T,_T,0_TO_100,_Z,_Z,_Z,2019,34.8,_Z,IX,2,WB_WDI,P1Y,0,A,PU,Annual,Romania,Gini index,Total,All age ranges or no breakdown by age,Total,0-100 scale,Not Applicable,Not Applicable,Not Applicable,Not Applicable,Index,Two,World Development Indicators (WDI),Annual,Units,Normal value,Public
datastructure,WB.DATA360:DS_DATA360(1.3),I,A,RUS,WB_WDI_SI_POV_GINI,_T,_T,_T,0_TO_100,_Z,_Z,_Z,2019,35.7,_Z,IX,2,WB_WDI,P1Y,0,A,PU,Annual,Russian Federation,Gini index,Total,All age ranges or no breakdown by age,Total,0-100 scale,Not Applicable,Not Applicable,Not Applicable,Not Applicable,Index,Two,World Development Indicators (WDI),Annual,Units,Normal value,Public
datastructure,WB.DATA360:DS_DATA360(1.3),I,A,SRB,WB_WDI_SI_POV_GINI,_T,_T,_T,0_TO_100,_Z,_Z,_Z,2019,34.5,_Z,IX,2,WB_WDI,P1Y,0,A,PU,Annual,Serbia,Gini index,Total,All age ranges or no breakdown by age,Total,0-100 scale,Not Applicable,Not Applicable,Not Applicable,Not Applicable,Index,Two,World Development Indicators (WDI),Annual,Units,Normal value,Public
datastructure,WB.DATA360:DS_DATA360(1.3),I,A,TUR,WB_WDI_SI_POV_GINI,_T,_T,_T,0_TO_100,_Z,_Z,_Z,2002,41.4,_Z,IX,2,WB_WDI,P1Y,0,A,PU,Annual,Türkiye,Gini index,Total,All age ranges or no breakdown by age,Total,0-100 scale,Not Applicable,Not Applicable,Not Applicable,Not Applicable,Index,Two,World Development Indicators (WDI),Annual,Units,Normal value,Public
datastructure,WB.DATA360:DS_DATA360(1.3),I,A,UGA,WB_WDI_SI_POV_GINI,_T,_T,_T,0_TO_100,_Z,_Z,_Z,2002,45.2,_Z,IX,2,WB_WDI,P1Y,0,A,PU,Annual,Uganda,Gini index,Total,All age ranges or no breakdown by age,Total,0-100 scale,Not Applicable,Not Applicable,Not Applicable,Not Applicable,Index,Two,World Development Indicators (WDI),Annual,Units,Normal value,Public
datastructure,WB.DATA360:DS_DATA360(1.3),I,A,UKR,WB_WDI_SI_POV_GINI,_T,_T,_T,0_TO_100,_Z,_Z,_Z,2002,29.0,_Z,IX,2,WB_WDI,P1Y,0,A,PU,Annual,Ukraine,Gini index,Total,All age ranges or no breakdown by age,Total,0-100 scale,Not Applicable,Not Applicable,Not Applicable,Not Applicable,Index,Two,World Development Indicators (WDI),Annual,Units,Normal value,Public
datastructure,WB.DATA360:DS_DATA360(1.3),I,A,GBR,WB_WDI_SI_POV_GINI,_T,_T,_T,0_TO_100,_Z,_Z,_Z,2002,35.1,_Z,IX,2,WB_WDI,P1Y,0,A,PU,Annual,United Kingdom,Gini index,Total,All age ranges or no breakdown by age,Total,0-100 scale,Not Applicable,Not Applicable,Not Applicable,Not Applicable,Index,Two,World Development Indicators (WDI),Annual,Units,Normal value,Public
datastructure,WB.DATA360:DS_DATA360(1.3),I,A,USA,WB_WDI_SI_POV_GINI,_T,_T,_T,0_TO_100,_Z,_Z,_Z,2002,40.4,_Z,IX,2,WB_WDI,P1Y,0,A,PU,Annual,United States,Gini index,Total,All age ranges or no breakdown by age,Total,0-100 scale,Not Applicable,Not Applicable,Not Applicable,Not Applicable,Index,Two,World Development Indicators (WDI),Annual,Units,Normal value,Public
datastructure,WB.DATA360:DS_DATA360(1.3),I,A,URY,WB_WDI_SI_POV_GINI,_T,_T,_T,0_TO_100,_Z,_Z,_Z,2002,45.5,_Z,IX,2,WB_WDI,P1Y,0,A,PU,Annual,Uruguay,Gini index,Total,All age ranges or no breakdown by age,Total,0-100 scale,Not Applicable,Not Applicable,Not Applicable,Not Applicable,Index,Two,World Development Indicators (WDI),Annual,Units,Normal value,Public
datastructure,WB.DATA360:DS_DATA360(1.3),I,A,UZB,WB_WDI_SI_POV_GINI,_T,_T,_T,0_TO_100,_Z,_Z,_Z,2002,33.0,_Z,IX,2,WB_WDI,P1Y,0,A,PU,Annual,Uzbekistan,Gini index,Total,All age ranges or no breakdown by age,Total,0-100 scale,Not Applicable,Not Applicable,Not Applicable,Not Applicable,Index,Two,World Development Indicators (WDI),Annual,Units,Normal value,Public
datastructure,WB.DATA360:DS_DATA360(1.3),I,A,LVA,WB_WDI_SI_POV_GINI,_T,_T,_T,0_TO_100,_Z,_Z,_Z,2004,36.4,_Z,IX,2,WB_WDI,P1Y,0,A,PU,Annual,Latvia,Gini index,Total,All age ranges or no breakdown by age,Total,0-100 scale,Not Applicable,Not Applicable,Not Applicable,Not Applicable,Index,Two,World Development Indicators (WDI),Annual,Units,Normal value,Public
datastructure,WB.DATA360:DS_DATA360(1.3),I,A,LTU,WB_WDI_SI_POV_GINI,_T,_T,_T,0_TO_100,_Z,_Z,_Z,2004,37.0,_Z,IX,2,WB_WDI,P1Y,0,A,PU,Annual,Lithuania,Gini index,Total,All age ranges or no breakdown by age,Total,0-100 scale,Not Applicable,Not Applicable,Not Applicable,Not Applicable,Index,Two,World Development Indicators (WDI),Annual,Units,Normal value,Public
datastructure,WB.DATA360:DS_DATA360(1.3),I,A,LUX,WB_WDI_SI_POV_GINI,_T,_T,_T,0_TO_100,_Z,_Z,_Z,2004,30.2,_Z,IX,2,WB_WDI,P1Y,0,A,PU,Annual,Luxembourg,Gini index,Total,All age ranges or no breakdown by age,Total,0-100 scale,Not Applicable,Not Applicable,Not Applicable,Not Applicable,Index,Two,World Development Indicators (WDI),Annual,Units,Normal value,Public
datastructure,WB.DATA360:DS_DATA360(1.3),I,A,MWI,WB_WDI_SI_POV_GINI,_T,_T,_T,0_TO_100,_Z,_Z,_Z,2004,39.9,_Z,IX,2,WB_WDI,P1Y,0,A,PU,Annual,Malawi,Gini index,Total,All age ranges or no breakdown by age,Total,0-100 scale,Not Applicable,Not Applicable,Not Applicable,Not Applicable,Index,Two,World Development Indicators (WDI),Annual,Units,Normal value,Public
datastructure,WB.DATA360:DS_DATA360(1.3),I,A,ROU,WB_WDI_SI_POV_GINI,_T,_T,_T,0_TO_100,_Z,_Z,_Z,2008,36.4,_Z,IX,2,WB_WDI,P1Y,0,A,PU,Annual,Romania,Gini index,Total,All age ranges or no breakdown by age,Total,0-100 scale,Not Applicable,Not Applicable,Not Applicable,Not Applicable,Index,Two,World Development Indicators (WDI),Annual,Units,Normal value,Public
datastructure,WB.DATA360:DS_DATA360(1.3),I,A,RUS,WB_WDI_SI_POV_GINI,_T,_T,_T,0_TO_100,_Z,_Z,_Z,2008,41.6,_Z,IX,2,WB_WDI,P1Y,0,A,PU,Annual,Russian Federation,Gini index,Total,All age ranges or no breakdown by age,Total,0-100 scale,Not Applicable,Not Applicable,Not Applicable,Not Applicable,Index,Two,World Development Indicators (WDI),Annual,Units,Normal value,Public
datastructure,WB.DATA360:DS_DATA360(1.3),I,A,WSM,WB_WDI_SI_POV_GINI,_T,_T,_T,0_TO_100,_Z,_Z,_Z,2008,42.0,_Z,IX,2,WB_WDI,P1Y,0,A,PU,Annual,Samoa,Gini index,Total,All age ranges or no breakdown by age,Total,0-100 scale,Not Applicable,Not Applicable,Not Applicable,Not Applicable,Index,Two,World Development Indicators (WDI),Annual,Units,Normal value,Public
datastructure,WB.DATA360:DS_DATA360(1.3),I,A,SRB,WB_WDI_SI_POV_GINI,_T,_T,_T,0_TO_100,_Z,_Z,_Z,2008,27.6,_Z,IX,2,WB_WDI,P1Y,0,A,PU,Annual,Serbia,Gini index,Total,All age ranges or no breakdown by age,Total,0-100 scale,Not Applicable,Not Applicable,Not Applicable,Not Applicable,Index,Two,World Development Indicators (WDI),Annual,Units,Normal value,Public
datastructure,WB.DATA360:DS_DATA360(1.3),I,A,LTU,WB_WDI_SI_POV_GINI,_T,_T,_T,0_TO_100,_Z,_Z,_Z,2009,37.2,_Z,IX,2,WB_WDI,P1Y,0,A,PU,Annual,Lithuania,Gini index,Total,All age ranges or no breakdown by age,Total,0-100 scale,Not Applicable,Not Applicable,Not Applicable,Not Applicable,Index,Two,World Development Indicators (WDI),Annual,Units,Normal value,Public
datastructure,WB.DATA360:DS_DATA360(1.3),I,A,LUX,WB_WDI_SI_POV_GINI,_T,_T,_T,0_TO_100,_Z,_Z,_Z,2009,31.2,_Z,IX,2,WB_WDI,P1Y,0,A,PU,Annual,Luxembourg,Gini index,Total,All age ranges or no breakdown by age,Total,0-100 scale,Not Applicable,Not Applicable,Not Applicable,Not Applicable,Index,Two,World Development Indicators (WDI),Annual,Units,Normal value,Public
datastructure,WB.DATA360:DS_DATA360(1.3),I,A,MDV,WB_WDI_SI_POV_GINI,_T,_T,_T,0_TO_100,_Z,_Z,_Z,2009,38.4,_Z,IX,2,WB_WDI,P1Y,0,A,PU,Annual,Maldives,Gini index,Total,All age ranges or no breakdown by age,Total,0-100 scale,Not Applicable,Not Applicable,Not Applicable,Not Applicable,Index,Two,World Development Indicators (WDI),Annual,Units,Normal value,Public
datastructure,WB.DATA360:DS_DATA360(1.3),I,A,MLI,WB_WDI_SI_POV_GINI,_T,_T,_T,0_TO_100,_Z,_Z,_Z,2009,33.0,_Z,IX,2,WB_WDI,P1Y,0,A,PU,Annual,Mali,Gini index,Total,All age ranges or no breakdown by age,Total,0-100 scale,Not Applicable,Not Applicable,Not Applicable,Not Applicable,Index,Two,World Development Indicators (WDI),Annual,Units,Normal value,Public
datastructure,WB.DATA360:DS_DATA360(1.3),I,A,HND,WB_WDI_SI_POV_GINI,_T,_T,_T,0_TO_100,_Z,_Z,_Z,2007,55.8,_Z,IX,2,WB_WDI,P1Y,0,A,PU,Annual,Honduras,Gini index,Total,All age ranges or no breakdown by age,Total,0-100 scale,Not Applicable,Not Applicable,Not Applicable,Not Applicable,Index,Two,World Development Indicators (WDI),Annual,Units,Normal value,Public
datastructure,WB.DATA360:DS_DATA360(1.3),I,A,HUN,WB_WDI_SI_POV_GINI,_T,_T,_T,0_TO_100,_Z,_Z,_Z,2007,27.9,_Z,IX,2,WB_WDI,P1Y,0,A,PU,Annual,Hungary,Gini index,Total,All age ranges or no breakdown by age,Total,0-100 scale,Not Applicable,Not Applicable,Not Applicable,Not Applicable,Index,Two,World Development Indicators (WDI),Annual,Units,Normal value,Public
datastructure,WB.DATA360:DS_DATA360(1.3),I,A,ISL,WB_WDI_SI_POV_GINI,_T,_T,_T,0_TO_100,_Z,_Z,_Z,2007,29.5,_Z,IX,2,WB_WDI,P1Y,0,A,PU,Annual,Iceland,Gini index,Total,All age ranges or no breakdown by age,Total,0-100 scale,Not Applicable,Not Applicable,Not Applicable,Not Applicable,Index,Two,World Development Indicators (WDI),Annual,Units,Normal value,Public
datastructure,WB.DATA360:DS_DATA360(1.3),I,A,IDN,WB_WDI_SI_POV_GINI,_T,_T,_T,0_TO_100,_Z,_Z,_Z,2007,33.2,_Z,IX,2,WB_WDI,P1Y,0,A,PU,Annual,Indonesia,Gini index,Total,All age ranges or no breakdown by age,Total,0-100 scale,Not Applicable,Not Applicable,Not Applicable,Not Applicable,Index,Two,World Development Indicators (WDI),Annual,Units,Normal value,Public
datastructure,WB.DATA360:DS_DATA360(1.3),I,A,IRL,WB_WDI_SI_POV_GINI,_T,_T,_T,0_TO_100,_Z,_Z,_Z,2007,31.9,_Z,IX,2,WB_WDI,P1Y,0,A,PU,Annual,Ireland,Gini index,Total,All age ranges or no breakdown by age,Total,0-100 scale,Not Applicable,Not Applicable,Not Applicable,Not Applicable,Index,Two,World Development Indicators (WDI),Annual,Units,Normal value,Public
datastructure,WB.DATA360:DS_DATA360(1.3),I,A,TUR,WB_WDI_SI_POV_GINI,_T,_T,_T,0_TO_100,_Z,_Z,_Z,2010,38.8,_Z,IX,2,WB_WDI,P1Y,0,A,PU,Annual,Türkiye,Gini index,Total,All age ranges or no breakdown by age,Total,0-100 scale,Not Applicable,Not Applicable,Not Applicable,Not Applicable,Index,Two,World Development Indicators (WDI),Annual,Units,Normal value,Public
datastructure,WB.DATA360:DS_DATA360(1.3),I,A,TUV,WB_WDI_SI_POV_GINI,_T,_T,_T,0_TO_100,_Z,_Z,_Z,2010,39.1,_Z,IX,2,WB_WDI,P1Y,0,A,PU,Annual,Tuvalu,Gini index,Total,All age ranges or no breakdown by age,Total,0-100 scale,Not Applicable,Not Applicable,Not Applicable,Not Applicable,Index,Two,World Development Indicators (WDI),Annual,Units,Normal value,Public
datastructure,WB.DATA360:DS_DATA360(1.3),I,A,UKR,WB_WDI_SI_POV_GINI,_T,_T,_T,0_TO_100,_Z,_Z,_Z,2010,24.8,_Z,IX,2,WB_WDI,P1Y,0,A,PU,Annual,Ukraine,Gini index,Total,All age ranges or no breakdown by age,Total,0-100 scale,Not Applicable,Not Applicable,Not Applicable,Not Applicable,Index,Two,World Development Indicators (WDI),Annual,Units,Normal value,Public
datastructure,WB.DATA360:DS_DATA360(1.3),I,A,GBR,WB_WDI_SI_POV_GINI,_T,_T,_T,0_TO_100,_Z,_Z,_Z,2010,33.7,_Z,IX,2,WB_WDI,P1Y,0,A,PU,Annual,United Kingdom,Gini index,Total,All age ranges or no breakdown by age,Total,0-100 scale,Not Applicable,Not Applicable,Not Applicable,Not Applicable,Index,Two,World Development Indicators (WDI),Annual,Units,Normal value,Public
datastructure,WB.DATA360:DS_DATA360(1.3),I,A,USA,WB_WDI_SI_POV_GINI,_T,_T,_T,0_TO_100,_Z,_Z,_Z,2010,40.2,_Z,IX,2,WB_WDI,P1Y,0,A,PU,Annual,United States,Gini index,Total,All age ranges or no breakdown by age,Total,0-100 scale,Not Applicable,Not Applicable,Not Applicable,Not Applicable,Index,Two,World Development Indicators (WDI),Annual,Units,Normal value,Public
datastructure,WB.DATA360:DS_DATA360(1.3),I,A,URY,WB_WDI_SI_POV_GINI,_T,_T,_T,0_TO_100,_Z,_Z,_Z,2010,44.5,_Z,IX,2,WB_WDI,P1Y,0,A,PU,Annual,Uruguay,Gini index,Total,All age ranges or no breakdown by age,Total,0-100 scale,Not Applicable,Not Applicable,Not Applicable,Not Applicable,Index,Two,World Development Indicators (WDI),Annual,Units,Normal value,Public
datastructure,WB.DATA360:DS_DATA360(1.3),I,A,VUT,WB_WDI_SI_POV_GINI,_T,_T,_T,0_TO_100,_Z,_Z,_Z,2010,37.4,_Z,IX,2,WB_WDI,P1Y,0,A,PU,Annual,Vanuatu,Gini index,Total,All age ranges or no breakdown by age,Total,0-100 scale,Not Applicable,Not Applicable,Not Applicable,Not Applicable,Index,Two,World Development Indicators (WDI),Annual,Units,Normal value,Public
datastructure,WB.DATA360:DS_DATA360(1.3),I,A,PAN,WB_WDI_SI_POV_GINI,_T,_T,_T,0_TO_100,_Z,_Z,_Z,2010,51.6,_Z,IX,2,WB_WDI,P1Y,0,A,PU,Annual,Panama,Gini index,Total,All age ranges or no breakdown by age,Total,0-100 scale,Not Applicable,Not Applicable,Not Applicable,Not Applicable,Index,Two,World Development Indicators (WDI),Annual,Units,Normal value,Public
datastructure,WB.DATA360:DS_DATA360(1.3),I,A,PRY,WB_WDI_SI_POV_GINI,_T,_T,_T,0_TO_100,_Z,_Z,_Z,2010,51.0,_Z,IX,2,WB_WDI,P1Y,0,A,PU,Annual,Paraguay,Gini index,Total,All age ranges or no breakdown by age,Total,0-100 scale,Not Applicable,Not Applicable,Not Applicable,Not Applicable,Index,Two,World Development Indicators (WDI),Annual,Units,Normal value,Public
datastructure,WB.DATA360:DS_DATA360(1.3),I,A,PER,WB_WDI_SI_POV_GINI,_T,_T,_T,0_TO_100,_Z,_Z,_Z,2010,45.5,_Z,IX,2,WB_WDI,P1Y,0,A,PU,Annual,Peru,Gini index,Total,All age ranges or no breakdown by age,Total,0-100 scale,Not Applicable,Not Applicable,Not Applicable,Not Applicable,Index,Two,World Development Indicators (WDI),Annual,Units,Normal value,Public
datastructure,WB.DATA360:DS_DATA360(1.3),I,A,POL,WB_WDI_SI_POV_GINI,_T,_T,_T,0_TO_100,_Z,_Z,_Z,2010,33.2,_Z,IX,2,WB_WDI,P1Y,0,A,PU,Annual,Poland,Gini index,Total,All age ranges or no breakdown by age,Total,0-100 scale,Not Applicable,Not Applicable,Not Applicable,Not Applicable,Index,Two,World Development Indicators (WDI),Annual,Units,Normal value,Public
datastructure,WB.DATA360:DS_DATA360(1.3),I,A,PRT,WB_WDI_SI_POV_GINI,_T,_T,_T,0_TO_100,_Z,_Z,_Z,2010,35.8,_Z,IX,2,WB_WDI,P1Y,0,A,PU,Annual,Portugal,Gini index,Total,All age ranges or no breakdown by age,Total,0-100 scale,Not Applicable,Not Applicable,Not Applicable,Not Applicable,Index,Two,World Development Indicators (WDI),Annual,Units,Normal value,Public
datastructure,WB.DATA360:DS_DATA360(1.3),I,A,ROU,WB_WDI_SI_POV_GINI,_T,_T,_T,0_TO_100,_Z,_Z,_Z,2010,35.5,_Z,IX,2,WB_WDI,P1Y,0,A,PU,Annual,Romania,Gini index,Total,All age ranges or no breakdown by age,Total,0-100 scale,Not Applicable,Not Applicable,Not Applicable,Not Applicable,Index,Two,World Development Indicators (WDI),Annual,Units,Normal value,Public
datastructure,WB.DATA360:DS_DATA360(1.3),I,A,RUS,WB_WDI_SI_POV_GINI,_T,_T,_T,0_TO_100,_Z,_Z,_Z,2010,39.5,_Z,IX,2,WB_WDI,P1Y,0,A,PU,Annual,Russian Federation,Gini index,Total,All age ranges or no breakdown by age,Total,0-100 scale,Not Applicable,Not Applicable,Not Applicable,Not Applicable,Index,Two,World Development Indicators (WDI),Annual,Units,Normal value,Public
datastructure,WB.DATA360:DS_DATA360(1.3),I,A,CZE,WB_WDI_SI_POV_GINI,_T,_T,_T,0_TO_100,_Z,_Z,_Z,2016,25.4,_Z,IX,2,WB_WDI,P1Y,0,A,PU,Annual,Czechia,Gini index,Total,All age ranges or no breakdown by age,Total,0-100 scale,Not Applicable,Not Applicable,Not Applicable,Not Applicable,Index,Two,World Development Indicators (WDI),Annual,Units,Normal value,Public
datastructure,WB.DATA360:DS_DATA360(1.3),I,A,DNK,WB_WDI_SI_POV_GINI,_T,_T,_T,0_TO_100,_Z,_Z,_Z,2016,28.2,_Z,IX,2,WB_WDI,P1Y,0,A,PU,Annual,Denmark,Gini index,Total,All age ranges or no breakdown by age,Total,0-100 scale,Not Applicable,Not Applicable,Not Applicable,Not Applicable,Index,Two,World Development Indicators (WDI),Annual,Units,Normal value,Public
datastructure,WB.DATA360:DS_DATA360(1.3),I,A,DOM,WB_WDI_SI_POV_GINI,_T,_T,_T,0_TO_100,_Z,_Z,_Z,2016,45.7,_Z,IX,2,WB_WDI,P1Y,0,A,PU,Annual,Dominican Republic,Gini index,Total,All age ranges or no breakdown by age,Total,0-100 scale,Not Applicable,Not Applicable,Not Applicable,Not Applicable,Index,Two,World Development Indicators (WDI),Annual,Units,Normal value,Public
datastructure,WB.DATA360:DS_DATA360(1.3),I,A,ECU,WB_WDI_SI_POV_GINI,_T,_T,_T,0_TO_100,_Z,_Z,_Z,2016,45.0,_Z,IX,2,WB_WDI,P1Y,0,A,PU,Annual,Ecuador,Gini index,Total,All age ranges or no breakdown by age,Total,0-100 scale,Not Applicable,Not Applicable,Not Applicable,Not Applicable,Index,Two,World Development Indicators (WDI),Annual,Units,Normal value,Public
datastructure,WB.DATA360:DS_DATA360(1.3),I,A,SLV,WB_WDI_SI_POV_GINI,_T,_T,_T,0_TO_100,_Z,_Z,_Z,2016,40.0,_Z,IX,2,WB_WDI,P1Y,0,A,PU,Annual,El Salvador,Gini index,Total,All age ranges or no breakdown by age,Total,0-100 scale,Not Applicable,Not Applicable,Not Applicable,Not Applicable,Index,Two,World Development Indicators (WDI),Annual,Units,Normal value,Public
datastructure,WB.DATA360:DS_DATA360(1.3),I,A,EST,WB_WDI_SI_POV_GINI,_T,_T,_T,0_TO_100,_Z,_Z,_Z,2016,31.2,_Z,IX,2,WB_WDI,P1Y,0,A,PU,Annual,Estonia,Gini index,Total,All age ranges or no breakdown by age,Total,0-100 scale,Not Applicable,Not Applicable,Not Applicable,Not Applicable,Index,Two,World Development Indicators (WDI),Annual,Units,Normal value,Public
datastructure,WB.DATA360:DS_DATA360(1.3),I,A,GNB,WB_WDI_SI_POV_GINI,_T,_T,_T,0_TO_100,_Z,_Z,_Z,2010,50.6,_Z,IX,2,WB_WDI,P1Y,0,A,PU,Annual,Guinea-Bissau,Gini index,Total,All age ranges or no breakdown by age,Total,0-100 scale,Not Applicable,Not Applicable,Not Applicable,Not Applicable,Index,Two,World Development Indicators (WDI),Annual,Units,Normal value,Public
datastructure,WB.DATA360:DS_DATA360(1.3),I,A,HND,WB_WDI_SI_POV_GINI,_T,_T,_T,0_TO_100,_Z,_Z,_Z,2010,53.1,_Z,IX,2,WB_WDI,P1Y,0,A,PU,Annual,Honduras,Gini index,Total,All age ranges or no breakdown by age,Total,0-100 scale,Not Applicable,Not Applicable,Not Applicable,Not Applicable,Index,Two,World Development Indicators (WDI),Annual,Units,Normal value,Public
datastructure,WB.DATA360:DS_DATA360(1.3),I,A,HUN,WB_WDI_SI_POV_GINI,_T,_T,_T,0_TO_100,_Z,_Z,_Z,2010,29.4,_Z,IX,2,WB_WDI,P1Y,0,A,PU,Annual,Hungary,Gini index,Total,All age ranges or no breakdown by age,Total,0-100 scale,Not Applicable,Not Applicable,Not Applicable,Not Applicable,Index,Two,World Development Indicators (WDI),Annual,Units,Normal value,Public
datastructure,WB.DATA360:DS_DATA360(1.3),I,A,ISL,WB_WDI_SI_POV_GINI,_T,_T,_T,0_TO_100,_Z,_Z,_Z,2010,26.2,_Z,IX,2,WB_WDI,P1Y,0,A,PU,Annual,Iceland,Gini index,Total,All age ranges or no breakdown by age,Total,0-100 scale,Not Applicable,Not Applicable,Not Applicable,Not Applicable,Index,Two,World Development Indicators (WDI),Annual,Units,Normal value,Public
datastructure,WB.DATA360:DS_DATA360(1.3),I,A,IDN,WB_WDI_SI_POV_GINI,_T,_T,_T,0_TO_100,_Z,_Z,_Z,2010,34.6,_Z,IX,2,WB_WDI,P1Y,0,A,PU,Annual,Indonesia,Gini index,Total,All age ranges or no breakdown by age,Total,0-100 scale,Not Applicable,Not Applicable,Not Applicable,Not Applicable,Index,Two,World Development Indicators (WDI),Annual,Units,Normal value,Public
datastructure,WB.DATA360:DS_DATA360(1.3),I,A,ECU,WB_WDI_SI_POV_GINI,_T,_T,_T,0_TO_100,_Z,_Z,_Z,2011,45.9,_Z,IX,2,WB_WDI,P1Y,0,A,PU,Annual,Ecuador,Gini index,Total,All age ranges or no breakdown by age,Total,0-100 scale,Not Applicable,Not Applicable,Not Applicable,Not Applicable,Index,Two,World Development Indicators (WDI),Annual,Units,Normal value,Public
datastructure,WB.DATA360:DS_DATA360(1.3),I,A,SLV,WB_WDI_SI_POV_GINI,_T,_T,_T,0_TO_100,_Z,_Z,_Z,2011,42.3,_Z,IX,2,WB_WDI,P1Y,0,A,PU,Annual,El Salvador,Gini index,Total,All age ranges or no breakdown by age,Total,0-100 scale,Not Applicable,Not Applicable,Not Applicable,Not Applicable,Index,Two,World Development Indicators (WDI),Annual,Units,Normal value,Public
datastructure,WB.DATA360:DS_DATA360(1.3),I,A,EST,WB_WDI_SI_POV_GINI,_T,_T,_T,0_TO_100,_Z,_Z,_Z,2011,32.5,_Z,IX,2,WB_WDI,P1Y,0,A,PU,Annual,Estonia,Gini index,Total,All age ranges or no breakdown by age,Total,0-100 scale,Not Applicable,Not Applicable,Not Applicable,Not Applicable,Index,Two,World Development Indicators (WDI),Annual,Units,Normal value,Public
datastructure,WB.DATA360:DS_DATA360(1.3),I,A,FIN,WB_WDI_SI_POV_GINI,_T,_T,_T,0_TO_100,_Z,_Z,_Z,2011,27.6,_Z,IX,2,WB_WDI,P1Y,0,A,PU,Annual,Finland,Gini index,Total,All age ranges or no breakdown by age,Total,0-100 scale,Not Applicable,Not Applicable,Not Applicable,Not Applicable,Index,Two,World Development Indicators (WDI),Annual,Units,Normal value,Public
datastructure,WB.DATA360:DS_DATA360(1.3),I,A,MDA,WB_WDI_SI_POV_GINI,_T,_T,_T,0_TO_100,_Z,_Z,_Z,2006,35.4,_Z,IX,2,WB_WDI,P1Y,0,A,PU,Annual,Moldova,Gini index,Total,All age ranges or no breakdown by age,Total,0-100 scale,Not Applicable,Not Applicable,Not Applicable,Not Applicable,Index,Two,World Development Indicators (WDI),Annual,Units,Normal value,Public
datastructure,WB.DATA360:DS_DATA360(1.3),I,A,MNE,WB_WDI_SI_POV_GINI,_T,_T,_T,0_TO_100,_Z,_Z,_Z,2006,30.0,_Z,IX,2,WB_WDI,P1Y,0,A,PU,Annual,Montenegro,Gini index,Total,All age ranges or no breakdown by age,Total,0-100 scale,Not Applicable,Not Applicable,Not Applicable,Not Applicable,Index,Two,World Development Indicators (WDI),Annual,Units,Normal value,Public
datastructure,WB.DATA360:DS_DATA360(1.3),I,A,MAR,WB_WDI_SI_POV_GINI,_T,_T,_T,0_TO_100,_Z,_Z,_Z,2006,40.7,_Z,IX,2,WB_WDI,P1Y,0,A,PU,Annual,Morocco,Gini index,Total,All age ranges or no breakdown by age,Total,0-100 scale,Not Applicable,Not Applicable,Not Applicable,Not Applicable,Index,Two,World Development Indicators (WDI),Annual,Units,Normal value,Public
datastructure,WB.DATA360:DS_DATA360(1.3),I,A,NLD,WB_WDI_SI_POV_GINI,_T,_T,_T,0_TO_100,_Z,_Z,_Z,2006,30.0,_Z,IX,2,WB_WDI,P1Y,0,A,PU,Annual,Netherlands,Gini index,Total,All age ranges or no breakdown by age,Total,0-100 scale,Not Applicable,Not Applicable,Not Applicable,Not Applicable,Index,Two,World Development Indicators (WDI),Annual,Units,Normal value,Public
datastructure,WB.DATA360:DS_DATA360(1.3),I,A,USA,WB_WDI_SI_POV_GINI,_T,_T,_T,0_TO_100,_Z,_Z,_Z,2006,41.7,_Z,IX,2,WB_WDI,P1Y,0,A,PU,Annual,United States,Gini index,Total,All age ranges or no breakdown by age,Total,0-100 scale,Not Applicable,Not Applicable,Not Applicable,Not Applicable,Index,Two,World Development Indicators (WDI),Annual,Units,Normal value,Public
datastructure,WB.DATA360:DS_DATA360(1.3),I,A,URY,WB_WDI_SI_POV_GINI,_T,_T,_T,0_TO_100,_Z,_Z,_Z,2006,45.9,_Z,IX,2,WB_WDI,P1Y,0,A,PU,Annual,Uruguay,Gini index,Total,All age ranges or no breakdown by age,Total,0-100 scale,Not Applicable,Not Applicable,Not Applicable,Not Applicable,Index,Two,World Development Indicators (WDI),Annual,Units,Normal value,Public
datastructure,WB.DATA360:DS_DATA360(1.3),I,A,VEN,WB_WDI_SI_POV_GINI,_T,_T,_T,0_TO_100,_Z,_Z,_Z,2006,44.7,_Z,IX,2,WB_WDI,P1Y,0,A,PU,Annual,"Venezuela, RB",Gini index,Total,All age ranges or no breakdown by age,Total,0-100 scale,Not Applicable,Not Applicable,Not Applicable,Not Applicable,Index,Two,World Development Indicators (WDI),Annual,Units,Normal value,Public
datastructure,WB.DATA360:DS_DATA360(1.3),I,A,VNM,WB_WDI_SI_POV_GINI,_T,_T,_T,0_TO_100,_Z,_Z,_Z,2006,35.8,_Z,IX,2,WB_WDI,P1Y,0,A,PU,Annual,Vietnam,Gini index,Total,All age ranges or no breakdown by age,Total,0-100 scale,Not Applicable,Not Applicable,Not Applicable,Not Applicable,Index,Two,World Development Indicators (WDI),Annual,Units,Normal value,Public
datastructure,WB.DATA360:DS_DATA360(1.3),I,A,PSE,WB_WDI_SI_POV_GINI,_T,_T,_T,0_TO_100,_Z,_Z,_Z,2006,34.0,_Z,IX,2,WB_WDI,P1Y,0,A,PU,Annual,West Bank and Gaza,Gini index,Total,All age ranges or no breakdown by age,Total,0-100 scale,Not Applicable,Not Applicable,Not Applicable,Not Applicable,Index,Two,World Development Indicators (WDI),Annual,Units,Normal value,Public
datastructure,WB.DATA360:DS_DATA360(1.3),I,A,ZMB,WB_WDI_SI_POV_GINI,_T,_T,_T,0_TO_100,_Z,_Z,_Z,2006,54.6,_Z,IX,2,WB_WDI,P1Y,0,A,PU,Annual,Zambia,Gini index,Total,All age ranges or no breakdown by age,Total,0-100 scale,Not Applicable,Not Applicable,Not Applicable,Not Applicable,Index,Two,World Development Indicators (WDI),Annual,Units,Normal value,Public
datastructure,WB.DATA360:DS_DATA360(1.3),I,A,MNE,WB_WDI_SI_POV_GINI,_T,_T,_T,0_TO_100,_Z,_Z,_Z,2007,31.4,_Z,IX,2,WB_WDI,P1Y,0,A,PU,Annual,Montenegro,Gini index,Total,All age ranges or no breakdown by age,Total,0-100 scale,Not Applicable,Not Applicable,Not Applicable,Not Applicable,Index,Two,World Development Indicators (WDI),Annual,Units,Normal value,Public
datastructure,WB.DATA360:DS_DATA360(1.3),I,A,NLD,WB_WDI_SI_POV_GINI,_T,_T,_T,0_TO_100,_Z,_Z,_Z,2007,29.6,_Z,IX,2,WB_WDI,P1Y,0,A,PU,Annual,Netherlands,Gini index,Total,All age ranges or no breakdown by age,Total,0-100 scale,Not Applicable,Not Applicable,Not Applicable,Not Applicable,Index,Two,World Development Indicators (WDI),Annual,Units,Normal value,Public
datastructure,WB.DATA360:DS_DATA360(1.3),I,A,NER,WB_WDI_SI_POV_GINI,_T,_T,_T,0_TO_100,_Z,_Z,_Z,2007,37.3,_Z,IX,2,WB_WDI,P1Y,0,A,PU,Annual,Niger,Gini index,Total,All age ranges or no breakdown by age,Total,0-100 scale,Not Applicable,Not Applicable,Not Applicable,Not Applicable,Index,Two,World Development Indicators (WDI),Annual,Units,Normal value,Public
datastructure,WB.DATA360:DS_DATA360(1.3),I,A,ISL,WB_WDI_SI_POV_GINI,_T,_T,_T,0_TO_100,_Z,_Z,_Z,2019,26.8,_Z,IX,2,WB_WDI,P1Y,0,A,PU,Annual,Iceland,Gini index,Total,All age ranges or no breakdown by age,Total,0-100 scale,Not Applicable,Not Applicable,Not Applicable,Not Applicable,Index,Two,World Development Indicators (WDI),Annual,Units,Normal value,Public
datastructure,WB.DATA360:DS_DATA360(1.3),I,A,IDN,WB_WDI_SI_POV_GINI,_T,_T,_T,0_TO_100,_Z,_Z,_Z,2019,35.4,_Z,IX,2,WB_WDI,P1Y,0,A,PU,Annual,Indonesia,Gini index,Total,All age ranges or no breakdown by age,Total,0-100 scale,Not Applicable,Not Applicable,Not Applicable,Not Applicable,Index,Two,World Development Indicators (WDI),Annual,Units,Normal value,Public
datastructure,WB.DATA360:DS_DATA360(1.3),I,A,IRN,WB_WDI_SI_POV_GINI,_T,_T,_T,0_TO_100,_Z,_Z,_Z,2019,36.5,_Z,IX,2,WB_WDI,P1Y,0,A,PU,Annual,"Iran, Islamic Rep.",Gini index,Total,All age ranges or no breakdown by age,Total,0-100 scale,Not Applicable,Not Applicable,Not Applicable,Not Applicable,Index,Two,World Development Indicators (WDI),Annual,Units,Normal value,Public
datastructure,WB.DATA360:DS_DATA360(1.3),I,A,IRL,WB_WDI_SI_POV_GINI,_T,_T,_T,0_TO_100,_Z,_Z,_Z,2019,30.3,_Z,IX,2,WB_WDI,P1Y,0,A,PU,Annual,Ireland,Gini index,Total,All age ranges or no breakdown by age,Total,0-100 scale,Not Applicable,Not Applicable,Not Applicable,Not Applicable,Index,Two,World Development Indicators (WDI),Annual,Units,Normal value,Public
datastructure,WB.DATA360:DS_DATA360(1.3),I,A,ISR,WB_WDI_SI_POV_GINI,_T,_T,_T,0_TO_100,_Z,_Z,_Z,2019,38.3,_Z,IX,2,WB_WDI,P1Y,0,A,PU,Annual,Israel,Gini index,Total,All age ranges or no breakdown by age,Total,0-100 scale,Not Applicable,Not Applicable,Not Applicable,Not Applicable,Index,Two,World Development Indicators (WDI),Annual,Units,Normal value,Public
datastructure,WB.DATA360:DS_DATA360(1.3),I,A,ITA,WB_WDI_SI_POV_GINI,_T,_T,_T,0_TO_100,_Z,_Z,_Z,2019,34.6,_Z,IX,2,WB_WDI,P1Y,0,A,PU,Annual,Italy,Gini index,Total,All age ranges or no breakdown by age,Total,0-100 scale,Not Applicable,Not Applicable,Not Applicable,Not Applicable,Index,Two,World Development Indicators (WDI),Annual,Units,Normal value,Public
datastructure,WB.DATA360:DS_DATA360(1.3),I,A,JPN,WB_WDI_SI_POV_GINI,_T,_T,_T,0_TO_100,_Z,_Z,_Z,2019,33.0,_Z,IX,2,WB_WDI,P1Y,0,A,PU,Annual,Japan,Gini index,Total,All age ranges or no breakdown by age,Total,0-100 scale,Not Applicable,Not Applicable,Not Applicable,Not Applicable,Index,Two,World Development Indicators (WDI),Annual,Units,Normal value,Public
datastructure,WB.DATA360:DS_DATA360(1.3),I,A,ARG,WB_WDI_SI_POV_GINI,_T,_T,_T,0_TO_100,_Z,_Z,_Z,2022,40.7,_Z,IX,2,WB_WDI,P1Y,0,A,PU,Annual,Argentina,Gini index,Total,All age ranges or no breakdown by age,Total,0-100 scale,Not Applicable,Not Applicable,Not Applicable,Not Applicable,Index,Two,World Development Indicators (WDI),Annual,Units,Normal value,Public
datastructure,WB.DATA360:DS_DATA360(1.3),I,A,ARM,WB_WDI_SI_POV_GINI,_T,_T,_T,0_TO_100,_Z,_Z,_Z,2022,27.9,_Z,IX,2,WB_WDI,P1Y,0,A,PU,Annual,Armenia,Gini index,Total,All age ranges or no breakdown by age,Total,0-100 scale,Not Applicable,Not Applicable,Not Applicable,Not Applicable,Index,Two,World Development Indicators (WDI),Annual,Units,Normal value,Public
datastructure,WB.DATA360:DS_DATA360(1.3),I,A,BLR,WB_WDI_SI_POV_GINI,_T,_T,_T,0_TO_100,_Z,_Z,_Z,2001,30.6,_Z,IX,2,WB_WDI,P1Y,0,A,PU,Annual,Belarus,Gini index,Total,All age ranges or no breakdown by age,Total,0-100 scale,Not Applicable,Not Applicable,Not Applicable,Not Applicable,Index,Two,World Development Indicators (WDI),Annual,Units,Normal value,Public
datastructure,WB.DATA360:DS_DATA360(1.3),I,A,BOL,WB_WDI_SI_POV_GINI,_T,_T,_T,0_TO_100,_Z,_Z,_Z,2001,57.4,_Z,IX,2,WB_WDI,P1Y,0,A,PU,Annual,Bolivia,Gini index,Total,All age ranges or no breakdown by age,Total,0-100 scale,Not Applicable,Not Applicable,Not Applicable,Not Applicable,Index,Two,World Development Indicators (WDI),Annual,Units,Normal value,Public
datastructure,WB.DATA360:DS_DATA360(1.3),I,A,BIH,WB_WDI_SI_POV_GINI,_T,_T,_T,0_TO_100,_Z,_Z,_Z,2001,30.0,_Z,IX,2,WB_WDI,P1Y,0,A,PU,Annual,Bosnia and Herzegovina,Gini index,Total,All age ranges or no breakdown by age,Total,0-100 scale,Not Applicable,Not Applicable,Not Applicable,Not Applicable,Index,Two,World Development Indicators (WDI),Annual,Units,Normal value,Public
datastructure,WB.DATA360:DS_DATA360(1.3),I,A,BRA,WB_WDI_SI_POV_GINI,_T,_T,_T,0_TO_100,_Z,_Z,_Z,2001,58.4,_Z,IX,2,WB_WDI,P1Y,0,A,PU,Annual,Brazil,Gini index,Total,All age ranges or no breakdown by age,Total,0-100 scale,Not Applicable,Not Applicable,Not Applicable,Not Applicable,Index,Two,World Development Indicators (WDI),Annual,Units,Normal value,Public
datastructure,WB.DATA360:DS_DATA360(1.3),I,A,ITA,WB_WDI_SI_POV_GINI,_T,_T,_T,0_TO_100,_Z,_Z,_Z,2005,33.8,_Z,IX,2,WB_WDI,P1Y,0,A,PU,Annual,Italy,Gini index,Total,All age ranges or no breakdown by age,Total,0-100 scale,Not Applicable,Not Applicable,Not Applicable,Not Applicable,Index,Two,World Development Indicators (WDI),Annual,Units,Normal value,Public
datastructure,WB.DATA360:DS_DATA360(1.3),I,A,KAZ,WB_WDI_SI_POV_GINI,_T,_T,_T,0_TO_100,_Z,_Z,_Z,2005,39.8,_Z,IX,2,WB_WDI,P1Y,0,A,PU,Annual,Kazakhstan,Gini index,Total,All age ranges or no breakdown by age,Total,0-100 scale,Not Applicable,Not Applicable,Not Applicable,Not Applicable,Index,Two,World Development Indicators (WDI),Annual,Units,Normal value,Public
datastructure,WB.DATA360:DS_DATA360(1.3),I,A,KEN,WB_WDI_SI_POV_GINI,_T,_T,_T,0_TO_100,_Z,_Z,_Z,2005,46.4,_Z,IX,2,WB_WDI,P1Y,0,A,PU,Annual,Kenya,Gini index,Total,All age ranges or no breakdown by age,Total,0-100 scale,Not Applicable,Not Applicable,Not Applicable,Not Applicable,Index,Two,World Development Indicators (WDI),Annual,Units,Normal value,Public
datastructure,WB.DATA360:DS_DATA360(1.3),I,A,XKX,WB_WDI_SI_POV_GINI,_T,_T,_T,0_TO_100,_Z,_Z,_Z,2005,31.2,_Z,IX,2,WB_WDI,P1Y,0,A,PU,Annual,Kosovo,Gini index,Total,All age ranges or no breakdown by age,Total,0-100 scale,Not Applicable,Not Applicable,Not Applicable,Not Applicable,Index,Two,World Development Indicators (WDI),Annual,Units,Normal value,Public
datastructure,WB.DATA360:DS_DATA360(1.3),I,A,KGZ,WB_WDI_SI_POV_GINI,_T,_T,_T,0_TO_100,_Z,_Z,_Z,2005,32.6,_Z,IX,2,WB_WDI,P1Y,0,A,PU,Annual,Kyrgyz Republic,Gini index,Total,All age ranges or no breakdown by age,Total,0-100 scale,Not Applicable,Not Applicable,Not Applicable,Not Applicable,Index,Two,World Development Indicators (WDI),Annual,Units,Normal value,Public
datastructure,WB.DATA360:DS_DATA360(1.3),I,A,IRL,WB_WDI_SI_POV_GINI,_T,_T,_T,0_TO_100,_Z,_Z,_Z,2015,31.8,_Z,IX,2,WB_WDI,P1Y,0,A,PU,Annual,Ireland,Gini index,Total,All age ranges or no breakdown by age,Total,0-100 scale,Not Applicable,Not Applicable,Not Applicable,Not Applicable,Index,Two,World Development Indicators (WDI),Annual,Units,Normal value,Public
datastructure,WB.DATA360:DS_DATA360(1.3),I,A,ISR,WB_WDI_SI_POV_GINI,_T,_T,_T,0_TO_100,_Z,_Z,_Z,2015,39.7,_Z,IX,2,WB_WDI,P1Y,0,A,PU,Annual,Israel,Gini index,Total,All age ranges or no breakdown by age,Total,0-100 scale,Not Applicable,Not Applicable,Not Applicable,Not Applicable,Index,Two,World Development Indicators (WDI),Annual,Units,Normal value,Public
datastructure,WB.DATA360:DS_DATA360(1.3),I,A,ITA,WB_WDI_SI_POV_GINI,_T,_T,_T,0_TO_100,_Z,_Z,_Z,2015,35.4,_Z,IX,2,WB_WDI,P1Y,0,A,PU,Annual,Italy,Gini index,Total,All age ranges or no breakdown by age,Total,0-100 scale,Not Applicable,Not Applicable,Not Applicable,Not Applicable,Index,Two,World Development Indicators (WDI),Annual,Units,Normal value,Public
datastructure,WB.DATA360:DS_DATA360(1.3),I,A,JPN,WB_WDI_SI_POV_GINI,_T,_T,_T,0_TO_100,_Z,_Z,_Z,2015,30.7,_Z,IX,2,WB_WDI,P1Y,0,A,PU,Annual,Japan,Gini index,Total,All age ranges or no breakdown by age,Total,0-100 scale,Not Applicable,Not Applicable,Not Applicable,Not Applicable,Index,Two,World Development Indicators (WDI),Annual,Units,Normal value,Public
datastructure,WB.DATA360:DS_DATA360(1.3),I,A,KAZ,WB_WDI_SI_POV_GINI,_T,_T,_T,0_TO_100,_Z,_Z,_Z,2015,26.8,_Z,IX,2,WB_WDI,P1Y,0,A,PU,Annual,Kazakhstan,Gini index,Total,All age ranges or no breakdown by age,Total,0-100 scale,Not Applicable,Not Applicable,Not Applicable,Not Applicable,Index,Two,World Development Indicators (WDI),Annual,Units,Normal value,Public
datastructure,WB.DATA360:DS_DATA360(1.3),I,A,KEN,WB_WDI_SI_POV_GINI,_T,_T,_T,0_TO_100,_Z,_Z,_Z,2015,40.8,_Z,IX,2,WB_WDI,P1Y,0,A,PU,Annual,Kenya,Gini index,Total,All age ranges or no breakdown by age,Total,0-100 scale,Not Applicable,Not Applicable,Not Applicable,Not Applicable,Index,Two,World Development Indicators (WDI),Annual,Units,Normal value,Public
datastructure,WB.DATA360:DS_DATA360(1.3),I,A,GRC,WB_WDI_SI_POV_GINI,_T,_T,_T,0_TO_100,_Z,_Z,_Z,2013,36.1,_Z,IX,2,WB_WDI,P1Y,0,A,PU,Annual,Greece,Gini index,Total,All age ranges or no breakdown by age,Total,0-100 scale,Not Applicable,Not Applicable,Not Applicable,Not Applicable,Index,Two,World Development Indicators (WDI),Annual,Units,Normal value,Public
datastructure,WB.DATA360:DS_DATA360(1.3),I,A,HND,WB_WDI_SI_POV_GINI,_T,_T,_T,0_TO_100,_Z,_Z,_Z,2013,50.0,_Z,IX,2,WB_WDI,P1Y,0,A,PU,Annual,Honduras,Gini index,Total,All age ranges or no breakdown by age,Total,0-100 scale,Not Applicable,Not Applicable,Not Applicable,Not Applicable,Index,Two,World Development Indicators (WDI),Annual,Units,Normal value,Public
datastructure,WB.DATA360:DS_DATA360(1.3),I,A,NIC,WB_WDI_SI_POV_GINI,_T,_T,_T,0_TO_100,_Z,_Z,_Z,2001,52.9,_Z,IX,2,WB_WDI,P1Y,0,A,PU,Annual,Nicaragua,Gini index,Total,All age ranges or no breakdown by age,Total,0-100 scale,Not Applicable,Not Applicable,Not Applicable,Not Applicable,Index,Two,World Development Indicators (WDI),Annual,Units,Normal value,Public
datastructure,WB.DATA360:DS_DATA360(1.3),I,A,PAK,WB_WDI_SI_POV_GINI,_T,_T,_T,0_TO_100,_Z,_Z,_Z,2001,28.7,_Z,IX,2,WB_WDI,P1Y,0,A,PU,Annual,Pakistan,Gini index,Total,All age ranges or no breakdown by age,Total,0-100 scale,Not Applicable,Not Applicable,Not Applicable,Not Applicable,Index,Two,World Development Indicators (WDI),Annual,Units,Normal value,Public
datastructure,WB.DATA360:DS_DATA360(1.3),I,A,PAN,WB_WDI_SI_POV_GINI,_T,_T,_T,0_TO_100,_Z,_Z,_Z,2001,56.7,_Z,IX,2,WB_WDI,P1Y,0,A,PU,Annual,Panama,Gini index,Total,All age ranges or no breakdown by age,Total,0-100 scale,Not Applicable,Not Applicable,Not Applicable,Not Applicable,Index,Two,World Development Indicators (WDI),Annual,Units,Normal value,Public
datastructure,WB.DATA360:DS_DATA360(1.3),I,A,MLT,WB_WDI_SI_POV_GINI,_T,_T,_T,0_TO_100,_Z,_Z,_Z,2009,30.2,_Z,IX,2,WB_WDI,P1Y,0,A,PU,Annual,Malta,Gini index,Total,All age ranges or no breakdown by age,Total,0-100 scale,Not Applicable,Not Applicable,Not Applicable,Not Applicable,Index,Two,World Development Indicators (WDI),Annual,Units,Normal value,Public
datastructure,WB.DATA360:DS_DATA360(1.3),I,A,MDA,WB_WDI_SI_POV_GINI,_T,_T,_T,0_TO_100,_Z,_Z,_Z,2009,32.9,_Z,IX,2,WB_WDI,P1Y,0,A,PU,Annual,Moldova,Gini index,Total,All age ranges or no breakdown by age,Total,0-100 scale,Not Applicable,Not Applicable,Not Applicable,Not Applicable,Index,Two,World Development Indicators (WDI),Annual,Units,Normal value,Public
datastructure,WB.DATA360:DS_DATA360(1.3),I,A,MNE,WB_WDI_SI_POV_GINI,_T,_T,_T,0_TO_100,_Z,_Z,_Z,2009,31.0,_Z,IX,2,WB_WDI,P1Y,0,A,PU,Annual,Montenegro,Gini index,Total,All age ranges or no breakdown by age,Total,0-100 scale,Not Applicable,Not Applicable,Not Applicable,Not Applicable,Index,Two,World Development Indicators (WDI),Annual,Units,Normal value,Public
datastructure,WB.DATA360:DS_DATA360(1.3),I,A,IRL,WB_WDI_SI_POV_GINI,_T,_T,_T,0_TO_100,_Z,_Z,_Z,2020,29.2,_Z,IX,2,WB_WDI,P1Y,0,A,PU,Annual,Ireland,Gini index,Total,All age ranges or no breakdown by age,Total,0-100 scale,Not Applicable,Not Applicable,Not Applicable,Not Applicable,Index,Two,World Development Indicators (WDI),Annual,Units,Normal value,Public
datastructure,WB.DATA360:DS_DATA360(1.3),I,A,ISR,WB_WDI_SI_POV_GINI,_T,_T,_T,0_TO_100,_Z,_Z,_Z,2020,37.8,_Z,IX,2,WB_WDI,P1Y,0,A,PU,Annual,Israel,Gini index,Total,All age ranges or no breakdown by age,Total,0-100 scale,Not Applicable,Not Applicable,Not Applicable,Not Applicable,Index,Two,World Development Indicators (WDI),Annual,Units,Normal value,Public
datastructure,WB.DATA360:DS_DATA360(1.3),I,A,ITA,WB_WDI_SI_POV_GINI,_T,_T,_T,0_TO_100,_Z,_Z,_Z,2020,35.2,_Z,IX,2,WB_WDI,P1Y,0,A,PU,Annual,Italy,Gini index,Total,All age ranges or no breakdown by age,Total,0-100 scale,Not Applicable,Not Applicable,Not Applicable,Not Applicable,Index,Two,World Development Indicators (WDI),Annual,Units,Normal value,Public
datastructure,WB.DATA360:DS_DATA360(1.3),I,A,JPN,WB_WDI_SI_POV_GINI,_T,_T,_T,0_TO_100,_Z,_Z,_Z,2020,32.3,_Z,IX,2,WB_WDI,P1Y,0,A,PU,Annual,Japan,Gini index,Total,All age ranges or no breakdown by age,Total,0-100 scale,Not Applicable,Not Applicable,Not Applicable,Not Applicable,Index,Two,World Development Indicators (WDI),Annual,Units,Normal value,Public
datastructure,WB.DATA360:DS_DATA360(1.3),I,A,KAZ,WB_WDI_SI_POV_GINI,_T,_T,_T,0_TO_100,_Z,_Z,_Z,2020,28.7,_Z,IX,2,WB_WDI,P1Y,0,A,PU,Annual,Kazakhstan,Gini index,Total,All age ranges or no breakdown by age,Total,0-100 scale,Not Applicable,Not Applicable,Not Applicable,Not Applicable,Index,Two,World Development Indicators (WDI),Annual,Units,Normal value,Public
datastructure,WB.DATA360:DS_DATA360(1.3),I,A,KEN,WB_WDI_SI_POV_GINI,_T,_T,_T,0_TO_100,_Z,_Z,_Z,2020,36.2,_Z,IX,2,WB_WDI,P1Y,0,A,PU,Annual,Kenya,Gini index,Total,All age ranges or no breakdown by age,Total,0-100 scale,Not Applicable,Not Applicable,Not Applicable,Not Applicable,Index,Two,World Development Indicators (WDI),Annual,Units,Normal value,Public
datastructure,WB.DATA360:DS_DATA360(1.3),I,A,ITA,WB_WDI_SI_POV_GINI,_T,_T,_T,0_TO_100,_Z,_Z,_Z,2023,34.3,_Z,IX,2,WB_WDI,P1Y,0,A,PU,Annual,Italy,Gini index,Total,All age ranges or no breakdown by age,Total,0-100 scale,Not Applicable,Not Applicable,Not Applicable,Not Applicable,Index,Two,World Development Indicators (WDI),Annual,Units,Normal value,Public
datastructure,WB.DATA360:DS_DATA360(1.3),I,A,KIR,WB_WDI_SI_POV_GINI,_T,_T,_T,0_TO_100,_Z,_Z,_Z,2023,24.7,_Z,IX,2,WB_WDI,P1Y,0,A,PU,Annual,Kiribati,Gini index,Total,All age ranges or no breakdown by age,Total,0-100 scale,Not Applicable,Not Applicable,Not Applicable,Not Applicable,Index,Two,World Development Indicators (WDI),Annual,Units,Normal value,Public
datastructure,WB.DATA360:DS_DATA360(1.3),I,A,KGZ,WB_WDI_SI_POV_GINI,_T,_T,_T,0_TO_100,_Z,_Z,_Z,2023,27.2,_Z,IX,2,WB_WDI,P1Y,0,A,PU,Annual,Kyrgyz Republic,Gini index,Total,All age ranges or no breakdown by age,Total,0-100 scale,Not Applicable,Not Applicable,Not Applicable,Not Applicable,Index,Two,World Development Indicators (WDI),Annual,Units,Normal value,Public
datastructure,WB.DATA360:DS_DATA360(1.3),I,A,BGR,WB_WDI_SI_POV_GINI,_T,_T,_T,0_TO_100,_Z,_Z,_Z,2001,32.7,_Z,IX,2,WB_WDI,P1Y,0,A,PU,Annual,Bulgaria,Gini index,Total,All age ranges or no breakdown by age,Total,0-100 scale,Not Applicable,Not Applicable,Not Applicable,Not Applicable,Index,Two,World Development Indicators (WDI),Annual,Units,Normal value,Public
datastructure,WB.DATA360:DS_DATA360(1.3),I,A,CPV,WB_WDI_SI_POV_GINI,_T,_T,_T,0_TO_100,_Z,_Z,_Z,2001,52.5,_Z,IX,2,WB_WDI,P1Y,0,A,PU,Annual,Cabo Verde,Gini index,Total,All age ranges or no breakdown by age,Total,0-100 scale,Not Applicable,Not Applicable,Not Applicable,Not Applicable,Index,Two,World Development Indicators (WDI),Annual,Units,Normal value,Public
datastructure,WB.DATA360:DS_DATA360(1.3),I,A,CMR,WB_WDI_SI_POV_GINI,_T,_T,_T,0_TO_100,_Z,_Z,_Z,2001,42.1,_Z,IX,2,WB_WDI,P1Y,0,A,PU,Annual,Cameroon,Gini index,Total,All age ranges or no breakdown by age,Total,0-100 scale,Not Applicable,Not Applicable,Not Applicable,Not Applicable,Index,Two,World Development Indicators (WDI),Annual,Units,Normal value,Public
datastructure,WB.DATA360:DS_DATA360(1.3),I,A,CAN,WB_WDI_SI_POV_GINI,_T,_T,_T,0_TO_100,_Z,_Z,_Z,2001,33.6,_Z,IX,2,WB_WDI,P1Y,0,A,PU,Annual,Canada,Gini index,Total,All age ranges or no breakdown by age,Total,0-100 scale,Not Applicable,Not Applicable,Not Applicable,Not Applicable,Index,Two,World Development Indicators (WDI),Annual,Units,Normal value,Public
datastructure,WB.DATA360:DS_DATA360(1.3),I,A,BOL,WB_WDI_SI_POV_GINI,_T,_T,_T,0_TO_100,_Z,_Z,_Z,2023,42.1,_Z,IX,2,WB_WDI,P1Y,0,A,PU,Annual,Bolivia,Gini index,Total,All age ranges or no breakdown by age,Total,0-100 scale,Not Applicable,Not Applicable,Not Applicable,Not Applicable,Index,Two,World Development Indicators (WDI),Annual,Units,Normal value,Public
datastructure,WB.DATA360:DS_DATA360(1.3),I,A,BRA,WB_WDI_SI_POV_GINI,_T,_T,_T,0_TO_100,_Z,_Z,_Z,2023,51.5,_Z,IX,2,WB_WDI,P1Y,0,A,PU,Annual,Brazil,Gini index,Total,All age ranges or no breakdown by age,Total,0-100 scale,Not Applicable,Not Applicable,Not Applicable,Not Applicable,Index,Two,World Development Indicators (WDI),Annual,Units,Normal value,Public
datastructure,WB.DATA360:DS_DATA360(1.3),I,A,BGR,WB_WDI_SI_POV_GINI,_T,_T,_T,0_TO_100,_Z,_Z,_Z,2023,39.5,_Z,IX,2,WB_WDI,P1Y,0,A,PU,Annual,Bulgaria,Gini index,Total,All age ranges or no breakdown by age,Total,0-100 scale,Not Applicable,Not Applicable,Not Applicable,Not Applicable,Index,Two,World Development Indicators (WDI),Annual,Units,Normal value,Public
datastructure,WB.DATA360:DS_DATA360(1.3),I,A,MKD,WB_WDI_SI_POV_GINI,_T,_T,_T,0_TO_100,_Z,_Z,_Z,2006,42.6,_Z,IX,2,WB_WDI,P1Y,0,A,PU,Annual,North Macedonia,Gini index,Total,All age ranges or no breakdown by age,Total,0-100 scale,Not Applicable,Not Applicable,Not Applicable,Not Applicable,Index,Two,World Development Indicators (WDI),Annual,Units,Normal value,Public
datastructure,WB.DATA360:DS_DATA360(1.3),I,A,NOR,WB_WDI_SI_POV_GINI,_T,_T,_T,0_TO_100,_Z,_Z,_Z,2006,26.4,_Z,IX,2,WB_WDI,P1Y,0,A,PU,Annual,Norway,Gini index,Total,All age ranges or no breakdown by age,Total,0-100 scale,Not Applicable,Not Applicable,Not Applicable,Not Applicable,Index,Two,World Development Indicators (WDI),Annual,Units,Normal value,Public
datastructure,WB.DATA360:DS_DATA360(1.3),I,A,PAN,WB_WDI_SI_POV_GINI,_T,_T,_T,0_TO_100,_Z,_Z,_Z,2006,54.6,_Z,IX,2,WB_WDI,P1Y,0,A,PU,Annual,Panama,Gini index,Total,All age ranges or no breakdown by age,Total,0-100 scale,Not Applicable,Not Applicable,Not Applicable,Not Applicable,Index,Two,World Development Indicators (WDI),Annual,Units,Normal value,Public
datastructure,WB.DATA360:DS_DATA360(1.3),I,A,PRY,WB_WDI_SI_POV_GINI,_T,_T,_T,0_TO_100,_Z,_Z,_Z,2006,53.0,_Z,IX,2,WB_WDI,P1Y,0,A,PU,Annual,Paraguay,Gini index,Total,All age ranges or no breakdown by age,Total,0-100 scale,Not Applicable,Not Applicable,Not Applicable,Not Applicable,Index,Two,World Development Indicators (WDI),Annual,Units,Normal value,Public
datastructure,WB.DATA360:DS_DATA360(1.3),I,A,GEO,WB_WDI_SI_POV_GINI,_T,_T,_T,0_TO_100,_Z,_Z,_Z,2018,36.4,_Z,IX,2,WB_WDI,P1Y,0,A,PU,Annual,Georgia,Gini index,Total,All age ranges or no breakdown by age,Total,0-100 scale,Not Applicable,Not Applicable,Not Applicable,Not Applicable,Index,Two,World Development Indicators (WDI),Annual,Units,Normal value,Public
datastructure,WB.DATA360:DS_DATA360(1.3),I,A,DEU,WB_WDI_SI_POV_GINI,_T,_T,_T,0_TO_100,_Z,_Z,_Z,2018,31.9,_Z,IX,2,WB_WDI,P1Y,0,A,PU,Annual,Germany,Gini index,Total,All age ranges or no breakdown by age,Total,0-100 scale,Not Applicable,Not Applicable,Not Applicable,Not Applicable,Index,Two,World Development Indicators (WDI),Annual,Units,Normal value,Public
datastructure,WB.DATA360:DS_DATA360(1.3),I,A,GRC,WB_WDI_SI_POV_GINI,_T,_T,_T,0_TO_100,_Z,_Z,_Z,2018,32.9,_Z,IX,2,WB_WDI,P1Y,0,A,PU,Annual,Greece,Gini index,Total,All age ranges or no breakdown by age,Total,0-100 scale,Not Applicable,Not Applicable,Not Applicable,Not Applicable,Index,Two,World Development Indicators (WDI),Annual,Units,Normal value,Public
datastructure,WB.DATA360:DS_DATA360(1.3),I,A,GRD,WB_WDI_SI_POV_GINI,_T,_T,_T,0_TO_100,_Z,_Z,_Z,2018,43.8,_Z,IX,2,WB_WDI,P1Y,0,A,PU,Annual,Grenada,Gini index,Total,All age ranges or no breakdown by age,Total,0-100 scale,Not Applicable,Not Applicable,Not Applicable,Not Applicable,Index,Two,World Development Indicators (WDI),Annual,Units,Normal value,Public
datastructure,WB.DATA360:DS_DATA360(1.3),I,A,GIN,WB_WDI_SI_POV_GINI,_T,_T,_T,0_TO_100,_Z,_Z,_Z,2018,29.6,_Z,IX,2,WB_WDI,P1Y,0,A,PU,Annual,Guinea,Gini index,Total,All age ranges or no breakdown by age,Total,0-100 scale,Not Applicable,Not Applicable,Not Applicable,Not Applicable,Index,Two,World Development Indicators (WDI),Annual,Units,Normal value,Public
datastructure,WB.DATA360:DS_DATA360(1.3),I,A,GNB,WB_WDI_SI_POV_GINI,_T,_T,_T,0_TO_100,_Z,_Z,_Z,2018,34.8,_Z,IX,2,WB_WDI,P1Y,0,A,PU,Annual,Guinea-Bissau,Gini index,Total,All age ranges or no breakdown by age,Total,0-100 scale,Not Applicable,Not Applicable,Not Applicable,Not Applicable,Index,Two,World Development Indicators (WDI),Annual,Units,Normal value,Public
datastructure,WB.DATA360:DS_DATA360(1.3),I,A,ARG,WB_WDI_SI_POV_GINI,_T,_T,_T,0_TO_100,_Z,_Z,_Z,2002,53.8,_Z,IX,2,WB_WDI,P1Y,0,A,PU,Annual,Argentina,Gini index,Total,All age ranges or no breakdown by age,Total,0-100 scale,Not Applicable,Not Applicable,Not Applicable,Not Applicable,Index,Two,World Development Indicators (WDI),Annual,Units,Normal value,Public
datastructure,WB.DATA360:DS_DATA360(1.3),I,A,ARM,WB_WDI_SI_POV_GINI,_T,_T,_T,0_TO_100,_Z,_Z,_Z,2002,34.8,_Z,IX,2,WB_WDI,P1Y,0,A,PU,Annual,Armenia,Gini index,Total,All age ranges or no breakdown by age,Total,0-100 scale,Not Applicable,Not Applicable,Not Applicable,Not Applicable,Index,Two,World Development Indicators (WDI),Annual,Units,Normal value,Public
datastructure,WB.DATA360:DS_DATA360(1.3),I,A,AZE,WB_WDI_SI_POV_GINI,_T,_T,_T,0_TO_100,_Z,_Z,_Z,2002,25.3,_Z,IX,2,WB_WDI,P1Y,0,A,PU,Annual,Azerbaijan,Gini index,Total,All age ranges or no breakdown by age,Total,0-100 scale,Not Applicable,Not Applicable,Not Applicable,Not Applicable,Index,Two,World Development Indicators (WDI),Annual,Units,Normal value,Public
datastructure,WB.DATA360:DS_DATA360(1.3),I,A,BLR,WB_WDI_SI_POV_GINI,_T,_T,_T,0_TO_100,_Z,_Z,_Z,2002,30.3,_Z,IX,2,WB_WDI,P1Y,0,A,PU,Annual,Belarus,Gini index,Total,All age ranges or no breakdown by age,Total,0-100 scale,Not Applicable,Not Applicable,Not Applicable,Not Applicable,Index,Two,World Development Indicators (WDI),Annual,Units,Normal value,Public
datastructure,WB.DATA360:DS_DATA360(1.3),I,A,SWE,WB_WDI_SI_POV_GINI,_T,_T,_T,0_TO_100,_Z,_Z,_Z,2009,27.3,_Z,IX,2,WB_WDI,P1Y,0,A,PU,Annual,Sweden,Gini index,Total,All age ranges or no breakdown by age,Total,0-100 scale,Not Applicable,Not Applicable,Not Applicable,Not Applicable,Index,Two,World Development Indicators (WDI),Annual,Units,Normal value,Public
datastructure,WB.DATA360:DS_DATA360(1.3),I,A,CHE,WB_WDI_SI_POV_GINI,_T,_T,_T,0_TO_100,_Z,_Z,_Z,2009,32.9,_Z,IX,2,WB_WDI,P1Y,0,A,PU,Annual,Switzerland,Gini index,Total,All age ranges or no breakdown by age,Total,0-100 scale,Not Applicable,Not Applicable,Not Applicable,Not Applicable,Index,Two,World Development Indicators (WDI),Annual,Units,Normal value,Public
datastructure,WB.DATA360:DS_DATA360(1.3),I,A,SYR,WB_WDI_SI_POV_GINI,_T,_T,_T,0_TO_100,_Z,_Z,_Z,2009,40.4,_Z,IX,2,WB_WDI,P1Y,0,A,PU,Annual,Syrian Arab Republic,Gini index,Total,All age ranges or no breakdown by age,Total,0-100 scale,Not Applicable,Not Applicable,Not Applicable,Not Applicable,Index,Two,World Development Indicators (WDI),Annual,Units,Normal value,Public
datastructure,WB.DATA360:DS_DATA360(1.3),I,A,TJK,WB_WDI_SI_POV_GINI,_T,_T,_T,0_TO_100,_Z,_Z,_Z,2009,30.8,_Z,IX,2,WB_WDI,P1Y,0,A,PU,Annual,Tajikistan,Gini index,Total,All age ranges or no breakdown by age,Total,0-100 scale,Not Applicable,Not Applicable,Not Applicable,Not Applicable,Index,Two,World Development Indicators (WDI),Annual,Units,Normal value,Public
datastructure,WB.DATA360:DS_DATA360(1.3),I,A,THA,WB_WDI_SI_POV_GINI,_T,_T,_T,0_TO_100,_Z,_Z,_Z,2009,39.6,_Z,IX,2,WB_WDI,P1Y,0,A,PU,Annual,Thailand,Gini index,Total,All age ranges or no breakdown by age,Total,0-100 scale,Not Applicable,Not Applicable,Not Applicable,Not Applicable,Index,Two,World Development Indicators (WDI),Annual,Units,Normal value,Public
datastructure,WB.DATA360:DS_DATA360(1.3),I,A,TON,WB_WDI_SI_POV_GINI,_T,_T,_T,0_TO_100,_Z,_Z,_Z,2009,37.5,_Z,IX,2,WB_WDI,P1Y,0,A,PU,Annual,Tonga,Gini index,Total,All age ranges or no breakdown by age,Total,0-100 scale,Not Applicable,Not Applicable,Not Applicable,Not Applicable,Index,Two,World Development Indicators (WDI),Annual,Units,Normal value,Public
datastructure,WB.DATA360:DS_DATA360(1.3),I,A,ALB,WB_WDI_SI_POV_GINI,_T,_T,_T,0_TO_100,_Z,_Z,_Z,2020,29.4,_Z,IX,2,WB_WDI,P1Y,0,A,PU,Annual,Albania,Gini index,Total,All age ranges or no breakdown by age,Total,0-100 scale,Not Applicable,Not Applicable,Not Applicable,Not Applicable,Index,Two,World Development Indicators (WDI),Annual,Units,Normal value,Public
datastructure,WB.DATA360:DS_DATA360(1.3),I,A,ARG,WB_WDI_SI_POV_GINI,_T,_T,_T,0_TO_100,_Z,_Z,_Z,2020,42.7,_Z,IX,2,WB_WDI,P1Y,0,A,PU,Annual,Argentina,Gini index,Total,All age ranges or no breakdown by age,Total,0-100 scale,Not Applicable,Not Applicable,Not Applicable,Not Applicable,Index,Two,World Development Indicators (WDI),Annual,Units,Normal value,Public
datastructure,WB.DATA360:DS_DATA360(1.3),I,A,TUR,WB_WDI_SI_POV_GINI,_T,_T,_T,0_TO_100,_Z,_Z,_Z,2009,39.0,_Z,IX,2,WB_WDI,P1Y,0,A,PU,Annual,Türkiye,Gini index,Total,All age ranges or no breakdown by age,Total,0-100 scale,Not Applicable,Not Applicable,Not Applicable,Not Applicable,Index,Two,World Development Indicators (WDI),Annual,Units,Normal value,Public
datastructure,WB.DATA360:DS_DATA360(1.3),I,A,UGA,WB_WDI_SI_POV_GINI,_T,_T,_T,0_TO_100,_Z,_Z,_Z,2009,44.2,_Z,IX,2,WB_WDI,P1Y,0,A,PU,Annual,Uganda,Gini index,Total,All age ranges or no breakdown by age,Total,0-100 scale,Not Applicable,Not Applicable,Not Applicable,Not Applicable,Index,Two,World Development Indicators (WDI),Annual,Units,Normal value,Public
datastructure,WB.DATA360:DS_DATA360(1.3),I,A,UKR,WB_WDI_SI_POV_GINI,_T,_T,_T,0_TO_100,_Z,_Z,_Z,2009,25.3,_Z,IX,2,WB_WDI,P1Y,0,A,PU,Annual,Ukraine,Gini index,Total,All age ranges or no breakdown by age,Total,0-100 scale,Not Applicable,Not Applicable,Not Applicable,Not Applicable,Index,Two,World Development Indicators (WDI),Annual,Units,Normal value,Public
datastructure,WB.DATA360:DS_DATA360(1.3),I,A,GBR,WB_WDI_SI_POV_GINI,_T,_T,_T,0_TO_100,_Z,_Z,_Z,2009,35.1,_Z,IX,2,WB_WDI,P1Y,0,A,PU,Annual,United Kingdom,Gini index,Total,All age ranges or no breakdown by age,Total,0-100 scale,Not Applicable,Not Applicable,Not Applicable,Not Applicable,Index,Two,World Development Indicators (WDI),Annual,Units,Normal value,Public
datastructure,WB.DATA360:DS_DATA360(1.3),I,A,USA,WB_WDI_SI_POV_GINI,_T,_T,_T,0_TO_100,_Z,_Z,_Z,2009,40.9,_Z,IX,2,WB_WDI,P1Y,0,A,PU,Annual,United States,Gini index,Total,All age ranges or no breakdown by age,Total,0-100 scale,Not Applicable,Not Applicable,Not Applicable,Not Applicable,Index,Two,World Development Indicators (WDI),Annual,Units,Normal value,Public
datastructure,WB.DATA360:DS_DATA360(1.3),I,A,URY,WB_WDI_SI_POV_GINI,_T,_T,_T,0_TO_100,_Z,_Z,_Z,2009,45.5,_Z,IX,2,WB_WDI,P1Y,0,A,PU,Annual,Uruguay,Gini index,Total,All age ranges or no breakdown by age,Total,0-100 scale,Not Applicable,Not Applicable,Not Applicable,Not Applicable,Index,Two,World Development Indicators (WDI),Annual,Units,Normal value,Public
datastructure,WB.DATA360:DS_DATA360(1.3),I,A,SRB,WB_WDI_SI_POV_GINI,_T,_T,_T,0_TO_100,_Z,_Z,_Z,2023,32.8,_Z,IX,2,WB_WDI,P1Y,0,A,PU,Annual,Serbia,Gini index,Total,All age ranges or no breakdown by age,Total,0-100 scale,Not Applicable,Not Applicable,Not Applicable,Not Applicable,Index,Two,World Development Indicators (WDI),Annual,Units,Normal value,Public
datastructure,WB.DATA360:DS_DATA360(1.3),I,A,SVK,WB_WDI_SI_POV_GINI,_T,_T,_T,0_TO_100,_Z,_Z,_Z,2023,23.8,_Z,IX,2,WB_WDI,P1Y,0,A,PU,Annual,Slovak Republic,Gini index,Total,All age ranges or no breakdown by age,Total,0-100 scale,Not Applicable,Not Applicable,Not Applicable,Not Applicable,Index,Two,World Development Indicators (WDI),Annual,Units,Normal value,Public
datastructure,WB.DATA360:DS_DATA360(1.3),I,A,SVN,WB_WDI_SI_POV_GINI,_T,_T,_T,0_TO_100,_Z,_Z,_Z,2023,24.7,_Z,IX,2,WB_WDI,P1Y,0,A,PU,Annual,Slovenia,Gini index,Total,All age ranges or no breakdown by age,Total,0-100 scale,Not Applicable,Not Applicable,Not Applicable,Not Applicable,Index,Two,World Development Indicators (WDI),Annual,Units,Normal value,Public
datastructure,WB.DATA360:DS_DATA360(1.3),I,A,ESP,WB_WDI_SI_POV_GINI,_T,_T,_T,0_TO_100,_Z,_Z,_Z,2023,33.4,_Z,IX,2,WB_WDI,P1Y,0,A,PU,Annual,Spain,Gini index,Total,All age ranges or no breakdown by age,Total,0-100 scale,Not Applicable,Not Applicable,Not Applicable,Not Applicable,Index,Two,World Development Indicators (WDI),Annual,Units,Normal value,Public
datastructure,WB.DATA360:DS_DATA360(1.3),I,A,SLV,WB_WDI_SI_POV_GINI,_T,_T,_T,0_TO_100,_Z,_Z,_Z,2008,46.9,_Z,IX,2,WB_WDI,P1Y,0,A,PU,Annual,El Salvador,Gini index,Total,All age ranges or no breakdown by age,Total,0-100 scale,Not Applicable,Not Applicable,Not Applicable,Not Applicable,Index,Two,World Development Indicators (WDI),Annual,Units,Normal value,Public
datastructure,WB.DATA360:DS_DATA360(1.3),I,A,EST,WB_WDI_SI_POV_GINI,_T,_T,_T,0_TO_100,_Z,_Z,_Z,2008,31.9,_Z,IX,2,WB_WDI,P1Y,0,A,PU,Annual,Estonia,Gini index,Total,All age ranges or no breakdown by age,Total,0-100 scale,Not Applicable,Not Applicable,Not Applicable,Not Applicable,Index,Two,World Development Indicators (WDI),Annual,Units,Normal value,Public
datastructure,WB.DATA360:DS_DATA360(1.3),I,A,FJI,WB_WDI_SI_POV_GINI,_T,_T,_T,0_TO_100,_Z,_Z,_Z,2008,40.4,_Z,IX,2,WB_WDI,P1Y,0,A,PU,Annual,Fiji,Gini index,Total,All age ranges or no breakdown by age,Total,0-100 scale,Not Applicable,Not Applicable,Not Applicable,Not Applicable,Index,Two,World Development Indicators (WDI),Annual,Units,Normal value,Public
datastructure,WB.DATA360:DS_DATA360(1.3),I,A,FIN,WB_WDI_SI_POV_GINI,_T,_T,_T,0_TO_100,_Z,_Z,_Z,2008,27.8,_Z,IX,2,WB_WDI,P1Y,0,A,PU,Annual,Finland,Gini index,Total,All age ranges or no breakdown by age,Total,0-100 scale,Not Applicable,Not Applicable,Not Applicable,Not Applicable,Index,Two,World Development Indicators (WDI),Annual,Units,Normal value,Public
datastructure,WB.DATA360:DS_DATA360(1.3),I,A,FRA,WB_WDI_SI_POV_GINI,_T,_T,_T,0_TO_100,_Z,_Z,_Z,2008,33.0,_Z,IX,2,WB_WDI,P1Y,0,A,PU,Annual,France,Gini index,Total,All age ranges or no breakdown by age,Total,0-100 scale,Not Applicable,Not Applicable,Not Applicable,Not Applicable,Index,Two,World Development Indicators (WDI),Annual,Units,Normal value,Public
datastructure,WB.DATA360:DS_DATA360(1.3),I,A,UKR,WB_WDI_SI_POV_GINI,_T,_T,_T,0_TO_100,_Z,_Z,_Z,2004,28.9,_Z,IX,2,WB_WDI,P1Y,0,A,PU,Annual,Ukraine,Gini index,Total,All age ranges or no breakdown by age,Total,0-100 scale,Not Applicable,Not Applicable,Not Applicable,Not Applicable,Index,Two,World Development Indicators (WDI),Annual,Units,Normal value,Public
datastructure,WB.DATA360:DS_DATA360(1.3),I,A,GBR,WB_WDI_SI_POV_GINI,_T,_T,_T,0_TO_100,_Z,_Z,_Z,2004,34.8,_Z,IX,2,WB_WDI,P1Y,0,A,PU,Annual,United Kingdom,Gini index,Total,All age ranges or no breakdown by age,Total,0-100 scale,Not Applicable,Not Applicable,Not Applicable,Not Applicable,Index,Two,World Development Indicators (WDI),Annual,Units,Normal value,Public
datastructure,WB.DATA360:DS_DATA360(1.3),I,A,USA,WB_WDI_SI_POV_GINI,_T,_T,_T,0_TO_100,_Z,_Z,_Z,2004,40.5,_Z,IX,2,WB_WDI,P1Y,0,A,PU,Annual,United States,Gini index,Total,All age ranges or no breakdown by age,Total,0-100 scale,Not Applicable,Not Applicable,Not Applicable,Not Applicable,Index,Two,World Development Indicators (WDI),Annual,Units,Normal value,Public
datastructure,WB.DATA360:DS_DATA360(1.3),I,A,URY,WB_WDI_SI_POV_GINI,_T,_T,_T,0_TO_100,_Z,_Z,_Z,2004,45.9,_Z,IX,2,WB_WDI,P1Y,0,A,PU,Annual,Uruguay,Gini index,Total,All age ranges or no breakdown by age,Total,0-100 scale,Not Applicable,Not Applicable,Not Applicable,Not Applicable,Index,Two,World Development Indicators (WDI),Annual,Units,Normal value,Public
datastructure,WB.DATA360:DS_DATA360(1.3),I,A,VEN,WB_WDI_SI_POV_GINI,_T,_T,_T,0_TO_100,_Z,_Z,_Z,2004,47.3,_Z,IX,2,WB_WDI,P1Y,0,A,PU,Annual,"Venezuela, RB",Gini index,Total,All age ranges or no breakdown by age,Total,0-100 scale,Not Applicable,Not Applicable,Not Applicable,Not Applicable,Index,Two,World Development Indicators (WDI),Annual,Units,Normal value,Public
datastructure,WB.DATA360:DS_DATA360(1.3),I,A,VNM,WB_WDI_SI_POV_GINI,_T,_T,_T,0_TO_100,_Z,_Z,_Z,2004,36.8,_Z,IX,2,WB_WDI,P1Y,0,A,PU,Annual,Vietnam,Gini index,Total,All age ranges or no breakdown by age,Total,0-100 scale,Not Applicable,Not Applicable,Not Applicable,Not Applicable,Index,Two,World Development Indicators (WDI),Annual,Units,Normal value,Public
datastructure,WB.DATA360:DS_DATA360(1.3),I,A,PSE,WB_WDI_SI_POV_GINI,_T,_T,_T,0_TO_100,_Z,_Z,_Z,2004,34.0,_Z,IX,2,WB_WDI,P1Y,0,A,PU,Annual,West Bank and Gaza,Gini index,Total,All age ranges or no breakdown by age,Total,0-100 scale,Not Applicable,Not Applicable,Not Applicable,Not Applicable,Index,Two,World Development Indicators (WDI),Annual,Units,Normal value,Public
datastructure,WB.DATA360:DS_DATA360(1.3),I,A,ZMB,WB_WDI_SI_POV_GINI,_T,_T,_T,0_TO_100,_Z,_Z,_Z,2004,54.3,_Z,IX,2,WB_WDI,P1Y,0,A,PU,Annual,Zambia,Gini index,Total,All age ranges or no breakdown by age,Total,0-100 scale,Not Applicable,Not Applicable,Not Applicable,Not Applicable,Index,Two,World Development Indicators (WDI),Annual,Units,Normal value,Public
datastructure,WB.DATA360:DS_DATA360(1.3),I,A,MLT,WB_WDI_SI_POV_GINI,_T,_T,_T,0_TO_100,_Z,_Z,_Z,2014,29.0,_Z,IX,2,WB_WDI,P1Y,0,A,PU,Annual,Malta,Gini index,Total,All age ranges or no breakdown by age,Total,0-100 scale,Not Applicable,Not Applicable,Not Applicable,Not Applicable,Index,Two,World Development Indicators (WDI),Annual,Units,Normal value,Public
datastructure,WB.DATA360:DS_DATA360(1.3),I,A,MRT,WB_WDI_SI_POV_GINI,_T,_T,_T,0_TO_100,_Z,_Z,_Z,2014,32.6,_Z,IX,2,WB_WDI,P1Y,0,A,PU,Annual,Mauritania,Gini index,Total,All age ranges or no breakdown by age,Total,0-100 scale,Not Applicable,Not Applicable,Not Applicable,Not Applicable,Index,Two,World Development Indicators (WDI),Annual,Units,Normal value,Public
datastructure,WB.DATA360:DS_DATA360(1.3),I,A,MEX,WB_WDI_SI_POV_GINI,_T,_T,_T,0_TO_100,_Z,_Z,_Z,2014,48.9,_Z,IX,2,WB_WDI,P1Y,0,A,PU,Annual,Mexico,Gini index,Total,All age ranges or no breakdown by age,Total,0-100 scale,Not Applicable,Not Applicable,Not Applicable,Not Applicable,Index,Two,World Development Indicators (WDI),Annual,Units,Normal value,Public
datastructure,WB.DATA360:DS_DATA360(1.3),I,A,MDA,WB_WDI_SI_POV_GINI,_T,_T,_T,0_TO_100,_Z,_Z,_Z,2014,26.8,_Z,IX,2,WB_WDI,P1Y,0,A,PU,Annual,Moldova,Gini index,Total,All age ranges or no breakdown by age,Total,0-100 scale,Not Applicable,Not Applicable,Not Applicable,Not Applicable,Index,Two,World Development Indicators (WDI),Annual,Units,Normal value,Public
datastructure,WB.DATA360:DS_DATA360(1.3),I,A,MNG,WB_WDI_SI_POV_GINI,_T,_T,_T,0_TO_100,_Z,_Z,_Z,2014,32.0,_Z,IX,2,WB_WDI,P1Y,0,A,PU,Annual,Mongolia,Gini index,Total,All age ranges or no breakdown by age,Total,0-100 scale,Not Applicable,Not Applicable,Not Applicable,Not Applicable,Index,Two,World Development Indicators (WDI),Annual,Units,Normal value,Public
datastructure,WB.DATA360:DS_DATA360(1.3),I,A,MNE,WB_WDI_SI_POV_GINI,_T,_T,_T,0_TO_100,_Z,_Z,_Z,2014,38.8,_Z,IX,2,WB_WDI,P1Y,0,A,PU,Annual,Montenegro,Gini index,Total,All age ranges or no breakdown by age,Total,0-100 scale,Not Applicable,Not Applicable,Not Applicable,Not Applicable,Index,Two,World Development Indicators (WDI),Annual,Units,Normal value,Public
datastructure,WB.DATA360:DS_DATA360(1.3),I,A,PAN,WB_WDI_SI_POV_GINI,_T,_T,_T,0_TO_100,_Z,_Z,_Z,2008,52.7,_Z,IX,2,WB_WDI,P1Y,0,A,PU,Annual,Panama,Gini index,Total,All age ranges or no breakdown by age,Total,0-100 scale,Not Applicable,Not Applicable,Not Applicable,Not Applicable,Index,Two,World Development Indicators (WDI),Annual,Units,Normal value,Public
datastructure,WB.DATA360:DS_DATA360(1.3),I,A,PRY,WB_WDI_SI_POV_GINI,_T,_T,_T,0_TO_100,_Z,_Z,_Z,2008,50.7,_Z,IX,2,WB_WDI,P1Y,0,A,PU,Annual,Paraguay,Gini index,Total,All age ranges or no breakdown by age,Total,0-100 scale,Not Applicable,Not Applicable,Not Applicable,Not Applicable,Index,Two,World Development Indicators (WDI),Annual,Units,Normal value,Public
datastructure,WB.DATA360:DS_DATA360(1.3),I,A,PER,WB_WDI_SI_POV_GINI,_T,_T,_T,0_TO_100,_Z,_Z,_Z,2008,47.5,_Z,IX,2,WB_WDI,P1Y,0,A,PU,Annual,Peru,Gini index,Total,All age ranges or no breakdown by age,Total,0-100 scale,Not Applicable,Not Applicable,Not Applicable,Not Applicable,Index,Two,World Development Indicators (WDI),Annual,Units,Normal value,Public
datastructure,WB.DATA360:DS_DATA360(1.3),I,A,POL,WB_WDI_SI_POV_GINI,_T,_T,_T,0_TO_100,_Z,_Z,_Z,2008,33.5,_Z,IX,2,WB_WDI,P1Y,0,A,PU,Annual,Poland,Gini index,Total,All age ranges or no breakdown by age,Total,0-100 scale,Not Applicable,Not Applicable,Not Applicable,Not Applicable,Index,Two,World Development Indicators (WDI),Annual,Units,Normal value,Public
datastructure,WB.DATA360:DS_DATA360(1.3),I,A,PRT,WB_WDI_SI_POV_GINI,_T,_T,_T,0_TO_100,_Z,_Z,_Z,2008,36.6,_Z,IX,2,WB_WDI,P1Y,0,A,PU,Annual,Portugal,Gini index,Total,All age ranges or no breakdown by age,Total,0-100 scale,Not Applicable,Not Applicable,Not Applicable,Not Applicable,Index,Two,World Development Indicators (WDI),Annual,Units,Normal value,Public
datastructure,WB.DATA360:DS_DATA360(1.3),I,A,GBR,WB_WDI_SI_POV_GINI,_T,_T,_T,0_TO_100,_Z,_Z,_Z,2021,32.4,_Z,IX,2,WB_WDI,P1Y,0,A,PU,Annual,United Kingdom,Gini index,Total,All age ranges or no breakdown by age,Total,0-100 scale,Not Applicable,Not Applicable,Not Applicable,Not Applicable,Index,Two,World Development Indicators (WDI),Annual,Units,Normal value,Public
datastructure,WB.DATA360:DS_DATA360(1.3),I,A,USA,WB_WDI_SI_POV_GINI,_T,_T,_T,0_TO_100,_Z,_Z,_Z,2021,39.7,_Z,IX,2,WB_WDI,P1Y,0,A,PU,Annual,United States,Gini index,Total,All age ranges or no breakdown by age,Total,0-100 scale,Not Applicable,Not Applicable,Not Applicable,Not Applicable,Index,Two,World Development Indicators (WDI),Annual,Units,Normal value,Public
datastructure,WB.DATA360:DS_DATA360(1.3),I,A,URY,WB_WDI_SI_POV_GINI,_T,_T,_T,0_TO_100,_Z,_Z,_Z,2021,40.8,_Z,IX,2,WB_WDI,P1Y,0,A,PU,Annual,Uruguay,Gini index,Total,All age ranges or no breakdown by age,Total,0-100 scale,Not Applicable,Not Applicable,Not Applicable,Not Applicable,Index,Two,World Development Indicators (WDI),Annual,Units,Normal value,Public
datastructure,WB.DATA360:DS_DATA360(1.3),I,A,UZB,WB_WDI_SI_POV_GINI,_T,_T,_T,0_TO_100,_Z,_Z,_Z,2021,32.9,_Z,IX,2,WB_WDI,P1Y,0,A,PU,Annual,Uzbekistan,Gini index,Total,All age ranges or no breakdown by age,Total,0-100 scale,Not Applicable,Not Applicable,Not Applicable,Not Applicable,Index,Two,World Development Indicators (WDI),Annual,Units,Normal value,Public
datastructure,WB.DATA360:DS_DATA360(1.3),I,A,ESP,WB_WDI_SI_POV_GINI,_T,_T,_T,0_TO_100,_Z,_Z,_Z,2011,35.7,_Z,IX,2,WB_WDI,P1Y,0,A,PU,Annual,Spain,Gini index,Total,All age ranges or no breakdown by age,Total,0-100 scale,Not Applicable,Not Applicable,Not Applicable,Not Applicable,Index,Two,World Development Indicators (WDI),Annual,Units,Normal value,Public
datastructure,WB.DATA360:DS_DATA360(1.3),I,A,SWE,WB_WDI_SI_POV_GINI,_T,_T,_T,0_TO_100,_Z,_Z,_Z,2011,27.6,_Z,IX,2,WB_WDI,P1Y,0,A,PU,Annual,Sweden,Gini index,Total,All age ranges or no breakdown by age,Total,0-100 scale,Not Applicable,Not Applicable,Not Applicable,Not Applicable,Index,Two,World Development Indicators (WDI),Annual,Units,Normal value,Public
datastructure,WB.DATA360:DS_DATA360(1.3),I,A,CHE,WB_WDI_SI_POV_GINI,_T,_T,_T,0_TO_100,_Z,_Z,_Z,2011,31.7,_Z,IX,2,WB_WDI,P1Y,0,A,PU,Annual,Switzerland,Gini index,Total,All age ranges or no breakdown by age,Total,0-100 scale,Not Applicable,Not Applicable,Not Applicable,Not Applicable,Index,Two,World Development Indicators (WDI),Annual,Units,Normal value,Public
datastructure,WB.DATA360:DS_DATA360(1.3),I,A,KAZ,WB_WDI_SI_POV_GINI,_T,_T,_T,0_TO_100,_Z,_Z,_Z,2003,33.7,_Z,IX,2,WB_WDI,P1Y,0,A,PU,Annual,Kazakhstan,Gini index,Total,All age ranges or no breakdown by age,Total,0-100 scale,Not Applicable,Not Applicable,Not Applicable,Not Applicable,Index,Two,World Development Indicators (WDI),Annual,Units,Normal value,Public
datastructure,WB.DATA360:DS_DATA360(1.3),I,A,XKX,WB_WDI_SI_POV_GINI,_T,_T,_T,0_TO_100,_Z,_Z,_Z,2003,29.0,_Z,IX,2,WB_WDI,P1Y,0,A,PU,Annual,Kosovo,Gini index,Total,All age ranges or no breakdown by age,Total,0-100 scale,Not Applicable,Not Applicable,Not Applicable,Not Applicable,Index,Two,World Development Indicators (WDI),Annual,Units,Normal value,Public
datastructure,WB.DATA360:DS_DATA360(1.3),I,A,KGZ,WB_WDI_SI_POV_GINI,_T,_T,_T,0_TO_100,_Z,_Z,_Z,2003,28.7,_Z,IX,2,WB_WDI,P1Y,0,A,PU,Annual,Kyrgyz Republic,Gini index,Total,All age ranges or no breakdown by age,Total,0-100 scale,Not Applicable,Not Applicable,Not Applicable,Not Applicable,Index,Two,World Development Indicators (WDI),Annual,Units,Normal value,Public
datastructure,WB.DATA360:DS_DATA360(1.3),I,A,LVA,WB_WDI_SI_POV_GINI,_T,_T,_T,0_TO_100,_Z,_Z,_Z,2003,36.5,_Z,IX,2,WB_WDI,P1Y,0,A,PU,Annual,Latvia,Gini index,Total,All age ranges or no breakdown by age,Total,0-100 scale,Not Applicable,Not Applicable,Not Applicable,Not Applicable,Index,Two,World Development Indicators (WDI),Annual,Units,Normal value,Public
datastructure,WB.DATA360:DS_DATA360(1.3),I,A,MKD,WB_WDI_SI_POV_GINI,_T,_T,_T,0_TO_100,_Z,_Z,_Z,2002,38.5,_Z,IX,2,WB_WDI,P1Y,0,A,PU,Annual,North Macedonia,Gini index,Total,All age ranges or no breakdown by age,Total,0-100 scale,Not Applicable,Not Applicable,Not Applicable,Not Applicable,Index,Two,World Development Indicators (WDI),Annual,Units,Normal value,Public
datastructure,WB.DATA360:DS_DATA360(1.3),I,A,PAN,WB_WDI_SI_POV_GINI,_T,_T,_T,0_TO_100,_Z,_Z,_Z,2002,56.1,_Z,IX,2,WB_WDI,P1Y,0,A,PU,Annual,Panama,Gini index,Total,All age ranges or no breakdown by age,Total,0-100 scale,Not Applicable,Not Applicable,Not Applicable,Not Applicable,Index,Two,World Development Indicators (WDI),Annual,Units,Normal value,Public
datastructure,WB.DATA360:DS_DATA360(1.3),I,A,PRY,WB_WDI_SI_POV_GINI,_T,_T,_T,0_TO_100,_Z,_Z,_Z,2002,57.3,_Z,IX,2,WB_WDI,P1Y,0,A,PU,Annual,Paraguay,Gini index,Total,All age ranges or no breakdown by age,Total,0-100 scale,Not Applicable,Not Applicable,Not Applicable,Not Applicable,Index,Two,World Development Indicators (WDI),Annual,Units,Normal value,Public
datastructure,WB.DATA360:DS_DATA360(1.3),I,A,TUR,WB_WDI_SI_POV_GINI,_T,_T,_T,0_TO_100,_Z,_Z,_Z,2003,42.2,_Z,IX,2,WB_WDI,P1Y,0,A,PU,Annual,Türkiye,Gini index,Total,All age ranges or no breakdown by age,Total,0-100 scale,Not Applicable,Not Applicable,Not Applicable,Not Applicable,Index,Two,World Development Indicators (WDI),Annual,Units,Normal value,Public
datastructure,WB.DATA360:DS_DATA360(1.3),I,A,UKR,WB_WDI_SI_POV_GINI,_T,_T,_T,0_TO_100,_Z,_Z,_Z,2003,28.7,_Z,IX,2,WB_WDI,P1Y,0,A,PU,Annual,Ukraine,Gini index,Total,All age ranges or no breakdown by age,Total,0-100 scale,Not Applicable,Not Applicable,Not Applicable,Not Applicable,Index,Two,World Development Indicators (WDI),Annual,Units,Normal value,Public
datastructure,WB.DATA360:DS_DATA360(1.3),I,A,GBR,WB_WDI_SI_POV_GINI,_T,_T,_T,0_TO_100,_Z,_Z,_Z,2003,34.9,_Z,IX,2,WB_WDI,P1Y,0,A,PU,Annual,United Kingdom,Gini index,Total,All age ranges or no breakdown by age,Total,0-100 scale,Not Applicable,Not Applicable,Not Applicable,Not Applicable,Index,Two,World Development Indicators (WDI),Annual,Units,Normal value,Public
datastructure,WB.DATA360:DS_DATA360(1.3),I,A,USA,WB_WDI_SI_POV_GINI,_T,_T,_T,0_TO_100,_Z,_Z,_Z,2003,40.8,_Z,IX,2,WB_WDI,P1Y,0,A,PU,Annual,United States,Gini index,Total,All age ranges or no breakdown by age,Total,0-100 scale,Not Applicable,Not Applicable,Not Applicable,Not Applicable,Index,Two,World Development Indicators (WDI),Annual,Units,Normal value,Public
datastructure,WB.DATA360:DS_DATA360(1.3),I,A,URY,WB_WDI_SI_POV_GINI,_T,_T,_T,0_TO_100,_Z,_Z,_Z,2003,45.0,_Z,IX,2,WB_WDI,P1Y,0,A,PU,Annual,Uruguay,Gini index,Total,All age ranges or no breakdown by age,Total,0-100 scale,Not Applicable,Not Applicable,Not Applicable,Not Applicable,Index,Two,World Development Indicators (WDI),Annual,Units,Normal value,Public
datastructure,WB.DATA360:DS_DATA360(1.3),I,A,LVA,WB_WDI_SI_POV_GINI,_T,_T,_T,0_TO_100,_Z,_Z,_Z,2023,34.0,_Z,IX,2,WB_WDI,P1Y,0,A,PU,Annual,Latvia,Gini index,Total,All age ranges or no breakdown by age,Total,0-100 scale,Not Applicable,Not Applicable,Not Applicable,Not Applicable,Index,Two,World Development Indicators (WDI),Annual,Units,Normal value,Public
datastructure,WB.DATA360:DS_DATA360(1.3),I,A,LTU,WB_WDI_SI_POV_GINI,_T,_T,_T,0_TO_100,_Z,_Z,_Z,2023,36.0,_Z,IX,2,WB_WDI,P1Y,0,A,PU,Annual,Lithuania,Gini index,Total,All age ranges or no breakdown by age,Total,0-100 scale,Not Applicable,Not Applicable,Not Applicable,Not Applicable,Index,Two,World Development Indicators (WDI),Annual,Units,Normal value,Public
datastructure,WB.DATA360:DS_DATA360(1.3),I,A,LUX,WB_WDI_SI_POV_GINI,_T,_T,_T,0_TO_100,_Z,_Z,_Z,2023,33.6,_Z,IX,2,WB_WDI,P1Y,0,A,PU,Annual,Luxembourg,Gini index,Total,All age ranges or no breakdown by age,Total,0-100 scale,Not Applicable,Not Applicable,Not Applicable,Not Applicable,Index,Two,World Development Indicators (WDI),Annual,Units,Normal value,Public
datastructure,WB.DATA360:DS_DATA360(1.3),I,A,MLT,WB_WDI_SI_POV_GINI,_T,_T,_T,0_TO_100,_Z,_Z,_Z,2023,31.8,_Z,IX,2,WB_WDI,P1Y,0,A,PU,Annual,Malta,Gini index,Total,All age ranges or no breakdown by age,Total,0-100 scale,Not Applicable,Not Applicable,Not Applicable,Not Applicable,Index,Two,World Development Indicators (WDI),Annual,Units,Normal value,Public
datastructure,WB.DATA360:DS_DATA360(1.3),I,A,MKD,WB_WDI_SI_POV_GINI,_T,_T,_T,0_TO_100,_Z,_Z,_Z,2000,34.3,_Z,IX,2,WB_WDI,P1Y,0,A,PU,Annual,North Macedonia,Gini index,Total,All age ranges or no breakdown by age,Total,0-100 scale,Not Applicable,Not Applicable,Not Applicable,Not Applicable,Index,Two,World Development Indicators (WDI),Annual,Units,Normal value,Public
datastructure,WB.DATA360:DS_DATA360(1.3),I,A,NOR,WB_WDI_SI_POV_GINI,_T,_T,_T,0_TO_100,_Z,_Z,_Z,2000,27.4,_Z,IX,2,WB_WDI,P1Y,0,A,PU,Annual,Norway,Gini index,Total,All age ranges or no breakdown by age,Total,0-100 scale,Not Applicable,Not Applicable,Not Applicable,Not Applicable,Index,Two,World Development Indicators (WDI),Annual,Units,Normal value,Public
datastructure,WB.DATA360:DS_DATA360(1.3),I,A,GRC,WB_WDI_SI_POV_GINI,_T,_T,_T,0_TO_100,_Z,_Z,_Z,2019,33.1,_Z,IX,2,WB_WDI,P1Y,0,A,PU,Annual,Greece,Gini index,Total,All age ranges or no breakdown by age,Total,0-100 scale,Not Applicable,Not Applicable,Not Applicable,Not Applicable,Index,Two,World Development Indicators (WDI),Annual,Units,Normal value,Public
datastructure,WB.DATA360:DS_DATA360(1.3),I,A,HND,WB_WDI_SI_POV_GINI,_T,_T,_T,0_TO_100,_Z,_Z,_Z,2019,48.2,_Z,IX,2,WB_WDI,P1Y,0,A,PU,Annual,Honduras,Gini index,Total,All age ranges or no breakdown by age,Total,0-100 scale,Not Applicable,Not Applicable,Not Applicable,Not Applicable,Index,Two,World Development Indicators (WDI),Annual,Units,Normal value,Public
datastructure,WB.DATA360:DS_DATA360(1.3),I,A,SEN,WB_WDI_SI_POV_GINI,_T,_T,_T,0_TO_100,_Z,_Z,_Z,2021,36.2,_Z,IX,2,WB_WDI,P1Y,0,A,PU,Annual,Senegal,Gini index,Total,All age ranges or no breakdown by age,Total,0-100 scale,Not Applicable,Not Applicable,Not Applicable,Not Applicable,Index,Two,World Development Indicators (WDI),Annual,Units,Normal value,Public
datastructure,WB.DATA360:DS_DATA360(1.3),I,A,SRB,WB_WDI_SI_POV_GINI,_T,_T,_T,0_TO_100,_Z,_Z,_Z,2021,33.1,_Z,IX,2,WB_WDI,P1Y,0,A,PU,Annual,Serbia,Gini index,Total,All age ranges or no breakdown by age,Total,0-100 scale,Not Applicable,Not Applicable,Not Applicable,Not Applicable,Index,Two,World Development Indicators (WDI),Annual,Units,Normal value,Public
datastructure,WB.DATA360:DS_DATA360(1.3),I,A,SVK,WB_WDI_SI_POV_GINI,_T,_T,_T,0_TO_100,_Z,_Z,_Z,2021,24.1,_Z,IX,2,WB_WDI,P1Y,0,A,PU,Annual,Slovak Republic,Gini index,Total,All age ranges or no breakdown by age,Total,0-100 scale,Not Applicable,Not Applicable,Not Applicable,Not Applicable,Index,Two,World Development Indicators (WDI),Annual,Units,Normal value,Public
datastructure,WB.DATA360:DS_DATA360(1.3),I,A,SVN,WB_WDI_SI_POV_GINI,_T,_T,_T,0_TO_100,_Z,_Z,_Z,2021,24.3,_Z,IX,2,WB_WDI,P1Y,0,A,PU,Annual,Slovenia,Gini index,Total,All age ranges or no breakdown by age,Total,0-100 scale,Not Applicable,Not Applicable,Not Applicable,Not Applicable,Index,Two,World Development Indicators (WDI),Annual,Units,Normal value,Public
datastructure,WB.DATA360:DS_DATA360(1.3),I,A,EST,WB_WDI_SI_POV_GINI,_T,_T,_T,0_TO_100,_Z,_Z,_Z,2009,31.4,_Z,IX,2,WB_WDI,P1Y,0,A,PU,Annual,Estonia,Gini index,Total,All age ranges or no breakdown by age,Total,0-100 scale,Not Applicable,Not Applicable,Not Applicable,Not Applicable,Index,Two,World Development Indicators (WDI),Annual,Units,Normal value,Public
datastructure,WB.DATA360:DS_DATA360(1.3),I,A,SWZ,WB_WDI_SI_POV_GINI,_T,_T,_T,0_TO_100,_Z,_Z,_Z,2009,51.4,_Z,IX,2,WB_WDI,P1Y,0,A,PU,Annual,Eswatini,Gini index,Total,All age ranges or no breakdown by age,Total,0-100 scale,Not Applicable,Not Applicable,Not Applicable,Not Applicable,Index,Two,World Development Indicators (WDI),Annual,Units,Normal value,Public
datastructure,WB.DATA360:DS_DATA360(1.3),I,A,FIN,WB_WDI_SI_POV_GINI,_T,_T,_T,0_TO_100,_Z,_Z,_Z,2009,27.5,_Z,IX,2,WB_WDI,P1Y,0,A,PU,Annual,Finland,Gini index,Total,All age ranges or no breakdown by age,Total,0-100 scale,Not Applicable,Not Applicable,Not Applicable,Not Applicable,Index,Two,World Development Indicators (WDI),Annual,Units,Normal value,Public
datastructure,WB.DATA360:DS_DATA360(1.3),I,A,FRA,WB_WDI_SI_POV_GINI,_T,_T,_T,0_TO_100,_Z,_Z,_Z,2009,32.7,_Z,IX,2,WB_WDI,P1Y,0,A,PU,Annual,France,Gini index,Total,All age ranges or no breakdown by age,Total,0-100 scale,Not Applicable,Not Applicable,Not Applicable,Not Applicable,Index,Two,World Development Indicators (WDI),Annual,Units,Normal value,Public
datastructure,WB.DATA360:DS_DATA360(1.3),I,A,GEO,WB_WDI_SI_POV_GINI,_T,_T,_T,0_TO_100,_Z,_Z,_Z,2009,38.2,_Z,IX,2,WB_WDI,P1Y,0,A,PU,Annual,Georgia,Gini index,Total,All age ranges or no breakdown by age,Total,0-100 scale,Not Applicable,Not Applicable,Not Applicable,Not Applicable,Index,Two,World Development Indicators (WDI),Annual,Units,Normal value,Public
datastructure,WB.DATA360:DS_DATA360(1.3),I,A,COM,WB_WDI_SI_POV_GINI,_T,_T,_T,0_TO_100,_Z,_Z,_Z,2020,34.2,_Z,IX,2,WB_WDI,P1Y,0,A,PU,Annual,Comoros,Gini index,Total,All age ranges or no breakdown by age,Total,0-100 scale,Not Applicable,Not Applicable,Not Applicable,Not Applicable,Index,Two,World Development Indicators (WDI),Annual,Units,Normal value,Public
datastructure,WB.DATA360:DS_DATA360(1.3),I,A,COD,WB_WDI_SI_POV_GINI,_T,_T,_T,0_TO_100,_Z,_Z,_Z,2020,44.7,_Z,IX,2,WB_WDI,P1Y,0,A,PU,Annual,"Congo, Dem. Rep.",Gini index,Total,All age ranges or no breakdown by age,Total,0-100 scale,Not Applicable,Not Applicable,Not Applicable,Not Applicable,Index,Two,World Development Indicators (WDI),Annual,Units,Normal value,Public
datastructure,WB.DATA360:DS_DATA360(1.3),I,A,CRI,WB_WDI_SI_POV_GINI,_T,_T,_T,0_TO_100,_Z,_Z,_Z,2020,49.2,_Z,IX,2,WB_WDI,P1Y,0,A,PU,Annual,Costa Rica,Gini index,Total,All age ranges or no breakdown by age,Total,0-100 scale,Not Applicable,Not Applicable,Not Applicable,Not Applicable,Index,Two,World Development Indicators (WDI),Annual,Units,Normal value,Public
datastructure,WB.DATA360:DS_DATA360(1.3),I,A,HRV,WB_WDI_SI_POV_GINI,_T,_T,_T,0_TO_100,_Z,_Z,_Z,2020,29.5,_Z,IX,2,WB_WDI,P1Y,0,A,PU,Annual,Croatia,Gini index,Total,All age ranges or no breakdown by age,Total,0-100 scale,Not Applicable,Not Applicable,Not Applicable,Not Applicable,Index,Two,World Development Indicators (WDI),Annual,Units,Normal value,Public
datastructure,WB.DATA360:DS_DATA360(1.3),I,A,CYP,WB_WDI_SI_POV_GINI,_T,_T,_T,0_TO_100,_Z,_Z,_Z,2020,31.7,_Z,IX,2,WB_WDI,P1Y,0,A,PU,Annual,Cyprus,Gini index,Total,All age ranges or no breakdown by age,Total,0-100 scale,Not Applicable,Not Applicable,Not Applicable,Not Applicable,Index,Two,World Development Indicators (WDI),Annual,Units,Normal value,Public
datastructure,WB.DATA360:DS_DATA360(1.3),I,A,CZE,WB_WDI_SI_POV_GINI,_T,_T,_T,0_TO_100,_Z,_Z,_Z,2020,26.2,_Z,IX,2,WB_WDI,P1Y,0,A,PU,Annual,Czechia,Gini index,Total,All age ranges or no breakdown by age,Total,0-100 scale,Not Applicable,Not Applicable,Not Applicable,Not Applicable,Index,Two,World Development Indicators (WDI),Annual,Units,Normal value,Public
datastructure,WB.DATA360:DS_DATA360(1.3),I,A,DNK,WB_WDI_SI_POV_GINI,_T,_T,_T,0_TO_100,_Z,_Z,_Z,2020,27.5,_Z,IX,2,WB_WDI,P1Y,0,A,PU,Annual,Denmark,Gini index,Total,All age ranges or no breakdown by age,Total,0-100 scale,Not Applicable,Not Applicable,Not Applicable,Not Applicable,Index,Two,World Development Indicators (WDI),Annual,Units,Normal value,Public
datastructure,WB.DATA360:DS_DATA360(1.3),I,A,SEN,WB_WDI_SI_POV_GINI,_T,_T,_T,0_TO_100,_Z,_Z,_Z,2001,41.2,_Z,IX,2,WB_WDI,P1Y,0,A,PU,Annual,Senegal,Gini index,Total,All age ranges or no breakdown by age,Total,0-100 scale,Not Applicable,Not Applicable,Not Applicable,Not Applicable,Index,Two,World Development Indicators (WDI),Annual,Units,Normal value,Public
datastructure,WB.DATA360:DS_DATA360(1.3),I,A,PER,WB_WDI_SI_POV_GINI,_T,_T,_T,0_TO_100,_Z,_Z,_Z,2006,50.3,_Z,IX,2,WB_WDI,P1Y,0,A,PU,Annual,Peru,Gini index,Total,All age ranges or no breakdown by age,Total,0-100 scale,Not Applicable,Not Applicable,Not Applicable,Not Applicable,Index,Two,World Development Indicators (WDI),Annual,Units,Normal value,Public
datastructure,WB.DATA360:DS_DATA360(1.3),I,A,PHL,WB_WDI_SI_POV_GINI,_T,_T,_T,0_TO_100,_Z,_Z,_Z,2006,47.2,_Z,IX,2,WB_WDI,P1Y,0,A,PU,Annual,Philippines,Gini index,Total,All age ranges or no breakdown by age,Total,0-100 scale,Not Applicable,Not Applicable,Not Applicable,Not Applicable,Index,Two,World Development Indicators (WDI),Annual,Units,Normal value,Public
datastructure,WB.DATA360:DS_DATA360(1.3),I,A,POL,WB_WDI_SI_POV_GINI,_T,_T,_T,0_TO_100,_Z,_Z,_Z,2006,34.7,_Z,IX,2,WB_WDI,P1Y,0,A,PU,Annual,Poland,Gini index,Total,All age ranges or no breakdown by age,Total,0-100 scale,Not Applicable,Not Applicable,Not Applicable,Not Applicable,Index,Two,World Development Indicators (WDI),Annual,Units,Normal value,Public
datastructure,WB.DATA360:DS_DATA360(1.3),I,A,PRT,WB_WDI_SI_POV_GINI,_T,_T,_T,0_TO_100,_Z,_Z,_Z,2006,38.1,_Z,IX,2,WB_WDI,P1Y,0,A,PU,Annual,Portugal,Gini index,Total,All age ranges or no breakdown by age,Total,0-100 scale,Not Applicable,Not Applicable,Not Applicable,Not Applicable,Index,Two,World Development Indicators (WDI),Annual,Units,Normal value,Public
datastructure,WB.DATA360:DS_DATA360(1.3),I,A,ROU,WB_WDI_SI_POV_GINI,_T,_T,_T,0_TO_100,_Z,_Z,_Z,2006,39.6,_Z,IX,2,WB_WDI,P1Y,0,A,PU,Annual,Romania,Gini index,Total,All age ranges or no breakdown by age,Total,0-100 scale,Not Applicable,Not Applicable,Not Applicable,Not Applicable,Index,Two,World Development Indicators (WDI),Annual,Units,Normal value,Public
datastructure,WB.DATA360:DS_DATA360(1.3),I,A,RUS,WB_WDI_SI_POV_GINI,_T,_T,_T,0_TO_100,_Z,_Z,_Z,2006,41.0,_Z,IX,2,WB_WDI,P1Y,0,A,PU,Annual,Russian Federation,Gini index,Total,All age ranges or no breakdown by age,Total,0-100 scale,Not Applicable,Not Applicable,Not Applicable,Not Applicable,Index,Two,World Development Indicators (WDI),Annual,Units,Normal value,Public
datastructure,WB.DATA360:DS_DATA360(1.3),I,A,MDA,WB_WDI_SI_POV_GINI,_T,_T,_T,0_TO_100,_Z,_Z,_Z,2003,34.9,_Z,IX,2,WB_WDI,P1Y,0,A,PU,Annual,Moldova,Gini index,Total,All age ranges or no breakdown by age,Total,0-100 scale,Not Applicable,Not Applicable,Not Applicable,Not Applicable,Index,Two,World Development Indicators (WDI),Annual,Units,Normal value,Public
datastructure,WB.DATA360:DS_DATA360(1.3),I,A,NAM,WB_WDI_SI_POV_GINI,_T,_T,_T,0_TO_100,_Z,_Z,_Z,2003,63.3,_Z,IX,2,WB_WDI,P1Y,0,A,PU,Annual,Namibia,Gini index,Total,All age ranges or no breakdown by age,Total,0-100 scale,Not Applicable,Not Applicable,Not Applicable,Not Applicable,Index,Two,World Development Indicators (WDI),Annual,Units,Normal value,Public
datastructure,WB.DATA360:DS_DATA360(1.3),I,A,NPL,WB_WDI_SI_POV_GINI,_T,_T,_T,0_TO_100,_Z,_Z,_Z,2003,43.8,_Z,IX,2,WB_WDI,P1Y,0,A,PU,Annual,Nepal,Gini index,Total,All age ranges or no breakdown by age,Total,0-100 scale,Not Applicable,Not Applicable,Not Applicable,Not Applicable,Index,Two,World Development Indicators (WDI),Annual,Units,Normal value,Public
datastructure,WB.DATA360:DS_DATA360(1.3),I,A,LUX,WB_WDI_SI_POV_GINI,_T,_T,_T,0_TO_100,_Z,_Z,_Z,2006,30.9,_Z,IX,2,WB_WDI,P1Y,0,A,PU,Annual,Luxembourg,Gini index,Total,All age ranges or no breakdown by age,Total,0-100 scale,Not Applicable,Not Applicable,Not Applicable,Not Applicable,Index,Two,World Development Indicators (WDI),Annual,Units,Normal value,Public
datastructure,WB.DATA360:DS_DATA360(1.3),I,A,MYS,WB_WDI_SI_POV_GINI,_T,_T,_T,0_TO_100,_Z,_Z,_Z,2006,44.8,_Z,IX,2,WB_WDI,P1Y,0,A,PU,Annual,Malaysia,Gini index,Total,All age ranges or no breakdown by age,Total,0-100 scale,Not Applicable,Not Applicable,Not Applicable,Not Applicable,Index,Two,World Development Indicators (WDI),Annual,Units,Normal value,Public
datastructure,WB.DATA360:DS_DATA360(1.3),I,A,MLI,WB_WDI_SI_POV_GINI,_T,_T,_T,0_TO_100,_Z,_Z,_Z,2006,38.9,_Z,IX,2,WB_WDI,P1Y,0,A,PU,Annual,Mali,Gini index,Total,All age ranges or no breakdown by age,Total,0-100 scale,Not Applicable,Not Applicable,Not Applicable,Not Applicable,Index,Two,World Development Indicators (WDI),Annual,Units,Normal value,Public
datastructure,WB.DATA360:DS_DATA360(1.3),I,A,MLT,WB_WDI_SI_POV_GINI,_T,_T,_T,0_TO_100,_Z,_Z,_Z,2006,28.0,_Z,IX,2,WB_WDI,P1Y,0,A,PU,Annual,Malta,Gini index,Total,All age ranges or no breakdown by age,Total,0-100 scale,Not Applicable,Not Applicable,Not Applicable,Not Applicable,Index,Two,World Development Indicators (WDI),Annual,Units,Normal value,Public
datastructure,WB.DATA360:DS_DATA360(1.3),I,A,MUS,WB_WDI_SI_POV_GINI,_T,_T,_T,0_TO_100,_Z,_Z,_Z,2006,35.7,_Z,IX,2,WB_WDI,P1Y,0,A,PU,Annual,Mauritius,Gini index,Total,All age ranges or no breakdown by age,Total,0-100 scale,Not Applicable,Not Applicable,Not Applicable,Not Applicable,Index,Two,World Development Indicators (WDI),Annual,Units,Normal value,Public
datastructure,WB.DATA360:DS_DATA360(1.3),I,A,MEX,WB_WDI_SI_POV_GINI,_T,_T,_T,0_TO_100,_Z,_Z,_Z,2006,49.7,_Z,IX,2,WB_WDI,P1Y,0,A,PU,Annual,Mexico,Gini index,Total,All age ranges or no breakdown by age,Total,0-100 scale,Not Applicable,Not Applicable,Not Applicable,Not Applicable,Index,Two,World Development Indicators (WDI),Annual,Units,Normal value,Public
datastructure,WB.DATA360:DS_DATA360(1.3),I,A,GMB,WB_WDI_SI_POV_GINI,_T,_T,_T,0_TO_100,_Z,_Z,_Z,2003,47.3,_Z,IX,2,WB_WDI,P1Y,0,A,PU,Annual,"Gambia, The",Gini index,Total,All age ranges or no breakdown by age,Total,0-100 scale,Not Applicable,Not Applicable,Not Applicable,Not Applicable,Index,Two,World Development Indicators (WDI),Annual,Units,Normal value,Public
datastructure,WB.DATA360:DS_DATA360(1.3),I,A,GEO,WB_WDI_SI_POV_GINI,_T,_T,_T,0_TO_100,_Z,_Z,_Z,2003,36.6,_Z,IX,2,WB_WDI,P1Y,0,A,PU,Annual,Georgia,Gini index,Total,All age ranges or no breakdown by age,Total,0-100 scale,Not Applicable,Not Applicable,Not Applicable,Not Applicable,Index,Two,World Development Indicators (WDI),Annual,Units,Normal value,Public
datastructure,WB.DATA360:DS_DATA360(1.3),I,A,DEU,WB_WDI_SI_POV_GINI,_T,_T,_T,0_TO_100,_Z,_Z,_Z,2003,29.9,_Z,IX,2,WB_WDI,P1Y,0,A,PU,Annual,Germany,Gini index,Total,All age ranges or no breakdown by age,Total,0-100 scale,Not Applicable,Not Applicable,Not Applicable,Not Applicable,Index,Two,World Development Indicators (WDI),Annual,Units,Normal value,Public
datastructure,WB.DATA360:DS_DATA360(1.3),I,A,GRC,WB_WDI_SI_POV_GINI,_T,_T,_T,0_TO_100,_Z,_Z,_Z,2003,32.8,_Z,IX,2,WB_WDI,P1Y,0,A,PU,Annual,Greece,Gini index,Total,All age ranges or no breakdown by age,Total,0-100 scale,Not Applicable,Not Applicable,Not Applicable,Not Applicable,Index,Two,World Development Indicators (WDI),Annual,Units,Normal value,Public
datastructure,WB.DATA360:DS_DATA360(1.3),I,A,LKA,WB_WDI_SI_POV_GINI,_T,_T,_T,0_TO_100,_Z,_Z,_Z,2016,39.3,_Z,IX,2,WB_WDI,P1Y,0,A,PU,Annual,Sri Lanka,Gini index,Total,All age ranges or no breakdown by age,Total,0-100 scale,Not Applicable,Not Applicable,Not Applicable,Not Applicable,Index,Two,World Development Indicators (WDI),Annual,Units,Normal value,Public
datastructure,WB.DATA360:DS_DATA360(1.3),I,A,SWE,WB_WDI_SI_POV_GINI,_T,_T,_T,0_TO_100,_Z,_Z,_Z,2016,29.6,_Z,IX,2,WB_WDI,P1Y,0,A,PU,Annual,Sweden,Gini index,Total,All age ranges or no breakdown by age,Total,0-100 scale,Not Applicable,Not Applicable,Not Applicable,Not Applicable,Index,Two,World Development Indicators (WDI),Annual,Units,Normal value,Public
datastructure,WB.DATA360:DS_DATA360(1.3),I,A,CHE,WB_WDI_SI_POV_GINI,_T,_T,_T,0_TO_100,_Z,_Z,_Z,2016,33.0,_Z,IX,2,WB_WDI,P1Y,0,A,PU,Annual,Switzerland,Gini index,Total,All age ranges or no breakdown by age,Total,0-100 scale,Not Applicable,Not Applicable,Not Applicable,Not Applicable,Index,Two,World Development Indicators (WDI),Annual,Units,Normal value,Public
datastructure,WB.DATA360:DS_DATA360(1.3),I,A,CHE,WB_WDI_SI_POV_GINI,_T,_T,_T,0_TO_100,_Z,_Z,_Z,2010,32.6,_Z,IX,2,WB_WDI,P1Y,0,A,PU,Annual,Switzerland,Gini index,Total,All age ranges or no breakdown by age,Total,0-100 scale,Not Applicable,Not Applicable,Not Applicable,Not Applicable,Index,Two,World Development Indicators (WDI),Annual,Units,Normal value,Public
datastructure,WB.DATA360:DS_DATA360(1.3),I,A,THA,WB_WDI_SI_POV_GINI,_T,_T,_T,0_TO_100,_Z,_Z,_Z,2010,39.4,_Z,IX,2,WB_WDI,P1Y,0,A,PU,Annual,Thailand,Gini index,Total,All age ranges or no breakdown by age,Total,0-100 scale,Not Applicable,Not Applicable,Not Applicable,Not Applicable,Index,Two,World Development Indicators (WDI),Annual,Units,Normal value,Public
datastructure,WB.DATA360:DS_DATA360(1.3),I,A,TUN,WB_WDI_SI_POV_GINI,_T,_T,_T,0_TO_100,_Z,_Z,_Z,2010,38.5,_Z,IX,2,WB_WDI,P1Y,0,A,PU,Annual,Tunisia,Gini index,Total,All age ranges or no breakdown by age,Total,0-100 scale,Not Applicable,Not Applicable,Not Applicable,Not Applicable,Index,Two,World Development Indicators (WDI),Annual,Units,Normal value,Public
datastructure,WB.DATA360:DS_DATA360(1.3),I,A,ARG,WB_WDI_SI_POV_GINI,_T,_T,_T,0_TO_100,_Z,_Z,_Z,2003,51.0,_Z,IX,2,WB_WDI,P1Y,0,A,PU,Annual,Argentina,Gini index,Total,All age ranges or no breakdown by age,Total,0-100 scale,Not Applicable,Not Applicable,Not Applicable,Not Applicable,Index,Two,World Development Indicators (WDI),Annual,Units,Normal value,Public
datastructure,WB.DATA360:DS_DATA360(1.3),I,A,ARM,WB_WDI_SI_POV_GINI,_T,_T,_T,0_TO_100,_Z,_Z,_Z,2003,33.0,_Z,IX,2,WB_WDI,P1Y,0,A,PU,Annual,Armenia,Gini index,Total,All age ranges or no breakdown by age,Total,0-100 scale,Not Applicable,Not Applicable,Not Applicable,Not Applicable,Index,Two,World Development Indicators (WDI),Annual,Units,Normal value,Public
datastructure,WB.DATA360:DS_DATA360(1.3),I,A,AUS,WB_WDI_SI_POV_GINI,_T,_T,_T,0_TO_100,_Z,_Z,_Z,2003,33.5,_Z,IX,2,WB_WDI,P1Y,0,A,PU,Annual,Australia,Gini index,Total,All age ranges or no breakdown by age,Total,0-100 scale,Not Applicable,Not Applicable,Not Applicable,Not Applicable,Index,Two,World Development Indicators (WDI),Annual,Units,Normal value,Public
datastructure,WB.DATA360:DS_DATA360(1.3),I,A,AUT,WB_WDI_SI_POV_GINI,_T,_T,_T,0_TO_100,_Z,_Z,_Z,2003,29.5,_Z,IX,2,WB_WDI,P1Y,0,A,PU,Annual,Austria,Gini index,Total,All age ranges or no breakdown by age,Total,0-100 scale,Not Applicable,Not Applicable,Not Applicable,Not Applicable,Index,Two,World Development Indicators (WDI),Annual,Units,Normal value,Public
datastructure,WB.DATA360:DS_DATA360(1.3),I,A,AZE,WB_WDI_SI_POV_GINI,_T,_T,_T,0_TO_100,_Z,_Z,_Z,2003,26.8,_Z,IX,2,WB_WDI,P1Y,0,A,PU,Annual,Azerbaijan,Gini index,Total,All age ranges or no breakdown by age,Total,0-100 scale,Not Applicable,Not Applicable,Not Applicable,Not Applicable,Index,Two,World Development Indicators (WDI),Annual,Units,Normal value,Public
datastructure,WB.DATA360:DS_DATA360(1.3),I,A,FRA,WB_WDI_SI_POV_GINI,_T,_T,_T,0_TO_100,_Z,_Z,_Z,2010,33.7,_Z,IX,2,WB_WDI,P1Y,0,A,PU,Annual,France,Gini index,Total,All age ranges or no breakdown by age,Total,0-100 scale,Not Applicable,Not Applicable,Not Applicable,Not Applicable,Index,Two,World Development Indicators (WDI),Annual,Units,Normal value,Public
datastructure,WB.DATA360:DS_DATA360(1.3),I,A,GMB,WB_WDI_SI_POV_GINI,_T,_T,_T,0_TO_100,_Z,_Z,_Z,2010,43.6,_Z,IX,2,WB_WDI,P1Y,0,A,PU,Annual,"Gambia, The",Gini index,Total,All age ranges or no breakdown by age,Total,0-100 scale,Not Applicable,Not Applicable,Not Applicable,Not Applicable,Index,Two,World Development Indicators (WDI),Annual,Units,Normal value,Public
datastructure,WB.DATA360:DS_DATA360(1.3),I,A,GEO,WB_WDI_SI_POV_GINI,_T,_T,_T,0_TO_100,_Z,_Z,_Z,2010,39.5,_Z,IX,2,WB_WDI,P1Y,0,A,PU,Annual,Georgia,Gini index,Total,All age ranges or no breakdown by age,Total,0-100 scale,Not Applicable,Not Applicable,Not Applicable,Not Applicable,Index,Two,World Development Indicators (WDI),Annual,Units,Normal value,Public
datastructure,WB.DATA360:DS_DATA360(1.3),I,A,DEU,WB_WDI_SI_POV_GINI,_T,_T,_T,0_TO_100,_Z,_Z,_Z,2010,30.2,_Z,IX,2,WB_WDI,P1Y,0,A,PU,Annual,Germany,Gini index,Total,All age ranges or no breakdown by age,Total,0-100 scale,Not Applicable,Not Applicable,Not Applicable,Not Applicable,Index,Two,World Development Indicators (WDI),Annual,Units,Normal value,Public
datastructure,WB.DATA360:DS_DATA360(1.3),I,A,GRC,WB_WDI_SI_POV_GINI,_T,_T,_T,0_TO_100,_Z,_Z,_Z,2010,34.1,_Z,IX,2,WB_WDI,P1Y,0,A,PU,Annual,Greece,Gini index,Total,All age ranges or no breakdown by age,Total,0-100 scale,Not Applicable,Not Applicable,Not Applicable,Not Applicable,Index,Two,World Development Indicators (WDI),Annual,Units,Normal value,Public
datastructure,WB.DATA360:DS_DATA360(1.3),I,A,BOL,WB_WDI_SI_POV_GINI,_T,_T,_T,0_TO_100,_Z,_Z,_Z,2002,59.3,_Z,IX,2,WB_WDI,P1Y,0,A,PU,Annual,Bolivia,Gini index,Total,All age ranges or no breakdown by age,Total,0-100 scale,Not Applicable,Not Applicable,Not Applicable,Not Applicable,Index,Two,World Development Indicators (WDI),Annual,Units,Normal value,Public
datastructure,WB.DATA360:DS_DATA360(1.3),I,A,BWA,WB_WDI_SI_POV_GINI,_T,_T,_T,0_TO_100,_Z,_Z,_Z,2002,61.5,_Z,IX,2,WB_WDI,P1Y,0,A,PU,Annual,Botswana,Gini index,Total,All age ranges or no breakdown by age,Total,0-100 scale,Not Applicable,Not Applicable,Not Applicable,Not Applicable,Index,Two,World Development Indicators (WDI),Annual,Units,Normal value,Public
datastructure,WB.DATA360:DS_DATA360(1.3),I,A,BRA,WB_WDI_SI_POV_GINI,_T,_T,_T,0_TO_100,_Z,_Z,_Z,2002,58.1,_Z,IX,2,WB_WDI,P1Y,0,A,PU,Annual,Brazil,Gini index,Total,All age ranges or no breakdown by age,Total,0-100 scale,Not Applicable,Not Applicable,Not Applicable,Not Applicable,Index,Two,World Development Indicators (WDI),Annual,Units,Normal value,Public
datastructure,WB.DATA360:DS_DATA360(1.3),I,A,UKR,WB_WDI_SI_POV_GINI,_T,_T,_T,0_TO_100,_Z,_Z,_Z,2018,26.1,_Z,IX,2,WB_WDI,P1Y,0,A,PU,Annual,Ukraine,Gini index,Total,All age ranges or no breakdown by age,Total,0-100 scale,Not Applicable,Not Applicable,Not Applicable,Not Applicable,Index,Two,World Development Indicators (WDI),Annual,Units,Normal value,Public
datastructure,WB.DATA360:DS_DATA360(1.3),I,A,ARE,WB_WDI_SI_POV_GINI,_T,_T,_T,0_TO_100,_Z,_Z,_Z,2018,26.4,_Z,IX,2,WB_WDI,P1Y,0,A,PU,Annual,United Arab Emirates,Gini index,Total,All age ranges or no breakdown by age,Total,0-100 scale,Not Applicable,Not Applicable,Not Applicable,Not Applicable,Index,Two,World Development Indicators (WDI),Annual,Units,Normal value,Public
datastructure,WB.DATA360:DS_DATA360(1.3),I,A,GBR,WB_WDI_SI_POV_GINI,_T,_T,_T,0_TO_100,_Z,_Z,_Z,2018,33.7,_Z,IX,2,WB_WDI,P1Y,0,A,PU,Annual,United Kingdom,Gini index,Total,All age ranges or no breakdown by age,Total,0-100 scale,Not Applicable,Not Applicable,Not Applicable,Not Applicable,Index,Two,World Development Indicators (WDI),Annual,Units,Normal value,Public
datastructure,WB.DATA360:DS_DATA360(1.3),I,A,USA,WB_WDI_SI_POV_GINI,_T,_T,_T,0_TO_100,_Z,_Z,_Z,2018,41.8,_Z,IX,2,WB_WDI,P1Y,0,A,PU,Annual,United States,Gini index,Total,All age ranges or no breakdown by age,Total,0-100 scale,Not Applicable,Not Applicable,Not Applicable,Not Applicable,Index,Two,World Development Indicators (WDI),Annual,Units,Normal value,Public
datastructure,WB.DATA360:DS_DATA360(1.3),I,A,URY,WB_WDI_SI_POV_GINI,_T,_T,_T,0_TO_100,_Z,_Z,_Z,2018,39.7,_Z,IX,2,WB_WDI,P1Y,0,A,PU,Annual,Uruguay,Gini index,Total,All age ranges or no breakdown by age,Total,0-100 scale,Not Applicable,Not Applicable,Not Applicable,Not Applicable,Index,Two,World Development Indicators (WDI),Annual,Units,Normal value,Public
datastructure,WB.DATA360:DS_DATA360(1.3),I,A,VNM,WB_WDI_SI_POV_GINI,_T,_T,_T,0_TO_100,_Z,_Z,_Z,2018,35.7,_Z,IX,2,WB_WDI,P1Y,0,A,PU,Annual,Vietnam,Gini index,Total,All age ranges or no breakdown by age,Total,0-100 scale,Not Applicable,Not Applicable,Not Applicable,Not Applicable,Index,Two,World Development Indicators (WDI),Annual,Units,Normal value,Public
datastructure,WB.DATA360:DS_DATA360(1.3),I,A,MLT,WB_WDI_SI_POV_GINI,_T,_T,_T,0_TO_100,_Z,_Z,_Z,2008,29.0,_Z,IX,2,WB_WDI,P1Y,0,A,PU,Annual,Malta,Gini index,Total,All age ranges or no breakdown by age,Total,0-100 scale,Not Applicable,Not Applicable,Not Applicable,Not Applicable,Index,Two,World Development Indicators (WDI),Annual,Units,Normal value,Public
datastructure,WB.DATA360:DS_DATA360(1.3),I,A,MRT,WB_WDI_SI_POV_GINI,_T,_T,_T,0_TO_100,_Z,_Z,_Z,2008,35.7,_Z,IX,2,WB_WDI,P1Y,0,A,PU,Annual,Mauritania,Gini index,Total,All age ranges or no breakdown by age,Total,0-100 scale,Not Applicable,Not Applicable,Not Applicable,Not Applicable,Index,Two,World Development Indicators (WDI),Annual,Units,Normal value,Public
datastructure,WB.DATA360:DS_DATA360(1.3),I,A,MEX,WB_WDI_SI_POV_GINI,_T,_T,_T,0_TO_100,_Z,_Z,_Z,2008,50.8,_Z,IX,2,WB_WDI,P1Y,0,A,PU,Annual,Mexico,Gini index,Total,All age ranges or no breakdown by age,Total,0-100 scale,Not Applicable,Not Applicable,Not Applicable,Not Applicable,Index,Two,World Development Indicators (WDI),Annual,Units,Normal value,Public
datastructure,WB.DATA360:DS_DATA360(1.3),I,A,MDA,WB_WDI_SI_POV_GINI,_T,_T,_T,0_TO_100,_Z,_Z,_Z,2008,34.7,_Z,IX,2,WB_WDI,P1Y,0,A,PU,Annual,Moldova,Gini index,Total,All age ranges or no breakdown by age,Total,0-100 scale,Not Applicable,Not Applicable,Not Applicable,Not Applicable,Index,Two,World Development Indicators (WDI),Annual,Units,Normal value,Public
datastructure,WB.DATA360:DS_DATA360(1.3),I,A,MNE,WB_WDI_SI_POV_GINI,_T,_T,_T,0_TO_100,_Z,_Z,_Z,2008,30.5,_Z,IX,2,WB_WDI,P1Y,0,A,PU,Annual,Montenegro,Gini index,Total,All age ranges or no breakdown by age,Total,0-100 scale,Not Applicable,Not Applicable,Not Applicable,Not Applicable,Index,Two,World Development Indicators (WDI),Annual,Units,Normal value,Public
datastructure,WB.DATA360:DS_DATA360(1.3),I,A,MOZ,WB_WDI_SI_POV_GINI,_T,_T,_T,0_TO_100,_Z,_Z,_Z,2008,45.5,_Z,IX,2,WB_WDI,P1Y,0,A,PU,Annual,Mozambique,Gini index,Total,All age ranges or no breakdown by age,Total,0-100 scale,Not Applicable,Not Applicable,Not Applicable,Not Applicable,Index,Two,World Development Indicators (WDI),Annual,Units,Normal value,Public
datastructure,WB.DATA360:DS_DATA360(1.3),I,A,GNB,WB_WDI_SI_POV_GINI,_T,_T,_T,0_TO_100,_Z,_Z,_Z,2021,33.4,_Z,IX,2,WB_WDI,P1Y,0,A,PU,Annual,Guinea-Bissau,Gini index,Total,All age ranges or no breakdown by age,Total,0-100 scale,Not Applicable,Not Applicable,Not Applicable,Not Applicable,Index,Two,World Development Indicators (WDI),Annual,Units,Normal value,Public
datastructure,WB.DATA360:DS_DATA360(1.3),I,A,BLR,WB_WDI_SI_POV_GINI,_T,_T,_T,0_TO_100,_Z,_Z,_Z,2019,25.3,_Z,IX,2,WB_WDI,P1Y,0,A,PU,Annual,Belarus,Gini index,Total,All age ranges or no breakdown by age,Total,0-100 scale,Not Applicable,Not Applicable,Not Applicable,Not Applicable,Index,Two,World Development Indicators (WDI),Annual,Units,Normal value,Public
datastructure,WB.DATA360:DS_DATA360(1.3),I,A,BEL,WB_WDI_SI_POV_GINI,_T,_T,_T,0_TO_100,_Z,_Z,_Z,2019,27.2,_Z,IX,2,WB_WDI,P1Y,0,A,PU,Annual,Belgium,Gini index,Total,All age ranges or no breakdown by age,Total,0-100 scale,Not Applicable,Not Applicable,Not Applicable,Not Applicable,Index,Two,World Development Indicators (WDI),Annual,Units,Normal value,Public
datastructure,WB.DATA360:DS_DATA360(1.3),I,A,BOL,WB_WDI_SI_POV_GINI,_T,_T,_T,0_TO_100,_Z,_Z,_Z,2019,41.6,_Z,IX,2,WB_WDI,P1Y,0,A,PU,Annual,Bolivia,Gini index,Total,All age ranges or no breakdown by age,Total,0-100 scale,Not Applicable,Not Applicable,Not Applicable,Not Applicable,Index,Two,World Development Indicators (WDI),Annual,Units,Normal value,Public
datastructure,WB.DATA360:DS_DATA360(1.3),I,A,NLD,WB_WDI_SI_POV_GINI,_T,_T,_T,0_TO_100,_Z,_Z,_Z,2015,28.2,_Z,IX,2,WB_WDI,P1Y,0,A,PU,Annual,Netherlands,Gini index,Total,All age ranges or no breakdown by age,Total,0-100 scale,Not Applicable,Not Applicable,Not Applicable,Not Applicable,Index,Two,World Development Indicators (WDI),Annual,Units,Normal value,Public
datastructure,WB.DATA360:DS_DATA360(1.3),I,A,NGA,WB_WDI_SI_POV_GINI,_T,_T,_T,0_TO_100,_Z,_Z,_Z,2015,35.9,_Z,IX,2,WB_WDI,P1Y,0,A,PU,Annual,Nigeria,Gini index,Total,All age ranges or no breakdown by age,Total,0-100 scale,Not Applicable,Not Applicable,Not Applicable,Not Applicable,Index,Two,World Development Indicators (WDI),Annual,Units,Normal value,Public
datastructure,WB.DATA360:DS_DATA360(1.3),I,A,MKD,WB_WDI_SI_POV_GINI,_T,_T,_T,0_TO_100,_Z,_Z,_Z,2015,35.6,_Z,IX,2,WB_WDI,P1Y,0,A,PU,Annual,North Macedonia,Gini index,Total,All age ranges or no breakdown by age,Total,0-100 scale,Not Applicable,Not Applicable,Not Applicable,Not Applicable,Index,Two,World Development Indicators (WDI),Annual,Units,Normal value,Public
datastructure,WB.DATA360:DS_DATA360(1.3),I,A,NOR,WB_WDI_SI_POV_GINI,_T,_T,_T,0_TO_100,_Z,_Z,_Z,2015,27.5,_Z,IX,2,WB_WDI,P1Y,0,A,PU,Annual,Norway,Gini index,Total,All age ranges or no breakdown by age,Total,0-100 scale,Not Applicable,Not Applicable,Not Applicable,Not Applicable,Index,Two,World Development Indicators (WDI),Annual,Units,Normal value,Public
datastructure,WB.DATA360:DS_DATA360(1.3),I,A,PAK,WB_WDI_SI_POV_GINI,_T,_T,_T,0_TO_100,_Z,_Z,_Z,2015,31.3,_Z,IX,2,WB_WDI,P1Y,0,A,PU,Annual,Pakistan,Gini index,Total,All age ranges or no breakdown by age,Total,0-100 scale,Not Applicable,Not Applicable,Not Applicable,Not Applicable,Index,Two,World Development Indicators (WDI),Annual,Units,Normal value,Public
datastructure,WB.DATA360:DS_DATA360(1.3),I,A,AUT,WB_WDI_SI_POV_GINI,_T,_T,_T,0_TO_100,_Z,_Z,_Z,2011,30.8,_Z,IX,2,WB_WDI,P1Y,0,A,PU,Annual,Austria,Gini index,Total,All age ranges or no breakdown by age,Total,0-100 scale,Not Applicable,Not Applicable,Not Applicable,Not Applicable,Index,Two,World Development Indicators (WDI),Annual,Units,Normal value,Public
datastructure,WB.DATA360:DS_DATA360(1.3),I,A,BLR,WB_WDI_SI_POV_GINI,_T,_T,_T,0_TO_100,_Z,_Z,_Z,2011,27.2,_Z,IX,2,WB_WDI,P1Y,0,A,PU,Annual,Belarus,Gini index,Total,All age ranges or no breakdown by age,Total,0-100 scale,Not Applicable,Not Applicable,Not Applicable,Not Applicable,Index,Two,World Development Indicators (WDI),Annual,Units,Normal value,Public
datastructure,WB.DATA360:DS_DATA360(1.3),I,A,BEL,WB_WDI_SI_POV_GINI,_T,_T,_T,0_TO_100,_Z,_Z,_Z,2011,28.1,_Z,IX,2,WB_WDI,P1Y,0,A,PU,Annual,Belgium,Gini index,Total,All age ranges or no breakdown by age,Total,0-100 scale,Not Applicable,Not Applicable,Not Applicable,Not Applicable,Index,Two,World Development Indicators (WDI),Annual,Units,Normal value,Public
datastructure,WB.DATA360:DS_DATA360(1.3),I,A,BEN,WB_WDI_SI_POV_GINI,_T,_T,_T,0_TO_100,_Z,_Z,_Z,2011,43.4,_Z,IX,2,WB_WDI,P1Y,0,A,PU,Annual,Benin,Gini index,Total,All age ranges or no breakdown by age,Total,0-100 scale,Not Applicable,Not Applicable,Not Applicable,Not Applicable,Index,Two,World Development Indicators (WDI),Annual,Units,Normal value,Public
datastructure,WB.DATA360:DS_DATA360(1.3),I,A,LTU,WB_WDI_SI_POV_GINI,_T,_T,_T,0_TO_100,_Z,_Z,_Z,2019,35.3,_Z,IX,2,WB_WDI,P1Y,0,A,PU,Annual,Lithuania,Gini index,Total,All age ranges or no breakdown by age,Total,0-100 scale,Not Applicable,Not Applicable,Not Applicable,Not Applicable,Index,Two,World Development Indicators (WDI),Annual,Units,Normal value,Public
datastructure,WB.DATA360:DS_DATA360(1.3),I,A,LUX,WB_WDI_SI_POV_GINI,_T,_T,_T,0_TO_100,_Z,_Z,_Z,2019,34.2,_Z,IX,2,WB_WDI,P1Y,0,A,PU,Annual,Luxembourg,Gini index,Total,All age ranges or no breakdown by age,Total,0-100 scale,Not Applicable,Not Applicable,Not Applicable,Not Applicable,Index,Two,World Development Indicators (WDI),Annual,Units,Normal value,Public
datastructure,WB.DATA360:DS_DATA360(1.3),I,A,MWI,WB_WDI_SI_POV_GINI,_T,_T,_T,0_TO_100,_Z,_Z,_Z,2019,38.5,_Z,IX,2,WB_WDI,P1Y,0,A,PU,Annual,Malawi,Gini index,Total,All age ranges or no breakdown by age,Total,0-100 scale,Not Applicable,Not Applicable,Not Applicable,Not Applicable,Index,Two,World Development Indicators (WDI),Annual,Units,Normal value,Public
datastructure,WB.DATA360:DS_DATA360(1.3),I,A,MDV,WB_WDI_SI_POV_GINI,_T,_T,_T,0_TO_100,_Z,_Z,_Z,2019,29.3,_Z,IX,2,WB_WDI,P1Y,0,A,PU,Annual,Maldives,Gini index,Total,All age ranges or no breakdown by age,Total,0-100 scale,Not Applicable,Not Applicable,Not Applicable,Not Applicable,Index,Two,World Development Indicators (WDI),Annual,Units,Normal value,Public
datastructure,WB.DATA360:DS_DATA360(1.3),I,A,FIN,WB_WDI_SI_POV_GINI,_T,_T,_T,0_TO_100,_Z,_Z,_Z,2023,27.4,_Z,IX,2,WB_WDI,P1Y,0,A,PU,Annual,Finland,Gini index,Total,All age ranges or no breakdown by age,Total,0-100 scale,Not Applicable,Not Applicable,Not Applicable,Not Applicable,Index,Two,World Development Indicators (WDI),Annual,Units,Normal value,Public
datastructure,WB.DATA360:DS_DATA360(1.3),I,A,FRA,WB_WDI_SI_POV_GINI,_T,_T,_T,0_TO_100,_Z,_Z,_Z,2023,31.8,_Z,IX,2,WB_WDI,P1Y,0,A,PU,Annual,France,Gini index,Total,All age ranges or no breakdown by age,Total,0-100 scale,Not Applicable,Not Applicable,Not Applicable,Not Applicable,Index,Two,World Development Indicators (WDI),Annual,Units,Normal value,Public
datastructure,WB.DATA360:DS_DATA360(1.3),I,A,GEO,WB_WDI_SI_POV_GINI,_T,_T,_T,0_TO_100,_Z,_Z,_Z,2023,34.8,_Z,IX,2,WB_WDI,P1Y,0,A,PU,Annual,Georgia,Gini index,Total,All age ranges or no breakdown by age,Total,0-100 scale,Not Applicable,Not Applicable,Not Applicable,Not Applicable,Index,Two,World Development Indicators (WDI),Annual,Units,Normal value,Public
datastructure,WB.DATA360:DS_DATA360(1.3),I,A,GRC,WB_WDI_SI_POV_GINI,_T,_T,_T,0_TO_100,_Z,_Z,_Z,2023,33.4,_Z,IX,2,WB_WDI,P1Y,0,A,PU,Annual,Greece,Gini index,Total,All age ranges or no breakdown by age,Total,0-100 scale,Not Applicable,Not Applicable,Not Applicable,Not Applicable,Index,Two,World Development Indicators (WDI),Annual,Units,Normal value,Public
datastructure,WB.DATA360:DS_DATA360(1.3),I,A,GTM,WB_WDI_SI_POV_GINI,_T,_T,_T,0_TO_100,_Z,_Z,_Z,2023,45.2,_Z,IX,2,WB_WDI,P1Y,0,A,PU,Annual,Guatemala,Gini index,Total,All age ranges or no breakdown by age,Total,0-100 scale,Not Applicable,Not Applicable,Not Applicable,Not Applicable,Index,Two,World Development Indicators (WDI),Annual,Units,Normal value,Public
datastructure,WB.DATA360:DS_DATA360(1.3),I,A,SVK,WB_WDI_SI_POV_GINI,_T,_T,_T,0_TO_100,_Z,_Z,_Z,2019,23.2,_Z,IX,2,WB_WDI,P1Y,0,A,PU,Annual,Slovak Republic,Gini index,Total,All age ranges or no breakdown by age,Total,0-100 scale,Not Applicable,Not Applicable,Not Applicable,Not Applicable,Index,Two,World Development Indicators (WDI),Annual,Units,Normal value,Public
datastructure,WB.DATA360:DS_DATA360(1.3),I,A,SVN,WB_WDI_SI_POV_GINI,_T,_T,_T,0_TO_100,_Z,_Z,_Z,2019,24.4,_Z,IX,2,WB_WDI,P1Y,0,A,PU,Annual,Slovenia,Gini index,Total,All age ranges or no breakdown by age,Total,0-100 scale,Not Applicable,Not Applicable,Not Applicable,Not Applicable,Index,Two,World Development Indicators (WDI),Annual,Units,Normal value,Public
datastructure,WB.DATA360:DS_DATA360(1.3),I,A,ESP,WB_WDI_SI_POV_GINI,_T,_T,_T,0_TO_100,_Z,_Z,_Z,2019,34.3,_Z,IX,2,WB_WDI,P1Y,0,A,PU,Annual,Spain,Gini index,Total,All age ranges or no breakdown by age,Total,0-100 scale,Not Applicable,Not Applicable,Not Applicable,Not Applicable,Index,Two,World Development Indicators (WDI),Annual,Units,Normal value,Public
datastructure,WB.DATA360:DS_DATA360(1.3),I,A,LKA,WB_WDI_SI_POV_GINI,_T,_T,_T,0_TO_100,_Z,_Z,_Z,2019,37.7,_Z,IX,2,WB_WDI,P1Y,0,A,PU,Annual,Sri Lanka,Gini index,Total,All age ranges or no breakdown by age,Total,0-100 scale,Not Applicable,Not Applicable,Not Applicable,Not Applicable,Index,Two,World Development Indicators (WDI),Annual,Units,Normal value,Public
datastructure,WB.DATA360:DS_DATA360(1.3),I,A,KAZ,WB_WDI_SI_POV_GINI,_T,_T,_T,0_TO_100,_Z,_Z,_Z,2001,36.0,_Z,IX,2,WB_WDI,P1Y,0,A,PU,Annual,Kazakhstan,Gini index,Total,All age ranges or no breakdown by age,Total,0-100 scale,Not Applicable,Not Applicable,Not Applicable,Not Applicable,Index,Two,World Development Indicators (WDI),Annual,Units,Normal value,Public
datastructure,WB.DATA360:DS_DATA360(1.3),I,A,KGZ,WB_WDI_SI_POV_GINI,_T,_T,_T,0_TO_100,_Z,_Z,_Z,2001,30.2,_Z,IX,2,WB_WDI,P1Y,0,A,PU,Annual,Kyrgyz Republic,Gini index,Total,All age ranges or no breakdown by age,Total,0-100 scale,Not Applicable,Not Applicable,Not Applicable,Not Applicable,Index,Two,World Development Indicators (WDI),Annual,Units,Normal value,Public
datastructure,WB.DATA360:DS_DATA360(1.3),I,A,POL,WB_WDI_SI_POV_GINI,_T,_T,_T,0_TO_100,_Z,_Z,_Z,2017,29.7,_Z,IX,2,WB_WDI,P1Y,0,A,PU,Annual,Poland,Gini index,Total,All age ranges or no breakdown by age,Total,0-100 scale,Not Applicable,Not Applicable,Not Applicable,Not Applicable,Index,Two,World Development Indicators (WDI),Annual,Units,Normal value,Public
datastructure,WB.DATA360:DS_DATA360(1.3),I,A,PRT,WB_WDI_SI_POV_GINI,_T,_T,_T,0_TO_100,_Z,_Z,_Z,2017,33.8,_Z,IX,2,WB_WDI,P1Y,0,A,PU,Annual,Portugal,Gini index,Total,All age ranges or no breakdown by age,Total,0-100 scale,Not Applicable,Not Applicable,Not Applicable,Not Applicable,Index,Two,World Development Indicators (WDI),Annual,Units,Normal value,Public
datastructure,WB.DATA360:DS_DATA360(1.3),I,A,QAT,WB_WDI_SI_POV_GINI,_T,_T,_T,0_TO_100,_Z,_Z,_Z,2017,35.1,_Z,IX,2,WB_WDI,P1Y,0,A,PU,Annual,Qatar,Gini index,Total,All age ranges or no breakdown by age,Total,0-100 scale,Not Applicable,Not Applicable,Not Applicable,Not Applicable,Index,Two,World Development Indicators (WDI),Annual,Units,Normal value,Public
datastructure,WB.DATA360:DS_DATA360(1.3),I,A,ROU,WB_WDI_SI_POV_GINI,_T,_T,_T,0_TO_100,_Z,_Z,_Z,2017,36.0,_Z,IX,2,WB_WDI,P1Y,0,A,PU,Annual,Romania,Gini index,Total,All age ranges or no breakdown by age,Total,0-100 scale,Not Applicable,Not Applicable,Not Applicable,Not Applicable,Index,Two,World Development Indicators (WDI),Annual,Units,Normal value,Public
datastructure,WB.DATA360:DS_DATA360(1.3),I,A,RUS,WB_WDI_SI_POV_GINI,_T,_T,_T,0_TO_100,_Z,_Z,_Z,2017,35.5,_Z,IX,2,WB_WDI,P1Y,0,A,PU,Annual,Russian Federation,Gini index,Total,All age ranges or no breakdown by age,Total,0-100 scale,Not Applicable,Not Applicable,Not Applicable,Not Applicable,Index,Two,World Development Indicators (WDI),Annual,Units,Normal value,Public
datastructure,WB.DATA360:DS_DATA360(1.3),I,A,STP,WB_WDI_SI_POV_GINI,_T,_T,_T,0_TO_100,_Z,_Z,_Z,2017,40.7,_Z,IX,2,WB_WDI,P1Y,0,A,PU,Annual,São Tomé and Príncipe,Gini index,Total,All age ranges or no breakdown by age,Total,0-100 scale,Not Applicable,Not Applicable,Not Applicable,Not Applicable,Index,Two,World Development Indicators (WDI),Annual,Units,Normal value,Public
datastructure,WB.DATA360:DS_DATA360(1.3),I,A,MRT,WB_WDI_SI_POV_GINI,_T,_T,_T,0_TO_100,_Z,_Z,_Z,2004,40.2,_Z,IX,2,WB_WDI,P1Y,0,A,PU,Annual,Mauritania,Gini index,Total,All age ranges or no breakdown by age,Total,0-100 scale,Not Applicable,Not Applicable,Not Applicable,Not Applicable,Index,Two,World Development Indicators (WDI),Annual,Units,Normal value,Public
datastructure,WB.DATA360:DS_DATA360(1.3),I,A,MEX,WB_WDI_SI_POV_GINI,_T,_T,_T,0_TO_100,_Z,_Z,_Z,2004,50.3,_Z,IX,2,WB_WDI,P1Y,0,A,PU,Annual,Mexico,Gini index,Total,All age ranges or no breakdown by age,Total,0-100 scale,Not Applicable,Not Applicable,Not Applicable,Not Applicable,Index,Two,World Development Indicators (WDI),Annual,Units,Normal value,Public
datastructure,WB.DATA360:DS_DATA360(1.3),I,A,MDA,WB_WDI_SI_POV_GINI,_T,_T,_T,0_TO_100,_Z,_Z,_Z,2004,35.0,_Z,IX,2,WB_WDI,P1Y,0,A,PU,Annual,Moldova,Gini index,Total,All age ranges or no breakdown by age,Total,0-100 scale,Not Applicable,Not Applicable,Not Applicable,Not Applicable,Index,Two,World Development Indicators (WDI),Annual,Units,Normal value,Public
datastructure,WB.DATA360:DS_DATA360(1.3),I,A,MEX,WB_WDI_SI_POV_GINI,_T,_T,_T,0_TO_100,_Z,_Z,_Z,2002,50.6,_Z,IX,2,WB_WDI,P1Y,0,A,PU,Annual,Mexico,Gini index,Total,All age ranges or no breakdown by age,Total,0-100 scale,Not Applicable,Not Applicable,Not Applicable,Not Applicable,Index,Two,World Development Indicators (WDI),Annual,Units,Normal value,Public
datastructure,WB.DATA360:DS_DATA360(1.3),I,A,MDA,WB_WDI_SI_POV_GINI,_T,_T,_T,0_TO_100,_Z,_Z,_Z,2002,35.8,_Z,IX,2,WB_WDI,P1Y,0,A,PU,Annual,Moldova,Gini index,Total,All age ranges or no breakdown by age,Total,0-100 scale,Not Applicable,Not Applicable,Not Applicable,Not Applicable,Index,Two,World Development Indicators (WDI),Annual,Units,Normal value,Public
datastructure,WB.DATA360:DS_DATA360(1.3),I,A,MNG,WB_WDI_SI_POV_GINI,_T,_T,_T,0_TO_100,_Z,_Z,_Z,2002,32.9,_Z,IX,2,WB_WDI,P1Y,0,A,PU,Annual,Mongolia,Gini index,Total,All age ranges or no breakdown by age,Total,0-100 scale,Not Applicable,Not Applicable,Not Applicable,Not Applicable,Index,Two,World Development Indicators (WDI),Annual,Units,Normal value,Public
datastructure,WB.DATA360:DS_DATA360(1.3),I,A,MOZ,WB_WDI_SI_POV_GINI,_T,_T,_T,0_TO_100,_Z,_Z,_Z,2002,46.9,_Z,IX,2,WB_WDI,P1Y,0,A,PU,Annual,Mozambique,Gini index,Total,All age ranges or no breakdown by age,Total,0-100 scale,Not Applicable,Not Applicable,Not Applicable,Not Applicable,Index,Two,World Development Indicators (WDI),Annual,Units,Normal value,Public
datastructure,WB.DATA360:DS_DATA360(1.3),I,A,ARM,WB_WDI_SI_POV_GINI,_T,_T,_T,0_TO_100,_Z,_Z,_Z,2007,31.2,_Z,IX,2,WB_WDI,P1Y,0,A,PU,Annual,Armenia,Gini index,Total,All age ranges or no breakdown by age,Total,0-100 scale,Not Applicable,Not Applicable,Not Applicable,Not Applicable,Index,Two,World Development Indicators (WDI),Annual,Units,Normal value,Public
datastructure,WB.DATA360:DS_DATA360(1.3),I,A,AUT,WB_WDI_SI_POV_GINI,_T,_T,_T,0_TO_100,_Z,_Z,_Z,2007,30.6,_Z,IX,2,WB_WDI,P1Y,0,A,PU,Annual,Austria,Gini index,Total,All age ranges or no breakdown by age,Total,0-100 scale,Not Applicable,Not Applicable,Not Applicable,Not Applicable,Index,Two,World Development Indicators (WDI),Annual,Units,Normal value,Public
datastructure,WB.DATA360:DS_DATA360(1.3),I,A,BLR,WB_WDI_SI_POV_GINI,_T,_T,_T,0_TO_100,_Z,_Z,_Z,2007,29.6,_Z,IX,2,WB_WDI,P1Y,0,A,PU,Annual,Belarus,Gini index,Total,All age ranges or no breakdown by age,Total,0-100 scale,Not Applicable,Not Applicable,Not Applicable,Not Applicable,Index,Two,World Development Indicators (WDI),Annual,Units,Normal value,Public
datastructure,WB.DATA360:DS_DATA360(1.3),I,A,BEL,WB_WDI_SI_POV_GINI,_T,_T,_T,0_TO_100,_Z,_Z,_Z,2007,29.2,_Z,IX,2,WB_WDI,P1Y,0,A,PU,Annual,Belgium,Gini index,Total,All age ranges or no breakdown by age,Total,0-100 scale,Not Applicable,Not Applicable,Not Applicable,Not Applicable,Index,Two,World Development Indicators (WDI),Annual,Units,Normal value,Public
datastructure,WB.DATA360:DS_DATA360(1.3),I,A,BGR,WB_WDI_SI_POV_GINI,_T,_T,_T,0_TO_100,_Z,_Z,_Z,2006,35.7,_Z,IX,2,WB_WDI,P1Y,0,A,PU,Annual,Bulgaria,Gini index,Total,All age ranges or no breakdown by age,Total,0-100 scale,Not Applicable,Not Applicable,Not Applicable,Not Applicable,Index,Two,World Development Indicators (WDI),Annual,Units,Normal value,Public
datastructure,WB.DATA360:DS_DATA360(1.3),I,A,BDI,WB_WDI_SI_POV_GINI,_T,_T,_T,0_TO_100,_Z,_Z,_Z,2006,33.4,_Z,IX,2,WB_WDI,P1Y,0,A,PU,Annual,Burundi,Gini index,Total,All age ranges or no breakdown by age,Total,0-100 scale,Not Applicable,Not Applicable,Not Applicable,Not Applicable,Index,Two,World Development Indicators (WDI),Annual,Units,Normal value,Public
datastructure,WB.DATA360:DS_DATA360(1.3),I,A,CAN,WB_WDI_SI_POV_GINI,_T,_T,_T,0_TO_100,_Z,_Z,_Z,2006,34.1,_Z,IX,2,WB_WDI,P1Y,0,A,PU,Annual,Canada,Gini index,Total,All age ranges or no breakdown by age,Total,0-100 scale,Not Applicable,Not Applicable,Not Applicable,Not Applicable,Index,Two,World Development Indicators (WDI),Annual,Units,Normal value,Public
datastructure,WB.DATA360:DS_DATA360(1.3),I,A,CHL,WB_WDI_SI_POV_GINI,_T,_T,_T,0_TO_100,_Z,_Z,_Z,2006,47.7,_Z,IX,2,WB_WDI,P1Y,0,A,PU,Annual,Chile,Gini index,Total,All age ranges or no breakdown by age,Total,0-100 scale,Not Applicable,Not Applicable,Not Applicable,Not Applicable,Index,Two,World Development Indicators (WDI),Annual,Units,Normal value,Public
datastructure,WB.DATA360:DS_DATA360(1.3),I,A,ARG,WB_WDI_SI_POV_GINI,_T,_T,_T,0_TO_100,_Z,_Z,_Z,2007,46.3,_Z,IX,2,WB_WDI,P1Y,0,A,PU,Annual,Argentina,Gini index,Total,All age ranges or no breakdown by age,Total,0-100 scale,Not Applicable,Not Applicable,Not Applicable,Not Applicable,Index,Two,World Development Indicators (WDI),Annual,Units,Normal value,Public
datastructure,WB.DATA360:DS_DATA360(1.3),I,A,UGA,WB_WDI_SI_POV_GINI,_T,_T,_T,0_TO_100,_Z,_Z,_Z,2005,42.9,_Z,IX,2,WB_WDI,P1Y,0,A,PU,Annual,Uganda,Gini index,Total,All age ranges or no breakdown by age,Total,0-100 scale,Not Applicable,Not Applicable,Not Applicable,Not Applicable,Index,Two,World Development Indicators (WDI),Annual,Units,Normal value,Public
datastructure,WB.DATA360:DS_DATA360(1.3),I,A,UKR,WB_WDI_SI_POV_GINI,_T,_T,_T,0_TO_100,_Z,_Z,_Z,2005,29.0,_Z,IX,2,WB_WDI,P1Y,0,A,PU,Annual,Ukraine,Gini index,Total,All age ranges or no breakdown by age,Total,0-100 scale,Not Applicable,Not Applicable,Not Applicable,Not Applicable,Index,Two,World Development Indicators (WDI),Annual,Units,Normal value,Public
datastructure,WB.DATA360:DS_DATA360(1.3),I,A,GBR,WB_WDI_SI_POV_GINI,_T,_T,_T,0_TO_100,_Z,_Z,_Z,2005,35.5,_Z,IX,2,WB_WDI,P1Y,0,A,PU,Annual,United Kingdom,Gini index,Total,All age ranges or no breakdown by age,Total,0-100 scale,Not Applicable,Not Applicable,Not Applicable,Not Applicable,Index,Two,World Development Indicators (WDI),Annual,Units,Normal value,Public
datastructure,WB.DATA360:DS_DATA360(1.3),I,A,USA,WB_WDI_SI_POV_GINI,_T,_T,_T,0_TO_100,_Z,_Z,_Z,2005,41.3,_Z,IX,2,WB_WDI,P1Y,0,A,PU,Annual,United States,Gini index,Total,All age ranges or no breakdown by age,Total,0-100 scale,Not Applicable,Not Applicable,Not Applicable,Not Applicable,Index,Two,World Development Indicators (WDI),Annual,Units,Normal value,Public
datastructure,WB.DATA360:DS_DATA360(1.3),I,A,URY,WB_WDI_SI_POV_GINI,_T,_T,_T,0_TO_100,_Z,_Z,_Z,2005,44.7,_Z,IX,2,WB_WDI,P1Y,0,A,PU,Annual,Uruguay,Gini index,Total,All age ranges or no breakdown by age,Total,0-100 scale,Not Applicable,Not Applicable,Not Applicable,Not Applicable,Index,Two,World Development Indicators (WDI),Annual,Units,Normal value,Public
datastructure,WB.DATA360:DS_DATA360(1.3),I,A,VEN,WB_WDI_SI_POV_GINI,_T,_T,_T,0_TO_100,_Z,_Z,_Z,2005,49.3,_Z,IX,2,WB_WDI,P1Y,0,A,PU,Annual,"Venezuela, RB",Gini index,Total,All age ranges or no breakdown by age,Total,0-100 scale,Not Applicable,Not Applicable,Not Applicable,Not Applicable,Index,Two,World Development Indicators (WDI),Annual,Units,Normal value,Public
datastructure,WB.DATA360:DS_DATA360(1.3),I,A,PRY,WB_WDI_SI_POV_GINI,_T,_T,_T,0_TO_100,_Z,_Z,_Z,2020,43.5,_Z,IX,2,WB_WDI,P1Y,0,A,PU,Annual,Paraguay,Gini index,Total,All age ranges or no breakdown by age,Total,0-100 scale,Not Applicable,Not Applicable,Not Applicable,Not Applicable,Index,Two,World Development Indicators (WDI),Annual,Units,Normal value,Public
datastructure,WB.DATA360:DS_DATA360(1.3),I,A,PER,WB_WDI_SI_POV_GINI,_T,_T,_T,0_TO_100,_Z,_Z,_Z,2020,43.7,_Z,IX,2,WB_WDI,P1Y,0,A,PU,Annual,Peru,Gini index,Total,All age ranges or no breakdown by age,Total,0-100 scale,Not Applicable,Not Applicable,Not Applicable,Not Applicable,Index,Two,World Development Indicators (WDI),Annual,Units,Normal value,Public
datastructure,WB.DATA360:DS_DATA360(1.3),I,A,POL,WB_WDI_SI_POV_GINI,_T,_T,_T,0_TO_100,_Z,_Z,_Z,2020,28.5,_Z,IX,2,WB_WDI,P1Y,0,A,PU,Annual,Poland,Gini index,Total,All age ranges or no breakdown by age,Total,0-100 scale,Not Applicable,Not Applicable,Not Applicable,Not Applicable,Index,Two,World Development Indicators (WDI),Annual,Units,Normal value,Public
datastructure,WB.DATA360:DS_DATA360(1.3),I,A,PRT,WB_WDI_SI_POV_GINI,_T,_T,_T,0_TO_100,_Z,_Z,_Z,2020,34.7,_Z,IX,2,WB_WDI,P1Y,0,A,PU,Annual,Portugal,Gini index,Total,All age ranges or no breakdown by age,Total,0-100 scale,Not Applicable,Not Applicable,Not Applicable,Not Applicable,Index,Two,World Development Indicators (WDI),Annual,Units,Normal value,Public
datastructure,WB.DATA360:DS_DATA360(1.3),I,A,ROU,WB_WDI_SI_POV_GINI,_T,_T,_T,0_TO_100,_Z,_Z,_Z,2020,34.6,_Z,IX,2,WB_WDI,P1Y,0,A,PU,Annual,Romania,Gini index,Total,All age ranges or no breakdown by age,Total,0-100 scale,Not Applicable,Not Applicable,Not Applicable,Not Applicable,Index,Two,World Development Indicators (WDI),Annual,Units,Normal value,Public
datastructure,WB.DATA360:DS_DATA360(1.3),I,A,RUS,WB_WDI_SI_POV_GINI,_T,_T,_T,0_TO_100,_Z,_Z,_Z,2020,33.7,_Z,IX,2,WB_WDI,P1Y,0,A,PU,Annual,Russian Federation,Gini index,Total,All age ranges or no breakdown by age,Total,0-100 scale,Not Applicable,Not Applicable,Not Applicable,Not Applicable,Index,Two,World Development Indicators (WDI),Annual,Units,Normal value,Public
datastructure,WB.DATA360:DS_DATA360(1.3),I,A,CRI,WB_WDI_SI_POV_GINI,_T,_T,_T,0_TO_100,_Z,_Z,_Z,2010,48.0,_Z,IX,2,WB_WDI,P1Y,0,A,PU,Annual,Costa Rica,Gini index,Total,All age ranges or no breakdown by age,Total,0-100 scale,Not Applicable,Not Applicable,Not Applicable,Not Applicable,Index,Two,World Development Indicators (WDI),Annual,Units,Normal value,Public
datastructure,WB.DATA360:DS_DATA360(1.3),I,A,HRV,WB_WDI_SI_POV_GINI,_T,_T,_T,0_TO_100,_Z,_Z,_Z,2010,32.4,_Z,IX,2,WB_WDI,P1Y,0,A,PU,Annual,Croatia,Gini index,Total,All age ranges or no breakdown by age,Total,0-100 scale,Not Applicable,Not Applicable,Not Applicable,Not Applicable,Index,Two,World Development Indicators (WDI),Annual,Units,Normal value,Public
datastructure,WB.DATA360:DS_DATA360(1.3),I,A,CYP,WB_WDI_SI_POV_GINI,_T,_T,_T,0_TO_100,_Z,_Z,_Z,2010,31.5,_Z,IX,2,WB_WDI,P1Y,0,A,PU,Annual,Cyprus,Gini index,Total,All age ranges or no breakdown by age,Total,0-100 scale,Not Applicable,Not Applicable,Not Applicable,Not Applicable,Index,Two,World Development Indicators (WDI),Annual,Units,Normal value,Public
datastructure,WB.DATA360:DS_DATA360(1.3),I,A,CZE,WB_WDI_SI_POV_GINI,_T,_T,_T,0_TO_100,_Z,_Z,_Z,2010,26.6,_Z,IX,2,WB_WDI,P1Y,0,A,PU,Annual,Czechia,Gini index,Total,All age ranges or no breakdown by age,Total,0-100 scale,Not Applicable,Not Applicable,Not Applicable,Not Applicable,Index,Two,World Development Indicators (WDI),Annual,Units,Normal value,Public
datastructure,WB.DATA360:DS_DATA360(1.3),I,A,DNK,WB_WDI_SI_POV_GINI,_T,_T,_T,0_TO_100,_Z,_Z,_Z,2010,27.2,_Z,IX,2,WB_WDI,P1Y,0,A,PU,Annual,Denmark,Gini index,Total,All age ranges or no breakdown by age,Total,0-100 scale,Not Applicable,Not Applicable,Not Applicable,Not Applicable,Index,Two,World Development Indicators (WDI),Annual,Units,Normal value,Public
datastructure,WB.DATA360:DS_DATA360(1.3),I,A,LAO,WB_WDI_SI_POV_GINI,_T,_T,_T,0_TO_100,_Z,_Z,_Z,2012,36.0,_Z,IX,2,WB_WDI,P1Y,0,A,PU,Annual,Lao PDR,Gini index,Total,All age ranges or no breakdown by age,Total,0-100 scale,Not Applicable,Not Applicable,Not Applicable,Not Applicable,Index,Two,World Development Indicators (WDI),Annual,Units,Normal value,Public
datastructure,WB.DATA360:DS_DATA360(1.3),I,A,LVA,WB_WDI_SI_POV_GINI,_T,_T,_T,0_TO_100,_Z,_Z,_Z,2012,35.2,_Z,IX,2,WB_WDI,P1Y,0,A,PU,Annual,Latvia,Gini index,Total,All age ranges or no breakdown by age,Total,0-100 scale,Not Applicable,Not Applicable,Not Applicable,Not Applicable,Index,Two,World Development Indicators (WDI),Annual,Units,Normal value,Public
datastructure,WB.DATA360:DS_DATA360(1.3),I,A,LTU,WB_WDI_SI_POV_GINI,_T,_T,_T,0_TO_100,_Z,_Z,_Z,2012,35.1,_Z,IX,2,WB_WDI,P1Y,0,A,PU,Annual,Lithuania,Gini index,Total,All age ranges or no breakdown by age,Total,0-100 scale,Not Applicable,Not Applicable,Not Applicable,Not Applicable,Index,Two,World Development Indicators (WDI),Annual,Units,Normal value,Public
datastructure,WB.DATA360:DS_DATA360(1.3),I,A,LUX,WB_WDI_SI_POV_GINI,_T,_T,_T,0_TO_100,_Z,_Z,_Z,2012,34.3,_Z,IX,2,WB_WDI,P1Y,0,A,PU,Annual,Luxembourg,Gini index,Total,All age ranges or no breakdown by age,Total,0-100 scale,Not Applicable,Not Applicable,Not Applicable,Not Applicable,Index,Two,World Development Indicators (WDI),Annual,Units,Normal value,Public
datastructure,WB.DATA360:DS_DATA360(1.3),I,A,MDG,WB_WDI_SI_POV_GINI,_T,_T,_T,0_TO_100,_Z,_Z,_Z,2012,42.6,_Z,IX,2,WB_WDI,P1Y,0,A,PU,Annual,Madagascar,Gini index,Total,All age ranges or no breakdown by age,Total,0-100 scale,Not Applicable,Not Applicable,Not Applicable,Not Applicable,Index,Two,World Development Indicators (WDI),Annual,Units,Normal value,Public
datastructure,WB.DATA360:DS_DATA360(1.3),I,A,SRB,WB_WDI_SI_POV_GINI,_T,_T,_T,0_TO_100,_Z,_Z,_Z,2003,32.8,_Z,IX,2,WB_WDI,P1Y,0,A,PU,Annual,Serbia,Gini index,Total,All age ranges or no breakdown by age,Total,0-100 scale,Not Applicable,Not Applicable,Not Applicable,Not Applicable,Index,Two,World Development Indicators (WDI),Annual,Units,Normal value,Public
datastructure,WB.DATA360:DS_DATA360(1.3),I,A,SLE,WB_WDI_SI_POV_GINI,_T,_T,_T,0_TO_100,_Z,_Z,_Z,2003,40.2,_Z,IX,2,WB_WDI,P1Y,0,A,PU,Annual,Sierra Leone,Gini index,Total,All age ranges or no breakdown by age,Total,0-100 scale,Not Applicable,Not Applicable,Not Applicable,Not Applicable,Index,Two,World Development Indicators (WDI),Annual,Units,Normal value,Public
datastructure,WB.DATA360:DS_DATA360(1.3),I,A,SVN,WB_WDI_SI_POV_GINI,_T,_T,_T,0_TO_100,_Z,_Z,_Z,2003,30.9,_Z,IX,2,WB_WDI,P1Y,0,A,PU,Annual,Slovenia,Gini index,Total,All age ranges or no breakdown by age,Total,0-100 scale,Not Applicable,Not Applicable,Not Applicable,Not Applicable,Index,Two,World Development Indicators (WDI),Annual,Units,Normal value,Public
datastructure,WB.DATA360:DS_DATA360(1.3),I,A,ESP,WB_WDI_SI_POV_GINI,_T,_T,_T,0_TO_100,_Z,_Z,_Z,2003,31.8,_Z,IX,2,WB_WDI,P1Y,0,A,PU,Annual,Spain,Gini index,Total,All age ranges or no breakdown by age,Total,0-100 scale,Not Applicable,Not Applicable,Not Applicable,Not Applicable,Index,Two,World Development Indicators (WDI),Annual,Units,Normal value,Public
datastructure,WB.DATA360:DS_DATA360(1.3),I,A,PRY,WB_WDI_SI_POV_GINI,_T,_T,_T,0_TO_100,_Z,_Z,_Z,2023,44.2,_Z,IX,2,WB_WDI,P1Y,0,A,PU,Annual,Paraguay,Gini index,Total,All age ranges or no breakdown by age,Total,0-100 scale,Not Applicable,Not Applicable,Not Applicable,Not Applicable,Index,Two,World Development Indicators (WDI),Annual,Units,Normal value,Public
datastructure,WB.DATA360:DS_DATA360(1.3),I,A,PER,WB_WDI_SI_POV_GINI,_T,_T,_T,0_TO_100,_Z,_Z,_Z,2023,40.7,_Z,IX,2,WB_WDI,P1Y,0,A,PU,Annual,Peru,Gini index,Total,All age ranges or no breakdown by age,Total,0-100 scale,Not Applicable,Not Applicable,Not Applicable,Not Applicable,Index,Two,World Development Indicators (WDI),Annual,Units,Normal value,Public
datastructure,WB.DATA360:DS_DATA360(1.3),I,A,PHL,WB_WDI_SI_POV_GINI,_T,_T,_T,0_TO_100,_Z,_Z,_Z,2023,39.3,_Z,IX,2,WB_WDI,P1Y,0,A,PU,Annual,Philippines,Gini index,Total,All age ranges or no breakdown by age,Total,0-100 scale,Not Applicable,Not Applicable,Not Applicable,Not Applicable,Index,Two,World Development Indicators (WDI),Annual,Units,Normal value,Public
datastructure,WB.DATA360:DS_DATA360(1.3),I,A,POL,WB_WDI_SI_POV_GINI,_T,_T,_T,0_TO_100,_Z,_Z,_Z,2023,28.5,_Z,IX,2,WB_WDI,P1Y,0,A,PU,Annual,Poland,Gini index,Total,All age ranges or no breakdown by age,Total,0-100 scale,Not Applicable,Not Applicable,Not Applicable,Not Applicable,Index,Two,World Development Indicators (WDI),Annual,Units,Normal value,Public
datastructure,WB.DATA360:DS_DATA360(1.3),I,A,PRT,WB_WDI_SI_POV_GINI,_T,_T,_T,0_TO_100,_Z,_Z,_Z,2023,33.9,_Z,IX,2,WB_WDI,P1Y,0,A,PU,Annual,Portugal,Gini index,Total,All age ranges or no breakdown by age,Total,0-100 scale,Not Applicable,Not Applicable,Not Applicable,Not Applicable,Index,Two,World Development Indicators (WDI),Annual,Units,Normal value,Public
datastructure,WB.DATA360:DS_DATA360(1.3),I,A,ROU,WB_WDI_SI_POV_GINI,_T,_T,_T,0_TO_100,_Z,_Z,_Z,2023,29.8,_Z,IX,2,WB_WDI,P1Y,0,A,PU,Annual,Romania,Gini index,Total,All age ranges or no breakdown by age,Total,0-100 scale,Not Applicable,Not Applicable,Not Applicable,Not Applicable,Index,Two,World Development Indicators (WDI),Annual,Units,Normal value,Public
datastructure,WB.DATA360:DS_DATA360(1.3),I,A,RUS,WB_WDI_SI_POV_GINI,_T,_T,_T,0_TO_100,_Z,_Z,_Z,2023,33.0,_Z,IX,2,WB_WDI,P1Y,0,A,PU,Annual,Russian Federation,Gini index,Total,All age ranges or no breakdown by age,Total,0-100 scale,Not Applicable,Not Applicable,Not Applicable,Not Applicable,Index,Two,World Development Indicators (WDI),Annual,Units,Normal value,Public
datastructure,WB.DATA360:DS_DATA360(1.3),I,A,RWA,WB_WDI_SI_POV_GINI,_T,_T,_T,0_TO_100,_Z,_Z,_Z,2023,39.4,_Z,IX,2,WB_WDI,P1Y,0,A,PU,Annual,Rwanda,Gini index,Total,All age ranges or no breakdown by age,Total,0-100 scale,Not Applicable,Not Applicable,Not Applicable,Not Applicable,Index,Two,World Development Indicators (WDI),Annual,Units,Normal value,Public
datastructure,WB.DATA360:DS_DATA360(1.3),I,A,RWA,WB_WDI_SI_POV_GINI,_T,_T,_T,0_TO_100,_Z,_Z,_Z,2010,47.2,_Z,IX,2,WB_WDI,P1Y,0,A,PU,Annual,Rwanda,Gini index,Total,All age ranges or no breakdown by age,Total,0-100 scale,Not Applicable,Not Applicable,Not Applicable,Not Applicable,Index,Two,World Development Indicators (WDI),Annual,Units,Normal value,Public
datastructure,WB.DATA360:DS_DATA360(1.3),I,A,STP,WB_WDI_SI_POV_GINI,_T,_T,_T,0_TO_100,_Z,_Z,_Z,2010,30.8,_Z,IX,2,WB_WDI,P1Y,0,A,PU,Annual,São Tomé and Príncipe,Gini index,Total,All age ranges or no breakdown by age,Total,0-100 scale,Not Applicable,Not Applicable,Not Applicable,Not Applicable,Index,Two,World Development Indicators (WDI),Annual,Units,Normal value,Public
datastructure,WB.DATA360:DS_DATA360(1.3),I,A,SRB,WB_WDI_SI_POV_GINI,_T,_T,_T,0_TO_100,_Z,_Z,_Z,2010,29.0,_Z,IX,2,WB_WDI,P1Y,0,A,PU,Annual,Serbia,Gini index,Total,All age ranges or no breakdown by age,Total,0-100 scale,Not Applicable,Not Applicable,Not Applicable,Not Applicable,Index,Two,World Development Indicators (WDI),Annual,Units,Normal value,Public
datastructure,WB.DATA360:DS_DATA360(1.3),I,A,SVK,WB_WDI_SI_POV_GINI,_T,_T,_T,0_TO_100,_Z,_Z,_Z,2010,27.3,_Z,IX,2,WB_WDI,P1Y,0,A,PU,Annual,Slovak Republic,Gini index,Total,All age ranges or no breakdown by age,Total,0-100 scale,Not Applicable,Not Applicable,Not Applicable,Not Applicable,Index,Two,World Development Indicators (WDI),Annual,Units,Normal value,Public
datastructure,WB.DATA360:DS_DATA360(1.3),I,A,ETH,WB_WDI_SI_POV_GINI,_T,_T,_T,0_TO_100,_Z,_Z,_Z,2021,31.1,_Z,IX,2,WB_WDI,P1Y,0,A,PU,Annual,Ethiopia,Gini index,Total,All age ranges or no breakdown by age,Total,0-100 scale,Not Applicable,Not Applicable,Not Applicable,Not Applicable,Index,Two,World Development Indicators (WDI),Annual,Units,Normal value,Public
datastructure,WB.DATA360:DS_DATA360(1.3),I,A,FIN,WB_WDI_SI_POV_GINI,_T,_T,_T,0_TO_100,_Z,_Z,_Z,2021,27.7,_Z,IX,2,WB_WDI,P1Y,0,A,PU,Annual,Finland,Gini index,Total,All age ranges or no breakdown by age,Total,0-100 scale,Not Applicable,Not Applicable,Not Applicable,Not Applicable,Index,Two,World Development Indicators (WDI),Annual,Units,Normal value,Public
datastructure,WB.DATA360:DS_DATA360(1.3),I,A,FRA,WB_WDI_SI_POV_GINI,_T,_T,_T,0_TO_100,_Z,_Z,_Z,2021,31.5,_Z,IX,2,WB_WDI,P1Y,0,A,PU,Annual,France,Gini index,Total,All age ranges or no breakdown by age,Total,0-100 scale,Not Applicable,Not Applicable,Not Applicable,Not Applicable,Index,Two,World Development Indicators (WDI),Annual,Units,Normal value,Public
datastructure,WB.DATA360:DS_DATA360(1.3),I,A,GEO,WB_WDI_SI_POV_GINI,_T,_T,_T,0_TO_100,_Z,_Z,_Z,2021,34.2,_Z,IX,2,WB_WDI,P1Y,0,A,PU,Annual,Georgia,Gini index,Total,All age ranges or no breakdown by age,Total,0-100 scale,Not Applicable,Not Applicable,Not Applicable,Not Applicable,Index,Two,World Development Indicators (WDI),Annual,Units,Normal value,Public
datastructure,WB.DATA360:DS_DATA360(1.3),I,A,DEU,WB_WDI_SI_POV_GINI,_T,_T,_T,0_TO_100,_Z,_Z,_Z,2021,33.6,_Z,IX,2,WB_WDI,P1Y,0,A,PU,Annual,Germany,Gini index,Total,All age ranges or no breakdown by age,Total,0-100 scale,Not Applicable,Not Applicable,Not Applicable,Not Applicable,Index,Two,World Development Indicators (WDI),Annual,Units,Normal value,Public
datastructure,WB.DATA360:DS_DATA360(1.3),I,A,GRC,WB_WDI_SI_POV_GINI,_T,_T,_T,0_TO_100,_Z,_Z,_Z,2021,32.9,_Z,IX,2,WB_WDI,P1Y,0,A,PU,Annual,Greece,Gini index,Total,All age ranges or no breakdown by age,Total,0-100 scale,Not Applicable,Not Applicable,Not Applicable,Not Applicable,Index,Two,World Development Indicators (WDI),Annual,Units,Normal value,Public
datastructure,WB.DATA360:DS_DATA360(1.3),I,A,EST,WB_WDI_SI_POV_GINI,_T,_T,_T,0_TO_100,_Z,_Z,_Z,2019,30.8,_Z,IX,2,WB_WDI,P1Y,0,A,PU,Annual,Estonia,Gini index,Total,All age ranges or no breakdown by age,Total,0-100 scale,Not Applicable,Not Applicable,Not Applicable,Not Applicable,Index,Two,World Development Indicators (WDI),Annual,Units,Normal value,Public
datastructure,WB.DATA360:DS_DATA360(1.3),I,A,FJI,WB_WDI_SI_POV_GINI,_T,_T,_T,0_TO_100,_Z,_Z,_Z,2019,30.7,_Z,IX,2,WB_WDI,P1Y,0,A,PU,Annual,Fiji,Gini index,Total,All age ranges or no breakdown by age,Total,0-100 scale,Not Applicable,Not Applicable,Not Applicable,Not Applicable,Index,Two,World Development Indicators (WDI),Annual,Units,Normal value,Public
datastructure,WB.DATA360:DS_DATA360(1.3),I,A,FIN,WB_WDI_SI_POV_GINI,_T,_T,_T,0_TO_100,_Z,_Z,_Z,2019,27.7,_Z,IX,2,WB_WDI,P1Y,0,A,PU,Annual,Finland,Gini index,Total,All age ranges or no breakdown by age,Total,0-100 scale,Not Applicable,Not Applicable,Not Applicable,Not Applicable,Index,Two,World Development Indicators (WDI),Annual,Units,Normal value,Public
datastructure,WB.DATA360:DS_DATA360(1.3),I,A,FRA,WB_WDI_SI_POV_GINI,_T,_T,_T,0_TO_100,_Z,_Z,_Z,2019,31.2,_Z,IX,2,WB_WDI,P1Y,0,A,PU,Annual,France,Gini index,Total,All age ranges or no breakdown by age,Total,0-100 scale,Not Applicable,Not Applicable,Not Applicable,Not Applicable,Index,Two,World Development Indicators (WDI),Annual,Units,Normal value,Public
datastructure,WB.DATA360:DS_DATA360(1.3),I,A,GEO,WB_WDI_SI_POV_GINI,_T,_T,_T,0_TO_100,_Z,_Z,_Z,2019,35.9,_Z,IX,2,WB_WDI,P1Y,0,A,PU,Annual,Georgia,Gini index,Total,All age ranges or no breakdown by age,Total,0-100 scale,Not Applicable,Not Applicable,Not Applicable,Not Applicable,Index,Two,World Development Indicators (WDI),Annual,Units,Normal value,Public
datastructure,WB.DATA360:DS_DATA360(1.3),I,A,DEU,WB_WDI_SI_POV_GINI,_T,_T,_T,0_TO_100,_Z,_Z,_Z,2019,32.2,_Z,IX,2,WB_WDI,P1Y,0,A,PU,Annual,Germany,Gini index,Total,All age ranges or no breakdown by age,Total,0-100 scale,Not Applicable,Not Applicable,Not Applicable,Not Applicable,Index,Two,World Development Indicators (WDI),Annual,Units,Normal value,Public
datastructure,WB.DATA360:DS_DATA360(1.3),I,A,CYP,WB_WDI_SI_POV_GINI,_T,_T,_T,0_TO_100,_Z,_Z,_Z,2019,31.2,_Z,IX,2,WB_WDI,P1Y,0,A,PU,Annual,Cyprus,Gini index,Total,All age ranges or no breakdown by age,Total,0-100 scale,Not Applicable,Not Applicable,Not Applicable,Not Applicable,Index,Two,World Development Indicators (WDI),Annual,Units,Normal value,Public
datastructure,WB.DATA360:DS_DATA360(1.3),I,A,CZE,WB_WDI_SI_POV_GINI,_T,_T,_T,0_TO_100,_Z,_Z,_Z,2019,25.3,_Z,IX,2,WB_WDI,P1Y,0,A,PU,Annual,Czechia,Gini index,Total,All age ranges or no breakdown by age,Total,0-100 scale,Not Applicable,Not Applicable,Not Applicable,Not Applicable,Index,Two,World Development Indicators (WDI),Annual,Units,Normal value,Public
datastructure,WB.DATA360:DS_DATA360(1.3),I,A,DNK,WB_WDI_SI_POV_GINI,_T,_T,_T,0_TO_100,_Z,_Z,_Z,2019,27.7,_Z,IX,2,WB_WDI,P1Y,0,A,PU,Annual,Denmark,Gini index,Total,All age ranges or no breakdown by age,Total,0-100 scale,Not Applicable,Not Applicable,Not Applicable,Not Applicable,Index,Two,World Development Indicators (WDI),Annual,Units,Normal value,Public
datastructure,WB.DATA360:DS_DATA360(1.3),I,A,DOM,WB_WDI_SI_POV_GINI,_T,_T,_T,0_TO_100,_Z,_Z,_Z,2019,41.9,_Z,IX,2,WB_WDI,P1Y,0,A,PU,Annual,Dominican Republic,Gini index,Total,All age ranges or no breakdown by age,Total,0-100 scale,Not Applicable,Not Applicable,Not Applicable,Not Applicable,Index,Two,World Development Indicators (WDI),Annual,Units,Normal value,Public
datastructure,WB.DATA360:DS_DATA360(1.3),I,A,ECU,WB_WDI_SI_POV_GINI,_T,_T,_T,0_TO_100,_Z,_Z,_Z,2019,45.7,_Z,IX,2,WB_WDI,P1Y,0,A,PU,Annual,Ecuador,Gini index,Total,All age ranges or no breakdown by age,Total,0-100 scale,Not Applicable,Not Applicable,Not Applicable,Not Applicable,Index,Two,World Development Indicators (WDI),Annual,Units,Normal value,Public
datastructure,WB.DATA360:DS_DATA360(1.3),I,A,EGY,WB_WDI_SI_POV_GINI,_T,_T,_T,0_TO_100,_Z,_Z,_Z,2019,31.9,_Z,IX,2,WB_WDI,P1Y,0,A,PU,Annual,"Egypt, Arab Rep.",Gini index,Total,All age ranges or no breakdown by age,Total,0-100 scale,Not Applicable,Not Applicable,Not Applicable,Not Applicable,Index,Two,World Development Indicators (WDI),Annual,Units,Normal value,Public
datastructure,WB.DATA360:DS_DATA360(1.3),I,A,SLV,WB_WDI_SI_POV_GINI,_T,_T,_T,0_TO_100,_Z,_Z,_Z,2019,38.8,_Z,IX,2,WB_WDI,P1Y,0,A,PU,Annual,El Salvador,Gini index,Total,All age ranges or no breakdown by age,Total,0-100 scale,Not Applicable,Not Applicable,Not Applicable,Not Applicable,Index,Two,World Development Indicators (WDI),Annual,Units,Normal value,Public
datastructure,WB.DATA360:DS_DATA360(1.3),I,A,NER,WB_WDI_SI_POV_GINI,_T,_T,_T,0_TO_100,_Z,_Z,_Z,2018,37.3,_Z,IX,2,WB_WDI,P1Y,0,A,PU,Annual,Niger,Gini index,Total,All age ranges or no breakdown by age,Total,0-100 scale,Not Applicable,Not Applicable,Not Applicable,Not Applicable,Index,Two,World Development Indicators (WDI),Annual,Units,Normal value,Public
datastructure,WB.DATA360:DS_DATA360(1.3),I,A,NGA,WB_WDI_SI_POV_GINI,_T,_T,_T,0_TO_100,_Z,_Z,_Z,2018,35.1,_Z,IX,2,WB_WDI,P1Y,0,A,PU,Annual,Nigeria,Gini index,Total,All age ranges or no breakdown by age,Total,0-100 scale,Not Applicable,Not Applicable,Not Applicable,Not Applicable,Index,Two,World Development Indicators (WDI),Annual,Units,Normal value,Public
datastructure,WB.DATA360:DS_DATA360(1.3),I,A,MKD,WB_WDI_SI_POV_GINI,_T,_T,_T,0_TO_100,_Z,_Z,_Z,2018,33.0,_Z,IX,2,WB_WDI,P1Y,0,A,PU,Annual,North Macedonia,Gini index,Total,All age ranges or no breakdown by age,Total,0-100 scale,Not Applicable,Not Applicable,Not Applicable,Not Applicable,Index,Two,World Development Indicators (WDI),Annual,Units,Normal value,Public
datastructure,WB.DATA360:DS_DATA360(1.3),I,A,NOR,WB_WDI_SI_POV_GINI,_T,_T,_T,0_TO_100,_Z,_Z,_Z,2018,27.6,_Z,IX,2,WB_WDI,P1Y,0,A,PU,Annual,Norway,Gini index,Total,All age ranges or no breakdown by age,Total,0-100 scale,Not Applicable,Not Applicable,Not Applicable,Not Applicable,Index,Two,World Development Indicators (WDI),Annual,Units,Normal value,Public
datastructure,WB.DATA360:DS_DATA360(1.3),I,A,PAK,WB_WDI_SI_POV_GINI,_T,_T,_T,0_TO_100,_Z,_Z,_Z,2018,29.6,_Z,IX,2,WB_WDI,P1Y,0,A,PU,Annual,Pakistan,Gini index,Total,All age ranges or no breakdown by age,Total,0-100 scale,Not Applicable,Not Applicable,Not Applicable,Not Applicable,Index,Two,World Development Indicators (WDI),Annual,Units,Normal value,Public
datastructure,WB.DATA360:DS_DATA360(1.3),I,A,PAN,WB_WDI_SI_POV_GINI,_T,_T,_T,0_TO_100,_Z,_Z,_Z,2018,49.2,_Z,IX,2,WB_WDI,P1Y,0,A,PU,Annual,Panama,Gini index,Total,All age ranges or no breakdown by age,Total,0-100 scale,Not Applicable,Not Applicable,Not Applicable,Not Applicable,Index,Two,World Development Indicators (WDI),Annual,Units,Normal value,Public
datastructure,WB.DATA360:DS_DATA360(1.3),I,A,PRY,WB_WDI_SI_POV_GINI,_T,_T,_T,0_TO_100,_Z,_Z,_Z,2018,46.0,_Z,IX,2,WB_WDI,P1Y,0,A,PU,Annual,Paraguay,Gini index,Total,All age ranges or no breakdown by age,Total,0-100 scale,Not Applicable,Not Applicable,Not Applicable,Not Applicable,Index,Two,World Development Indicators (WDI),Annual,Units,Normal value,Public
datastructure,WB.DATA360:DS_DATA360(1.3),I,A,PER,WB_WDI_SI_POV_GINI,_T,_T,_T,0_TO_100,_Z,_Z,_Z,2018,42.4,_Z,IX,2,WB_WDI,P1Y,0,A,PU,Annual,Peru,Gini index,Total,All age ranges or no breakdown by age,Total,0-100 scale,Not Applicable,Not Applicable,Not Applicable,Not Applicable,Index,Two,World Development Indicators (WDI),Annual,Units,Normal value,Public
datastructure,WB.DATA360:DS_DATA360(1.3),I,A,IND,WB_WDI_SI_POV_GINI,_T,_T,_T,0_TO_100,_Z,_Z,_Z,2022,25.5,_Z,IX,2,WB_WDI,P1Y,0,A,PU,Annual,India,Gini index,Total,All age ranges or no breakdown by age,Total,0-100 scale,Not Applicable,Not Applicable,Not Applicable,Not Applicable,Index,Two,World Development Indicators (WDI),Annual,Units,Normal value,Public
datastructure,WB.DATA360:DS_DATA360(1.3),I,A,IDN,WB_WDI_SI_POV_GINI,_T,_T,_T,0_TO_100,_Z,_Z,_Z,2022,35.5,_Z,IX,2,WB_WDI,P1Y,0,A,PU,Annual,Indonesia,Gini index,Total,All age ranges or no breakdown by age,Total,0-100 scale,Not Applicable,Not Applicable,Not Applicable,Not Applicable,Index,Two,World Development Indicators (WDI),Annual,Units,Normal value,Public
datastructure,WB.DATA360:DS_DATA360(1.3),I,A,IRN,WB_WDI_SI_POV_GINI,_T,_T,_T,0_TO_100,_Z,_Z,_Z,2022,34.8,_Z,IX,2,WB_WDI,P1Y,0,A,PU,Annual,"Iran, Islamic Rep.",Gini index,Total,All age ranges or no breakdown by age,Total,0-100 scale,Not Applicable,Not Applicable,Not Applicable,Not Applicable,Index,Two,World Development Indicators (WDI),Annual,Units,Normal value,Public
datastructure,WB.DATA360:DS_DATA360(1.3),I,A,IRL,WB_WDI_SI_POV_GINI,_T,_T,_T,0_TO_100,_Z,_Z,_Z,2022,29.9,_Z,IX,2,WB_WDI,P1Y,0,A,PU,Annual,Ireland,Gini index,Total,All age ranges or no breakdown by age,Total,0-100 scale,Not Applicable,Not Applicable,Not Applicable,Not Applicable,Index,Two,World Development Indicators (WDI),Annual,Units,Normal value,Public
datastructure,WB.DATA360:DS_DATA360(1.3),I,A,ISR,WB_WDI_SI_POV_GINI,_T,_T,_T,0_TO_100,_Z,_Z,_Z,2022,38.3,_Z,IX,2,WB_WDI,P1Y,0,A,PU,Annual,Israel,Gini index,Total,All age ranges or no breakdown by age,Total,0-100 scale,Not Applicable,Not Applicable,Not Applicable,Not Applicable,Index,Two,World Development Indicators (WDI),Annual,Units,Normal value,Public
datastructure,WB.DATA360:DS_DATA360(1.3),I,A,ITA,WB_WDI_SI_POV_GINI,_T,_T,_T,0_TO_100,_Z,_Z,_Z,2022,33.7,_Z,IX,2,WB_WDI,P1Y,0,A,PU,Annual,Italy,Gini index,Total,All age ranges or no breakdown by age,Total,0-100 scale,Not Applicable,Not Applicable,Not Applicable,Not Applicable,Index,Two,World Development Indicators (WDI),Annual,Units,Normal value,Public
datastructure,WB.DATA360:DS_DATA360(1.3),I,A,CAN,WB_WDI_SI_POV_GINI,_T,_T,_T,0_TO_100,_Z,_Z,_Z,2005,33.6,_Z,IX,2,WB_WDI,P1Y,0,A,PU,Annual,Canada,Gini index,Total,All age ranges or no breakdown by age,Total,0-100 scale,Not Applicable,Not Applicable,Not Applicable,Not Applicable,Index,Two,World Development Indicators (WDI),Annual,Units,Normal value,Public
datastructure,WB.DATA360:DS_DATA360(1.3),I,A,CHN,WB_WDI_SI_POV_GINI,_T,_T,_T,0_TO_100,_Z,_Z,_Z,2005,40.9,_Z,IX,2,WB_WDI,P1Y,0,A,PU,Annual,China,Gini index,Total,All age ranges or no breakdown by age,Total,0-100 scale,Not Applicable,Not Applicable,Not Applicable,Not Applicable,Index,Two,World Development Indicators (WDI),Annual,Units,Normal value,Public
datastructure,WB.DATA360:DS_DATA360(1.3),I,A,COL,WB_WDI_SI_POV_GINI,_T,_T,_T,0_TO_100,_Z,_Z,_Z,2005,53.9,_Z,IX,2,WB_WDI,P1Y,0,A,PU,Annual,Colombia,Gini index,Total,All age ranges or no breakdown by age,Total,0-100 scale,Not Applicable,Not Applicable,Not Applicable,Not Applicable,Index,Two,World Development Indicators (WDI),Annual,Units,Normal value,Public
datastructure,WB.DATA360:DS_DATA360(1.3),I,A,LUX,WB_WDI_SI_POV_GINI,_T,_T,_T,0_TO_100,_Z,_Z,_Z,2010,30.5,_Z,IX,2,WB_WDI,P1Y,0,A,PU,Annual,Luxembourg,Gini index,Total,All age ranges or no breakdown by age,Total,0-100 scale,Not Applicable,Not Applicable,Not Applicable,Not Applicable,Index,Two,World Development Indicators (WDI),Annual,Units,Normal value,Public
datastructure,WB.DATA360:DS_DATA360(1.3),I,A,MDG,WB_WDI_SI_POV_GINI,_T,_T,_T,0_TO_100,_Z,_Z,_Z,2010,42.4,_Z,IX,2,WB_WDI,P1Y,0,A,PU,Annual,Madagascar,Gini index,Total,All age ranges or no breakdown by age,Total,0-100 scale,Not Applicable,Not Applicable,Not Applicable,Not Applicable,Index,Two,World Development Indicators (WDI),Annual,Units,Normal value,Public
datastructure,WB.DATA360:DS_DATA360(1.3),I,A,MWI,WB_WDI_SI_POV_GINI,_T,_T,_T,0_TO_100,_Z,_Z,_Z,2010,45.5,_Z,IX,2,WB_WDI,P1Y,0,A,PU,Annual,Malawi,Gini index,Total,All age ranges or no breakdown by age,Total,0-100 scale,Not Applicable,Not Applicable,Not Applicable,Not Applicable,Index,Two,World Development Indicators (WDI),Annual,Units,Normal value,Public
datastructure,WB.DATA360:DS_DATA360(1.3),I,A,MLT,WB_WDI_SI_POV_GINI,_T,_T,_T,0_TO_100,_Z,_Z,_Z,2010,29.0,_Z,IX,2,WB_WDI,P1Y,0,A,PU,Annual,Malta,Gini index,Total,All age ranges or no breakdown by age,Total,0-100 scale,Not Applicable,Not Applicable,Not Applicable,Not Applicable,Index,Two,World Development Indicators (WDI),Annual,Units,Normal value,Public
datastructure,WB.DATA360:DS_DATA360(1.3),I,A,GEO,WB_WDI_SI_POV_GINI,_T,_T,_T,0_TO_100,_Z,_Z,_Z,2007,38.1,_Z,IX,2,WB_WDI,P1Y,0,A,PU,Annual,Georgia,Gini index,Total,All age ranges or no breakdown by age,Total,0-100 scale,Not Applicable,Not Applicable,Not Applicable,Not Applicable,Index,Two,World Development Indicators (WDI),Annual,Units,Normal value,Public
datastructure,WB.DATA360:DS_DATA360(1.3),I,A,DEU,WB_WDI_SI_POV_GINI,_T,_T,_T,0_TO_100,_Z,_Z,_Z,2007,31.2,_Z,IX,2,WB_WDI,P1Y,0,A,PU,Annual,Germany,Gini index,Total,All age ranges or no breakdown by age,Total,0-100 scale,Not Applicable,Not Applicable,Not Applicable,Not Applicable,Index,Two,World Development Indicators (WDI),Annual,Units,Normal value,Public
datastructure,WB.DATA360:DS_DATA360(1.3),I,A,GRC,WB_WDI_SI_POV_GINI,_T,_T,_T,0_TO_100,_Z,_Z,_Z,2007,34.0,_Z,IX,2,WB_WDI,P1Y,0,A,PU,Annual,Greece,Gini index,Total,All age ranges or no breakdown by age,Total,0-100 scale,Not Applicable,Not Applicable,Not Applicable,Not Applicable,Index,Two,World Development Indicators (WDI),Annual,Units,Normal value,Public
datastructure,WB.DATA360:DS_DATA360(1.3),I,A,GIN,WB_WDI_SI_POV_GINI,_T,_T,_T,0_TO_100,_Z,_Z,_Z,2007,39.4,_Z,IX,2,WB_WDI,P1Y,0,A,PU,Annual,Guinea,Gini index,Total,All age ranges or no breakdown by age,Total,0-100 scale,Not Applicable,Not Applicable,Not Applicable,Not Applicable,Index,Two,World Development Indicators (WDI),Annual,Units,Normal value,Public
datastructure,WB.DATA360:DS_DATA360(1.3),I,A,IDN,WB_WDI_SI_POV_GINI,_T,_T,_T,0_TO_100,_Z,_Z,_Z,2021,35.5,_Z,IX,2,WB_WDI,P1Y,0,A,PU,Annual,Indonesia,Gini index,Total,All age ranges or no breakdown by age,Total,0-100 scale,Not Applicable,Not Applicable,Not Applicable,Not Applicable,Index,Two,World Development Indicators (WDI),Annual,Units,Normal value,Public
datastructure,WB.DATA360:DS_DATA360(1.3),I,A,IRN,WB_WDI_SI_POV_GINI,_T,_T,_T,0_TO_100,_Z,_Z,_Z,2021,35.5,_Z,IX,2,WB_WDI,P1Y,0,A,PU,Annual,"Iran, Islamic Rep.",Gini index,Total,All age ranges or no breakdown by age,Total,0-100 scale,Not Applicable,Not Applicable,Not Applicable,Not Applicable,Index,Two,World Development Indicators (WDI),Annual,Units,Normal value,Public
datastructure,WB.DATA360:DS_DATA360(1.3),I,A,IRL,WB_WDI_SI_POV_GINI,_T,_T,_T,0_TO_100,_Z,_Z,_Z,2021,29.4,_Z,IX,2,WB_WDI,P1Y,0,A,PU,Annual,Ireland,Gini index,Total,All age ranges or no breakdown by age,Total,0-100 scale,Not Applicable,Not Applicable,Not Applicable,Not Applicable,Index,Two,World Development Indicators (WDI),Annual,Units,Normal value,Public
datastructure,WB.DATA360:DS_DATA360(1.3),I,A,ISR,WB_WDI_SI_POV_GINI,_T,_T,_T,0_TO_100,_Z,_Z,_Z,2021,37.9,_Z,IX,2,WB_WDI,P1Y,0,A,PU,Annual,Israel,Gini index,Total,All age ranges or no breakdown by age,Total,0-100 scale,Not Applicable,Not Applicable,Not Applicable,Not Applicable,Index,Two,World Development Indicators (WDI),Annual,Units,Normal value,Public
datastructure,WB.DATA360:DS_DATA360(1.3),I,A,ITA,WB_WDI_SI_POV_GINI,_T,_T,_T,0_TO_100,_Z,_Z,_Z,2021,34.8,_Z,IX,2,WB_WDI,P1Y,0,A,PU,Annual,Italy,Gini index,Total,All age ranges or no breakdown by age,Total,0-100 scale,Not Applicable,Not Applicable,Not Applicable,Not Applicable,Index,Two,World Development Indicators (WDI),Annual,Units,Normal value,Public
datastructure,WB.DATA360:DS_DATA360(1.3),I,A,JAM,WB_WDI_SI_POV_GINI,_T,_T,_T,0_TO_100,_Z,_Z,_Z,2021,39.9,_Z,IX,2,WB_WDI,P1Y,0,A,PU,Annual,Jamaica,Gini index,Total,All age ranges or no breakdown by age,Total,0-100 scale,Not Applicable,Not Applicable,Not Applicable,Not Applicable,Index,Two,World Development Indicators (WDI),Annual,Units,Normal value,Public
datastructure,WB.DATA360:DS_DATA360(1.3),I,A,KAZ,WB_WDI_SI_POV_GINI,_T,_T,_T,0_TO_100,_Z,_Z,_Z,2021,29.2,_Z,IX,2,WB_WDI,P1Y,0,A,PU,Annual,Kazakhstan,Gini index,Total,All age ranges or no breakdown by age,Total,0-100 scale,Not Applicable,Not Applicable,Not Applicable,Not Applicable,Index,Two,World Development Indicators (WDI),Annual,Units,Normal value,Public
datastructure,WB.DATA360:DS_DATA360(1.3),I,A,KEN,WB_WDI_SI_POV_GINI,_T,_T,_T,0_TO_100,_Z,_Z,_Z,2021,38.7,_Z,IX,2,WB_WDI,P1Y,0,A,PU,Annual,Kenya,Gini index,Total,All age ranges or no breakdown by age,Total,0-100 scale,Not Applicable,Not Applicable,Not Applicable,Not Applicable,Index,Two,World Development Indicators (WDI),Annual,Units,Normal value,Public
datastructure,WB.DATA360:DS_DATA360(1.3),I,A,NOR,WB_WDI_SI_POV_GINI,_T,_T,_T,0_TO_100,_Z,_Z,_Z,2007,27.1,_Z,IX,2,WB_WDI,P1Y,0,A,PU,Annual,Norway,Gini index,Total,All age ranges or no breakdown by age,Total,0-100 scale,Not Applicable,Not Applicable,Not Applicable,Not Applicable,Index,Two,World Development Indicators (WDI),Annual,Units,Normal value,Public
datastructure,WB.DATA360:DS_DATA360(1.3),I,A,PAK,WB_WDI_SI_POV_GINI,_T,_T,_T,0_TO_100,_Z,_Z,_Z,2007,29.7,_Z,IX,2,WB_WDI,P1Y,0,A,PU,Annual,Pakistan,Gini index,Total,All age ranges or no breakdown by age,Total,0-100 scale,Not Applicable,Not Applicable,Not Applicable,Not Applicable,Index,Two,World Development Indicators (WDI),Annual,Units,Normal value,Public
datastructure,WB.DATA360:DS_DATA360(1.3),I,A,PAN,WB_WDI_SI_POV_GINI,_T,_T,_T,0_TO_100,_Z,_Z,_Z,2007,52.7,_Z,IX,2,WB_WDI,P1Y,0,A,PU,Annual,Panama,Gini index,Total,All age ranges or no breakdown by age,Total,0-100 scale,Not Applicable,Not Applicable,Not Applicable,Not Applicable,Index,Two,World Development Indicators (WDI),Annual,Units,Normal value,Public
datastructure,WB.DATA360:DS_DATA360(1.3),I,A,PRY,WB_WDI_SI_POV_GINI,_T,_T,_T,0_TO_100,_Z,_Z,_Z,2007,53.0,_Z,IX,2,WB_WDI,P1Y,0,A,PU,Annual,Paraguay,Gini index,Total,All age ranges or no breakdown by age,Total,0-100 scale,Not Applicable,Not Applicable,Not Applicable,Not Applicable,Index,Two,World Development Indicators (WDI),Annual,Units,Normal value,Public
datastructure,WB.DATA360:DS_DATA360(1.3),I,A,PER,WB_WDI_SI_POV_GINI,_T,_T,_T,0_TO_100,_Z,_Z,_Z,2007,50.0,_Z,IX,2,WB_WDI,P1Y,0,A,PU,Annual,Peru,Gini index,Total,All age ranges or no breakdown by age,Total,0-100 scale,Not Applicable,Not Applicable,Not Applicable,Not Applicable,Index,Two,World Development Indicators (WDI),Annual,Units,Normal value,Public
datastructure,WB.DATA360:DS_DATA360(1.3),I,A,CRI,WB_WDI_SI_POV_GINI,_T,_T,_T,0_TO_100,_Z,_Z,_Z,2003,49.3,_Z,IX,2,WB_WDI,P1Y,0,A,PU,Annual,Costa Rica,Gini index,Total,All age ranges or no breakdown by age,Total,0-100 scale,Not Applicable,Not Applicable,Not Applicable,Not Applicable,Index,Two,World Development Indicators (WDI),Annual,Units,Normal value,Public
datastructure,WB.DATA360:DS_DATA360(1.3),I,A,DNK,WB_WDI_SI_POV_GINI,_T,_T,_T,0_TO_100,_Z,_Z,_Z,2003,25.6,_Z,IX,2,WB_WDI,P1Y,0,A,PU,Annual,Denmark,Gini index,Total,All age ranges or no breakdown by age,Total,0-100 scale,Not Applicable,Not Applicable,Not Applicable,Not Applicable,Index,Two,World Development Indicators (WDI),Annual,Units,Normal value,Public
datastructure,WB.DATA360:DS_DATA360(1.3),I,A,DOM,WB_WDI_SI_POV_GINI,_T,_T,_T,0_TO_100,_Z,_Z,_Z,2003,52.1,_Z,IX,2,WB_WDI,P1Y,0,A,PU,Annual,Dominican Republic,Gini index,Total,All age ranges or no breakdown by age,Total,0-100 scale,Not Applicable,Not Applicable,Not Applicable,Not Applicable,Index,Two,World Development Indicators (WDI),Annual,Units,Normal value,Public
datastructure,WB.DATA360:DS_DATA360(1.3),I,A,MYS,WB_WDI_SI_POV_GINI,_T,_T,_T,0_TO_100,_Z,_Z,_Z,2011,43.6,_Z,IX,2,WB_WDI,P1Y,0,A,PU,Annual,Malaysia,Gini index,Total,All age ranges or no breakdown by age,Total,0-100 scale,Not Applicable,Not Applicable,Not Applicable,Not Applicable,Index,Two,World Development Indicators (WDI),Annual,Units,Normal value,Public
datastructure,WB.DATA360:DS_DATA360(1.3),I,A,MLT,WB_WDI_SI_POV_GINI,_T,_T,_T,0_TO_100,_Z,_Z,_Z,2011,29.1,_Z,IX,2,WB_WDI,P1Y,0,A,PU,Annual,Malta,Gini index,Total,All age ranges or no breakdown by age,Total,0-100 scale,Not Applicable,Not Applicable,Not Applicable,Not Applicable,Index,Two,World Development Indicators (WDI),Annual,Units,Normal value,Public
datastructure,WB.DATA360:DS_DATA360(1.3),I,A,BIH,WB_WDI_SI_POV_GINI,_T,_T,_T,0_TO_100,_Z,_Z,_Z,2015,32.9,_Z,IX,2,WB_WDI,P1Y,0,A,PU,Annual,Bosnia and Herzegovina,Gini index,Total,All age ranges or no breakdown by age,Total,0-100 scale,Not Applicable,Not Applicable,Not Applicable,Not Applicable,Index,Two,World Development Indicators (WDI),Annual,Units,Normal value,Public
datastructure,WB.DATA360:DS_DATA360(1.3),I,A,BWA,WB_WDI_SI_POV_GINI,_T,_T,_T,0_TO_100,_Z,_Z,_Z,2015,54.9,_Z,IX,2,WB_WDI,P1Y,0,A,PU,Annual,Botswana,Gini index,Total,All age ranges or no breakdown by age,Total,0-100 scale,Not Applicable,Not Applicable,Not Applicable,Not Applicable,Index,Two,World Development Indicators (WDI),Annual,Units,Normal value,Public
datastructure,WB.DATA360:DS_DATA360(1.3),I,A,BRA,WB_WDI_SI_POV_GINI,_T,_T,_T,0_TO_100,_Z,_Z,_Z,2015,51.9,_Z,IX,2,WB_WDI,P1Y,0,A,PU,Annual,Brazil,Gini index,Total,All age ranges or no breakdown by age,Total,0-100 scale,Not Applicable,Not Applicable,Not Applicable,Not Applicable,Index,Two,World Development Indicators (WDI),Annual,Units,Normal value,Public
datastructure,WB.DATA360:DS_DATA360(1.3),I,A,BGR,WB_WDI_SI_POV_GINI,_T,_T,_T,0_TO_100,_Z,_Z,_Z,2015,38.6,_Z,IX,2,WB_WDI,P1Y,0,A,PU,Annual,Bulgaria,Gini index,Total,All age ranges or no breakdown by age,Total,0-100 scale,Not Applicable,Not Applicable,Not Applicable,Not Applicable,Index,Two,World Development Indicators (WDI),Annual,Units,Normal value,Public
datastructure,WB.DATA360:DS_DATA360(1.3),I,A,CPV,WB_WDI_SI_POV_GINI,_T,_T,_T,0_TO_100,_Z,_Z,_Z,2015,42.4,_Z,IX,2,WB_WDI,P1Y,0,A,PU,Annual,Cabo Verde,Gini index,Total,All age ranges or no breakdown by age,Total,0-100 scale,Not Applicable,Not Applicable,Not Applicable,Not Applicable,Index,Two,World Development Indicators (WDI),Annual,Units,Normal value,Public
datastructure,WB.DATA360:DS_DATA360(1.3),I,A,SRB,WB_WDI_SI_POV_GINI,_T,_T,_T,0_TO_100,_Z,_Z,_Z,2002,32.7,_Z,IX,2,WB_WDI,P1Y,0,A,PU,Annual,Serbia,Gini index,Total,All age ranges or no breakdown by age,Total,0-100 scale,Not Applicable,Not Applicable,Not Applicable,Not Applicable,Index,Two,World Development Indicators (WDI),Annual,Units,Normal value,Public
datastructure,WB.DATA360:DS_DATA360(1.3),I,A,SVN,WB_WDI_SI_POV_GINI,_T,_T,_T,0_TO_100,_Z,_Z,_Z,2002,29.1,_Z,IX,2,WB_WDI,P1Y,0,A,PU,Annual,Slovenia,Gini index,Total,All age ranges or no breakdown by age,Total,0-100 scale,Not Applicable,Not Applicable,Not Applicable,Not Applicable,Index,Two,World Development Indicators (WDI),Annual,Units,Normal value,Public
datastructure,WB.DATA360:DS_DATA360(1.3),I,A,LKA,WB_WDI_SI_POV_GINI,_T,_T,_T,0_TO_100,_Z,_Z,_Z,2002,40.2,_Z,IX,2,WB_WDI,P1Y,0,A,PU,Annual,Sri Lanka,Gini index,Total,All age ranges or no breakdown by age,Total,0-100 scale,Not Applicable,Not Applicable,Not Applicable,Not Applicable,Index,Two,World Development Indicators (WDI),Annual,Units,Normal value,Public
datastructure,WB.DATA360:DS_DATA360(1.3),I,A,GEO,WB_WDI_SI_POV_GINI,_T,_T,_T,0_TO_100,_Z,_Z,_Z,2008,38.5,_Z,IX,2,WB_WDI,P1Y,0,A,PU,Annual,Georgia,Gini index,Total,All age ranges or no breakdown by age,Total,0-100 scale,Not Applicable,Not Applicable,Not Applicable,Not Applicable,Index,Two,World Development Indicators (WDI),Annual,Units,Normal value,Public
datastructure,WB.DATA360:DS_DATA360(1.3),I,A,DEU,WB_WDI_SI_POV_GINI,_T,_T,_T,0_TO_100,_Z,_Z,_Z,2008,30.6,_Z,IX,2,WB_WDI,P1Y,0,A,PU,Annual,Germany,Gini index,Total,All age ranges or no breakdown by age,Total,0-100 scale,Not Applicable,Not Applicable,Not Applicable,Not Applicable,Index,Two,World Development Indicators (WDI),Annual,Units,Normal value,Public
datastructure,WB.DATA360:DS_DATA360(1.3),I,A,GRC,WB_WDI_SI_POV_GINI,_T,_T,_T,0_TO_100,_Z,_Z,_Z,2008,33.6,_Z,IX,2,WB_WDI,P1Y,0,A,PU,Annual,Greece,Gini index,Total,All age ranges or no breakdown by age,Total,0-100 scale,Not Applicable,Not Applicable,Not Applicable,Not Applicable,Index,Two,World Development Indicators (WDI),Annual,Units,Normal value,Public
datastructure,WB.DATA360:DS_DATA360(1.3),I,A,HND,WB_WDI_SI_POV_GINI,_T,_T,_T,0_TO_100,_Z,_Z,_Z,2008,55.5,_Z,IX,2,WB_WDI,P1Y,0,A,PU,Annual,Honduras,Gini index,Total,All age ranges or no breakdown by age,Total,0-100 scale,Not Applicable,Not Applicable,Not Applicable,Not Applicable,Index,Two,World Development Indicators (WDI),Annual,Units,Normal value,Public
datastructure,WB.DATA360:DS_DATA360(1.3),I,A,ECU,WB_WDI_SI_POV_GINI,_T,_T,_T,0_TO_100,_Z,_Z,_Z,2007,53.4,_Z,IX,2,WB_WDI,P1Y,0,A,PU,Annual,Ecuador,Gini index,Total,All age ranges or no breakdown by age,Total,0-100 scale,Not Applicable,Not Applicable,Not Applicable,Not Applicable,Index,Two,World Development Indicators (WDI),Annual,Units,Normal value,Public
datastructure,WB.DATA360:DS_DATA360(1.3),I,A,SLV,WB_WDI_SI_POV_GINI,_T,_T,_T,0_TO_100,_Z,_Z,_Z,2007,45.2,_Z,IX,2,WB_WDI,P1Y,0,A,PU,Annual,El Salvador,Gini index,Total,All age ranges or no breakdown by age,Total,0-100 scale,Not Applicable,Not Applicable,Not Applicable,Not Applicable,Index,Two,World Development Indicators (WDI),Annual,Units,Normal value,Public
datastructure,WB.DATA360:DS_DATA360(1.3),I,A,EST,WB_WDI_SI_POV_GINI,_T,_T,_T,0_TO_100,_Z,_Z,_Z,2007,31.2,_Z,IX,2,WB_WDI,P1Y,0,A,PU,Annual,Estonia,Gini index,Total,All age ranges or no breakdown by age,Total,0-100 scale,Not Applicable,Not Applicable,Not Applicable,Not Applicable,Index,Two,World Development Indicators (WDI),Annual,Units,Normal value,Public
datastructure,WB.DATA360:DS_DATA360(1.3),I,A,FIN,WB_WDI_SI_POV_GINI,_T,_T,_T,0_TO_100,_Z,_Z,_Z,2007,28.3,_Z,IX,2,WB_WDI,P1Y,0,A,PU,Annual,Finland,Gini index,Total,All age ranges or no breakdown by age,Total,0-100 scale,Not Applicable,Not Applicable,Not Applicable,Not Applicable,Index,Two,World Development Indicators (WDI),Annual,Units,Normal value,Public
datastructure,WB.DATA360:DS_DATA360(1.3),I,A,FRA,WB_WDI_SI_POV_GINI,_T,_T,_T,0_TO_100,_Z,_Z,_Z,2007,32.4,_Z,IX,2,WB_WDI,P1Y,0,A,PU,Annual,France,Gini index,Total,All age ranges or no breakdown by age,Total,0-100 scale,Not Applicable,Not Applicable,Not Applicable,Not Applicable,Index,Two,World Development Indicators (WDI),Annual,Units,Normal value,Public
datastructure,WB.DATA360:DS_DATA360(1.3),I,A,BOL,WB_WDI_SI_POV_GINI,_T,_T,_T,0_TO_100,_Z,_Z,_Z,2005,58.5,_Z,IX,2,WB_WDI,P1Y,0,A,PU,Annual,Bolivia,Gini index,Total,All age ranges or no breakdown by age,Total,0-100 scale,Not Applicable,Not Applicable,Not Applicable,Not Applicable,Index,Two,World Development Indicators (WDI),Annual,Units,Normal value,Public
datastructure,WB.DATA360:DS_DATA360(1.3),I,A,BRA,WB_WDI_SI_POV_GINI,_T,_T,_T,0_TO_100,_Z,_Z,_Z,2005,56.3,_Z,IX,2,WB_WDI,P1Y,0,A,PU,Annual,Brazil,Gini index,Total,All age ranges or no breakdown by age,Total,0-100 scale,Not Applicable,Not Applicable,Not Applicable,Not Applicable,Index,Two,World Development Indicators (WDI),Annual,Units,Normal value,Public
datastructure,WB.DATA360:DS_DATA360(1.3),I,A,NGA,WB_WDI_SI_POV_GINI,_T,_T,_T,0_TO_100,_Z,_Z,_Z,2022,33.9,_Z,IX,2,WB_WDI,P1Y,0,A,PU,Annual,Nigeria,Gini index,Total,All age ranges or no breakdown by age,Total,0-100 scale,Not Applicable,Not Applicable,Not Applicable,Not Applicable,Index,Two,World Development Indicators (WDI),Annual,Units,Normal value,Public
datastructure,WB.DATA360:DS_DATA360(1.3),I,A,NOR,WB_WDI_SI_POV_GINI,_T,_T,_T,0_TO_100,_Z,_Z,_Z,2022,26.9,_Z,IX,2,WB_WDI,P1Y,0,A,PU,Annual,Norway,Gini index,Total,All age ranges or no breakdown by age,Total,0-100 scale,Not Applicable,Not Applicable,Not Applicable,Not Applicable,Index,Two,World Development Indicators (WDI),Annual,Units,Normal value,Public
datastructure,WB.DATA360:DS_DATA360(1.3),I,A,PRY,WB_WDI_SI_POV_GINI,_T,_T,_T,0_TO_100,_Z,_Z,_Z,2022,44.6,_Z,IX,2,WB_WDI,P1Y,0,A,PU,Annual,Paraguay,Gini index,Total,All age ranges or no breakdown by age,Total,0-100 scale,Not Applicable,Not Applicable,Not Applicable,Not Applicable,Index,Two,World Development Indicators (WDI),Annual,Units,Normal value,Public
datastructure,WB.DATA360:DS_DATA360(1.3),I,A,PER,WB_WDI_SI_POV_GINI,_T,_T,_T,0_TO_100,_Z,_Z,_Z,2022,40.3,_Z,IX,2,WB_WDI,P1Y,0,A,PU,Annual,Peru,Gini index,Total,All age ranges or no breakdown by age,Total,0-100 scale,Not Applicable,Not Applicable,Not Applicable,Not Applicable,Index,Two,World Development Indicators (WDI),Annual,Units,Normal value,Public
datastructure,WB.DATA360:DS_DATA360(1.3),I,A,HRV,WB_WDI_SI_POV_GINI,_T,_T,_T,0_TO_100,_Z,_Z,_Z,2012,32.5,_Z,IX,2,WB_WDI,P1Y,0,A,PU,Annual,Croatia,Gini index,Total,All age ranges or no breakdown by age,Total,0-100 scale,Not Applicable,Not Applicable,Not Applicable,Not Applicable,Index,Two,World Development Indicators (WDI),Annual,Units,Normal value,Public
datastructure,WB.DATA360:DS_DATA360(1.3),I,A,CYP,WB_WDI_SI_POV_GINI,_T,_T,_T,0_TO_100,_Z,_Z,_Z,2012,34.3,_Z,IX,2,WB_WDI,P1Y,0,A,PU,Annual,Cyprus,Gini index,Total,All age ranges or no breakdown by age,Total,0-100 scale,Not Applicable,Not Applicable,Not Applicable,Not Applicable,Index,Two,World Development Indicators (WDI),Annual,Units,Normal value,Public
datastructure,WB.DATA360:DS_DATA360(1.3),I,A,CZE,WB_WDI_SI_POV_GINI,_T,_T,_T,0_TO_100,_Z,_Z,_Z,2012,26.1,_Z,IX,2,WB_WDI,P1Y,0,A,PU,Annual,Czechia,Gini index,Total,All age ranges or no breakdown by age,Total,0-100 scale,Not Applicable,Not Applicable,Not Applicable,Not Applicable,Index,Two,World Development Indicators (WDI),Annual,Units,Normal value,Public
datastructure,WB.DATA360:DS_DATA360(1.3),I,A,DNK,WB_WDI_SI_POV_GINI,_T,_T,_T,0_TO_100,_Z,_Z,_Z,2012,27.8,_Z,IX,2,WB_WDI,P1Y,0,A,PU,Annual,Denmark,Gini index,Total,All age ranges or no breakdown by age,Total,0-100 scale,Not Applicable,Not Applicable,Not Applicable,Not Applicable,Index,Two,World Development Indicators (WDI),Annual,Units,Normal value,Public
datastructure,WB.DATA360:DS_DATA360(1.3),I,A,DJI,WB_WDI_SI_POV_GINI,_T,_T,_T,0_TO_100,_Z,_Z,_Z,2012,45.1,_Z,IX,2,WB_WDI,P1Y,0,A,PU,Annual,Djibouti,Gini index,Total,All age ranges or no breakdown by age,Total,0-100 scale,Not Applicable,Not Applicable,Not Applicable,Not Applicable,Index,Two,World Development Indicators (WDI),Annual,Units,Normal value,Public
datastructure,WB.DATA360:DS_DATA360(1.3),I,A,DOM,WB_WDI_SI_POV_GINI,_T,_T,_T,0_TO_100,_Z,_Z,_Z,2012,46.1,_Z,IX,2,WB_WDI,P1Y,0,A,PU,Annual,Dominican Republic,Gini index,Total,All age ranges or no breakdown by age,Total,0-100 scale,Not Applicable,Not Applicable,Not Applicable,Not Applicable,Index,Two,World Development Indicators (WDI),Annual,Units,Normal value,Public
datastructure,WB.DATA360:DS_DATA360(1.3),I,A,ECU,WB_WDI_SI_POV_GINI,_T,_T,_T,0_TO_100,_Z,_Z,_Z,2012,46.1,_Z,IX,2,WB_WDI,P1Y,0,A,PU,Annual,Ecuador,Gini index,Total,All age ranges or no breakdown by age,Total,0-100 scale,Not Applicable,Not Applicable,Not Applicable,Not Applicable,Index,Two,World Development Indicators (WDI),Annual,Units,Normal value,Public
datastructure,WB.DATA360:DS_DATA360(1.3),I,A,EGY,WB_WDI_SI_POV_GINI,_T,_T,_T,0_TO_100,_Z,_Z,_Z,2012,28.3,_Z,IX,2,WB_WDI,P1Y,0,A,PU,Annual,"Egypt, Arab Rep.",Gini index,Total,All age ranges or no breakdown by age,Total,0-100 scale,Not Applicable,Not Applicable,Not Applicable,Not Applicable,Index,Two,World Development Indicators (WDI),Annual,Units,Normal value,Public
datastructure,WB.DATA360:DS_DATA360(1.3),I,A,AGO,WB_WDI_SI_POV_GINI,_T,_T,_T,0_TO_100,_Z,_Z,_Z,2000,51.9,_Z,IX,2,WB_WDI,P1Y,0,A,PU,Annual,Angola,Gini index,Total,All age ranges or no breakdown by age,Total,0-100 scale,Not Applicable,Not Applicable,Not Applicable,Not Applicable,Index,Two,World Development Indicators (WDI),Annual,Units,Normal value,Public
datastructure,WB.DATA360:DS_DATA360(1.3),I,A,ARG,WB_WDI_SI_POV_GINI,_T,_T,_T,0_TO_100,_Z,_Z,_Z,2000,51.0,_Z,IX,2,WB_WDI,P1Y,0,A,PU,Annual,Argentina,Gini index,Total,All age ranges or no breakdown by age,Total,0-100 scale,Not Applicable,Not Applicable,Not Applicable,Not Applicable,Index,Two,World Development Indicators (WDI),Annual,Units,Normal value,Public
datastructure,WB.DATA360:DS_DATA360(1.3),I,A,AUT,WB_WDI_SI_POV_GINI,_T,_T,_T,0_TO_100,_Z,_Z,_Z,2000,29.0,_Z,IX,2,WB_WDI,P1Y,0,A,PU,Annual,Austria,Gini index,Total,All age ranges or no breakdown by age,Total,0-100 scale,Not Applicable,Not Applicable,Not Applicable,Not Applicable,Index,Two,World Development Indicators (WDI),Annual,Units,Normal value,Public
datastructure,WB.DATA360:DS_DATA360(1.3),I,A,BGD,WB_WDI_SI_POV_GINI,_T,_T,_T,0_TO_100,_Z,_Z,_Z,2000,33.4,_Z,IX,2,WB_WDI,P1Y,0,A,PU,Annual,Bangladesh,Gini index,Total,All age ranges or no breakdown by age,Total,0-100 scale,Not Applicable,Not Applicable,Not Applicable,Not Applicable,Index,Two,World Development Indicators (WDI),Annual,Units,Normal value,Public
datastructure,WB.DATA360:DS_DATA360(1.3),I,A,CAN,WB_WDI_SI_POV_GINI,_T,_T,_T,0_TO_100,_Z,_Z,_Z,2000,33.4,_Z,IX,2,WB_WDI,P1Y,0,A,PU,Annual,Canada,Gini index,Total,All age ranges or no breakdown by age,Total,0-100 scale,Not Applicable,Not Applicable,Not Applicable,Not Applicable,Index,Two,World Development Indicators (WDI),Annual,Units,Normal value,Public
datastructure,WB.DATA360:DS_DATA360(1.3),I,A,CHL,WB_WDI_SI_POV_GINI,_T,_T,_T,0_TO_100,_Z,_Z,_Z,2000,52.8,_Z,IX,2,WB_WDI,P1Y,0,A,PU,Annual,Chile,Gini index,Total,All age ranges or no breakdown by age,Total,0-100 scale,Not Applicable,Not Applicable,Not Applicable,Not Applicable,Index,Two,World Development Indicators (WDI),Annual,Units,Normal value,Public
datastructure,WB.DATA360:DS_DATA360(1.3),I,A,COL,WB_WDI_SI_POV_GINI,_T,_T,_T,0_TO_100,_Z,_Z,_Z,2000,58.4,_Z,IX,2,WB_WDI,P1Y,0,A,PU,Annual,Colombia,Gini index,Total,All age ranges or no breakdown by age,Total,0-100 scale,Not Applicable,Not Applicable,Not Applicable,Not Applicable,Index,Two,World Development Indicators (WDI),Annual,Units,Normal value,Public
datastructure,WB.DATA360:DS_DATA360(1.3),I,A,CAN,WB_WDI_SI_POV_GINI,_T,_T,_T,0_TO_100,_Z,_Z,_Z,2022,31.5,_Z,IX,2,WB_WDI,P1Y,0,A,PU,Annual,Canada,Gini index,Total,All age ranges or no breakdown by age,Total,0-100 scale,Not Applicable,Not Applicable,Not Applicable,Not Applicable,Index,Two,World Development Indicators (WDI),Annual,Units,Normal value,Public
datastructure,WB.DATA360:DS_DATA360(1.3),I,A,TCD,WB_WDI_SI_POV_GINI,_T,_T,_T,0_TO_100,_Z,_Z,_Z,2022,37.4,_Z,IX,2,WB_WDI,P1Y,0,A,PU,Annual,Chad,Gini index,Total,All age ranges or no breakdown by age,Total,0-100 scale,Not Applicable,Not Applicable,Not Applicable,Not Applicable,Index,Two,World Development Indicators (WDI),Annual,Units,Normal value,Public
datastructure,WB.DATA360:DS_DATA360(1.3),I,A,CHL,WB_WDI_SI_POV_GINI,_T,_T,_T,0_TO_100,_Z,_Z,_Z,2022,43.2,_Z,IX,2,WB_WDI,P1Y,0,A,PU,Annual,Chile,Gini index,Total,All age ranges or no breakdown by age,Total,0-100 scale,Not Applicable,Not Applicable,Not Applicable,Not Applicable,Index,Two,World Development Indicators (WDI),Annual,Units,Normal value,Public
datastructure,WB.DATA360:DS_DATA360(1.3),I,A,CHN,WB_WDI_SI_POV_GINI,_T,_T,_T,0_TO_100,_Z,_Z,_Z,2022,36.0,_Z,IX,2,WB_WDI,P1Y,0,A,PU,Annual,China,Gini index,Total,All age ranges or no breakdown by age,Total,0-100 scale,Not Applicable,Not Applicable,Not Applicable,Not Applicable,Index,Two,World Development Indicators (WDI),Annual,Units,Normal value,Public
datastructure,WB.DATA360:DS_DATA360(1.3),I,A,COL,WB_WDI_SI_POV_GINI,_T,_T,_T,0_TO_100,_Z,_Z,_Z,2022,54.8,_Z,IX,2,WB_WDI,P1Y,0,A,PU,Annual,Colombia,Gini index,Total,All age ranges or no breakdown by age,Total,0-100 scale,Not Applicable,Not Applicable,Not Applicable,Not Applicable,Index,Two,World Development Indicators (WDI),Annual,Units,Normal value,Public
datastructure,WB.DATA360:DS_DATA360(1.3),I,A,CRI,WB_WDI_SI_POV_GINI,_T,_T,_T,0_TO_100,_Z,_Z,_Z,2022,47.2,_Z,IX,2,WB_WDI,P1Y,0,A,PU,Annual,Costa Rica,Gini index,Total,All age ranges or no breakdown by age,Total,0-100 scale,Not Applicable,Not Applicable,Not Applicable,Not Applicable,Index,Two,World Development Indicators (WDI),Annual,Units,Normal value,Public
datastructure,WB.DATA360:DS_DATA360(1.3),I,A,FRA,WB_WDI_SI_POV_GINI,_T,_T,_T,0_TO_100,_Z,_Z,_Z,2004,30.6,_Z,IX,2,WB_WDI,P1Y,0,A,PU,Annual,France,Gini index,Total,All age ranges or no breakdown by age,Total,0-100 scale,Not Applicable,Not Applicable,Not Applicable,Not Applicable,Index,Two,World Development Indicators (WDI),Annual,Units,Normal value,Public
datastructure,WB.DATA360:DS_DATA360(1.3),I,A,GEO,WB_WDI_SI_POV_GINI,_T,_T,_T,0_TO_100,_Z,_Z,_Z,2004,36.2,_Z,IX,2,WB_WDI,P1Y,0,A,PU,Annual,Georgia,Gini index,Total,All age ranges or no breakdown by age,Total,0-100 scale,Not Applicable,Not Applicable,Not Applicable,Not Applicable,Index,Two,World Development Indicators (WDI),Annual,Units,Normal value,Public
datastructure,WB.DATA360:DS_DATA360(1.3),I,A,DEU,WB_WDI_SI_POV_GINI,_T,_T,_T,0_TO_100,_Z,_Z,_Z,2004,30.1,_Z,IX,2,WB_WDI,P1Y,0,A,PU,Annual,Germany,Gini index,Total,All age ranges or no breakdown by age,Total,0-100 scale,Not Applicable,Not Applicable,Not Applicable,Not Applicable,Index,Two,World Development Indicators (WDI),Annual,Units,Normal value,Public
datastructure,WB.DATA360:DS_DATA360(1.3),I,A,GRC,WB_WDI_SI_POV_GINI,_T,_T,_T,0_TO_100,_Z,_Z,_Z,2004,33.6,_Z,IX,2,WB_WDI,P1Y,0,A,PU,Annual,Greece,Gini index,Total,All age ranges or no breakdown by age,Total,0-100 scale,Not Applicable,Not Applicable,Not Applicable,Not Applicable,Index,Two,World Development Indicators (WDI),Annual,Units,Normal value,Public
datastructure,WB.DATA360:DS_DATA360(1.3),I,A,DOM,WB_WDI_SI_POV_GINI,_T,_T,_T,0_TO_100,_Z,_Z,_Z,2004,52.1,_Z,IX,2,WB_WDI,P1Y,0,A,PU,Annual,Dominican Republic,Gini index,Total,All age ranges or no breakdown by age,Total,0-100 scale,Not Applicable,Not Applicable,Not Applicable,Not Applicable,Index,Two,World Development Indicators (WDI),Annual,Units,Normal value,Public
datastructure,WB.DATA360:DS_DATA360(1.3),I,A,ECU,WB_WDI_SI_POV_GINI,_T,_T,_T,0_TO_100,_Z,_Z,_Z,2004,53.9,_Z,IX,2,WB_WDI,P1Y,0,A,PU,Annual,Ecuador,Gini index,Total,All age ranges or no breakdown by age,Total,0-100 scale,Not Applicable,Not Applicable,Not Applicable,Not Applicable,Index,Two,World Development Indicators (WDI),Annual,Units,Normal value,Public
datastructure,WB.DATA360:DS_DATA360(1.3),I,A,EGY,WB_WDI_SI_POV_GINI,_T,_T,_T,0_TO_100,_Z,_Z,_Z,2004,31.8,_Z,IX,2,WB_WDI,P1Y,0,A,PU,Annual,"Egypt, Arab Rep.",Gini index,Total,All age ranges or no breakdown by age,Total,0-100 scale,Not Applicable,Not Applicable,Not Applicable,Not Applicable,Index,Two,World Development Indicators (WDI),Annual,Units,Normal value,Public
datastructure,WB.DATA360:DS_DATA360(1.3),I,A,SLV,WB_WDI_SI_POV_GINI,_T,_T,_T,0_TO_100,_Z,_Z,_Z,2004,47.8,_Z,IX,2,WB_WDI,P1Y,0,A,PU,Annual,El Salvador,Gini index,Total,All age ranges or no breakdown by age,Total,0-100 scale,Not Applicable,Not Applicable,Not Applicable,Not Applicable,Index,Two,World Development Indicators (WDI),Annual,Units,Normal value,Public
datastructure,WB.DATA360:DS_DATA360(1.3),I,A,EST,WB_WDI_SI_POV_GINI,_T,_T,_T,0_TO_100,_Z,_Z,_Z,2004,33.6,_Z,IX,2,WB_WDI,P1Y,0,A,PU,Annual,Estonia,Gini index,Total,All age ranges or no breakdown by age,Total,0-100 scale,Not Applicable,Not Applicable,Not Applicable,Not Applicable,Index,Two,World Development Indicators (WDI),Annual,Units,Normal value,Public
datastructure,WB.DATA360:DS_DATA360(1.3),I,A,ETH,WB_WDI_SI_POV_GINI,_T,_T,_T,0_TO_100,_Z,_Z,_Z,2004,29.8,_Z,IX,2,WB_WDI,P1Y,0,A,PU,Annual,Ethiopia,Gini index,Total,All age ranges or no breakdown by age,Total,0-100 scale,Not Applicable,Not Applicable,Not Applicable,Not Applicable,Index,Two,World Development Indicators (WDI),Annual,Units,Normal value,Public
datastructure,WB.DATA360:DS_DATA360(1.3),I,A,FIN,WB_WDI_SI_POV_GINI,_T,_T,_T,0_TO_100,_Z,_Z,_Z,2004,27.9,_Z,IX,2,WB_WDI,P1Y,0,A,PU,Annual,Finland,Gini index,Total,All age ranges or no breakdown by age,Total,0-100 scale,Not Applicable,Not Applicable,Not Applicable,Not Applicable,Index,Two,World Development Indicators (WDI),Annual,Units,Normal value,Public
datastructure,WB.DATA360:DS_DATA360(1.3),I,A,NOR,WB_WDI_SI_POV_GINI,_T,_T,_T,0_TO_100,_Z,_Z,_Z,2019,27.7,_Z,IX,2,WB_WDI,P1Y,0,A,PU,Annual,Norway,Gini index,Total,All age ranges or no breakdown by age,Total,0-100 scale,Not Applicable,Not Applicable,Not Applicable,Not Applicable,Index,Two,World Development Indicators (WDI),Annual,Units,Normal value,Public
datastructure,WB.DATA360:DS_DATA360(1.3),I,A,PAN,WB_WDI_SI_POV_GINI,_T,_T,_T,0_TO_100,_Z,_Z,_Z,2019,49.8,_Z,IX,2,WB_WDI,P1Y,0,A,PU,Annual,Panama,Gini index,Total,All age ranges or no breakdown by age,Total,0-100 scale,Not Applicable,Not Applicable,Not Applicable,Not Applicable,Index,Two,World Development Indicators (WDI),Annual,Units,Normal value,Public
datastructure,WB.DATA360:DS_DATA360(1.3),I,A,PRY,WB_WDI_SI_POV_GINI,_T,_T,_T,0_TO_100,_Z,_Z,_Z,2019,45.7,_Z,IX,2,WB_WDI,P1Y,0,A,PU,Annual,Paraguay,Gini index,Total,All age ranges or no breakdown by age,Total,0-100 scale,Not Applicable,Not Applicable,Not Applicable,Not Applicable,Index,Two,World Development Indicators (WDI),Annual,Units,Normal value,Public
datastructure,WB.DATA360:DS_DATA360(1.3),I,A,PER,WB_WDI_SI_POV_GINI,_T,_T,_T,0_TO_100,_Z,_Z,_Z,2019,41.5,_Z,IX,2,WB_WDI,P1Y,0,A,PU,Annual,Peru,Gini index,Total,All age ranges or no breakdown by age,Total,0-100 scale,Not Applicable,Not Applicable,Not Applicable,Not Applicable,Index,Two,World Development Indicators (WDI),Annual,Units,Normal value,Public
datastructure,WB.DATA360:DS_DATA360(1.3),I,A,POL,WB_WDI_SI_POV_GINI,_T,_T,_T,0_TO_100,_Z,_Z,_Z,2019,28.8,_Z,IX,2,WB_WDI,P1Y,0,A,PU,Annual,Poland,Gini index,Total,All age ranges or no breakdown by age,Total,0-100 scale,Not Applicable,Not Applicable,Not Applicable,Not Applicable,Index,Two,World Development Indicators (WDI),Annual,Units,Normal value,Public
datastructure,WB.DATA360:DS_DATA360(1.3),I,A,GBR,WB_WDI_SI_POV_GINI,_T,_T,_T,0_TO_100,_Z,_Z,_Z,1997,35.7,_Z,IX,2,WB_WDI,P1Y,0,A,PU,Annual,United Kingdom,Gini index,Total,All age ranges or no breakdown by age,Total,0-100 scale,Not Applicable,Not Applicable,Not Applicable,Not Applicable,Index,Two,World Development Indicators (WDI),Annual,Units,Normal value,Public
datastructure,WB.DATA360:DS_DATA360(1.3),I,A,USA,WB_WDI_SI_POV_GINI,_T,_T,_T,0_TO_100,_Z,_Z,_Z,1997,40.5,_Z,IX,2,WB_WDI,P1Y,0,A,PU,Annual,United States,Gini index,Total,All age ranges or no breakdown by age,Total,0-100 scale,Not Applicable,Not Applicable,Not Applicable,Not Applicable,Index,Two,World Development Indicators (WDI),Annual,Units,Normal value,Public
datastructure,WB.DATA360:DS_DATA360(1.3),I,A,URY,WB_WDI_SI_POV_GINI,_T,_T,_T,0_TO_100,_Z,_Z,_Z,1997,41.5,_Z,IX,2,WB_WDI,P1Y,0,A,PU,Annual,Uruguay,Gini index,Total,All age ranges or no breakdown by age,Total,0-100 scale,Not Applicable,Not Applicable,Not Applicable,Not Applicable,Index,Two,World Development Indicators (WDI),Annual,Units,Normal value,Public
datastructure,WB.DATA360:DS_DATA360(1.3),I,A,VNM,WB_WDI_SI_POV_GINI,_T,_T,_T,0_TO_100,_Z,_Z,_Z,1997,35.4,_Z,IX,2,WB_WDI,P1Y,0,A,PU,Annual,Vietnam,Gini index,Total,All age ranges or no breakdown by age,Total,0-100 scale,Not Applicable,Not Applicable,Not Applicable,Not Applicable,Index,Two,World Development Indicators (WDI),Annual,Units,Normal value,Public
datastructure,WB.DATA360:DS_DATA360(1.3),I,A,ALB,WB_WDI_SI_POV_GINI,_T,_T,_T,0_TO_100,_Z,_Z,_Z,2015,32.8,_Z,IX,2,WB_WDI,P1Y,0,A,PU,Annual,Albania,Gini index,Total,All age ranges or no breakdown by age,Total,0-100 scale,Not Applicable,Not Applicable,Not Applicable,Not Applicable,Index,Two,World Development Indicators (WDI),Annual,Units,Normal value,Public
datastructure,WB.DATA360:DS_DATA360(1.3),I,A,ARM,WB_WDI_SI_POV_GINI,_T,_T,_T,0_TO_100,_Z,_Z,_Z,2015,32.4,_Z,IX,2,WB_WDI,P1Y,0,A,PU,Annual,Armenia,Gini index,Total,All age ranges or no breakdown by age,Total,0-100 scale,Not Applicable,Not Applicable,Not Applicable,Not Applicable,Index,Two,World Development Indicators (WDI),Annual,Units,Normal value,Public
datastructure,WB.DATA360:DS_DATA360(1.3),I,A,AUT,WB_WDI_SI_POV_GINI,_T,_T,_T,0_TO_100,_Z,_Z,_Z,2015,30.5,_Z,IX,2,WB_WDI,P1Y,0,A,PU,Annual,Austria,Gini index,Total,All age ranges or no breakdown by age,Total,0-100 scale,Not Applicable,Not Applicable,Not Applicable,Not Applicable,Index,Two,World Development Indicators (WDI),Annual,Units,Normal value,Public
datastructure,WB.DATA360:DS_DATA360(1.3),I,A,ESP,WB_WDI_SI_POV_GINI,_T,_T,_T,0_TO_100,_Z,_Z,_Z,2018,34.7,_Z,IX,2,WB_WDI,P1Y,0,A,PU,Annual,Spain,Gini index,Total,All age ranges or no breakdown by age,Total,0-100 scale,Not Applicable,Not Applicable,Not Applicable,Not Applicable,Index,Two,World Development Indicators (WDI),Annual,Units,Normal value,Public
datastructure,WB.DATA360:DS_DATA360(1.3),I,A,SWE,WB_WDI_SI_POV_GINI,_T,_T,_T,0_TO_100,_Z,_Z,_Z,2018,30.0,_Z,IX,2,WB_WDI,P1Y,0,A,PU,Annual,Sweden,Gini index,Total,All age ranges or no breakdown by age,Total,0-100 scale,Not Applicable,Not Applicable,Not Applicable,Not Applicable,Index,Two,World Development Indicators (WDI),Annual,Units,Normal value,Public
datastructure,WB.DATA360:DS_DATA360(1.3),I,A,CHE,WB_WDI_SI_POV_GINI,_T,_T,_T,0_TO_100,_Z,_Z,_Z,2018,33.1,_Z,IX,2,WB_WDI,P1Y,0,A,PU,Annual,Switzerland,Gini index,Total,All age ranges or no breakdown by age,Total,0-100 scale,Not Applicable,Not Applicable,Not Applicable,Not Applicable,Index,Two,World Development Indicators (WDI),Annual,Units,Normal value,Public
datastructure,WB.DATA360:DS_DATA360(1.3),I,A,PAN,WB_WDI_SI_POV_GINI,_T,_T,_T,0_TO_100,_Z,_Z,_Z,2015,50.8,_Z,IX,2,WB_WDI,P1Y,0,A,PU,Annual,Panama,Gini index,Total,All age ranges or no breakdown by age,Total,0-100 scale,Not Applicable,Not Applicable,Not Applicable,Not Applicable,Index,Two,World Development Indicators (WDI),Annual,Units,Normal value,Public
datastructure,WB.DATA360:DS_DATA360(1.3),I,A,PRY,WB_WDI_SI_POV_GINI,_T,_T,_T,0_TO_100,_Z,_Z,_Z,2015,47.6,_Z,IX,2,WB_WDI,P1Y,0,A,PU,Annual,Paraguay,Gini index,Total,All age ranges or no breakdown by age,Total,0-100 scale,Not Applicable,Not Applicable,Not Applicable,Not Applicable,Index,Two,World Development Indicators (WDI),Annual,Units,Normal value,Public
datastructure,WB.DATA360:DS_DATA360(1.3),I,A,PER,WB_WDI_SI_POV_GINI,_T,_T,_T,0_TO_100,_Z,_Z,_Z,2015,43.4,_Z,IX,2,WB_WDI,P1Y,0,A,PU,Annual,Peru,Gini index,Total,All age ranges or no breakdown by age,Total,0-100 scale,Not Applicable,Not Applicable,Not Applicable,Not Applicable,Index,Two,World Development Indicators (WDI),Annual,Units,Normal value,Public
datastructure,WB.DATA360:DS_DATA360(1.3),I,A,PHL,WB_WDI_SI_POV_GINI,_T,_T,_T,0_TO_100,_Z,_Z,_Z,2015,44.6,_Z,IX,2,WB_WDI,P1Y,0,A,PU,Annual,Philippines,Gini index,Total,All age ranges or no breakdown by age,Total,0-100 scale,Not Applicable,Not Applicable,Not Applicable,Not Applicable,Index,Two,World Development Indicators (WDI),Annual,Units,Normal value,Public
datastructure,WB.DATA360:DS_DATA360(1.3),I,A,POL,WB_WDI_SI_POV_GINI,_T,_T,_T,0_TO_100,_Z,_Z,_Z,2015,31.8,_Z,IX,2,WB_WDI,P1Y,0,A,PU,Annual,Poland,Gini index,Total,All age ranges or no breakdown by age,Total,0-100 scale,Not Applicable,Not Applicable,Not Applicable,Not Applicable,Index,Two,World Development Indicators (WDI),Annual,Units,Normal value,Public
datastructure,WB.DATA360:DS_DATA360(1.3),I,A,PRT,WB_WDI_SI_POV_GINI,_T,_T,_T,0_TO_100,_Z,_Z,_Z,2015,35.5,_Z,IX,2,WB_WDI,P1Y,0,A,PU,Annual,Portugal,Gini index,Total,All age ranges or no breakdown by age,Total,0-100 scale,Not Applicable,Not Applicable,Not Applicable,Not Applicable,Index,Two,World Development Indicators (WDI),Annual,Units,Normal value,Public
datastructure,WB.DATA360:DS_DATA360(1.3),I,A,ROU,WB_WDI_SI_POV_GINI,_T,_T,_T,0_TO_100,_Z,_Z,_Z,2015,35.9,_Z,IX,2,WB_WDI,P1Y,0,A,PU,Annual,Romania,Gini index,Total,All age ranges or no breakdown by age,Total,0-100 scale,Not Applicable,Not Applicable,Not Applicable,Not Applicable,Index,Two,World Development Indicators (WDI),Annual,Units,Normal value,Public
datastructure,WB.DATA360:DS_DATA360(1.3),I,A,MDA,WB_WDI_SI_POV_GINI,_T,_T,_T,0_TO_100,_Z,_Z,_Z,2001,38.0,_Z,IX,2,WB_WDI,P1Y,0,A,PU,Annual,Moldova,Gini index,Total,All age ranges or no breakdown by age,Total,0-100 scale,Not Applicable,Not Applicable,Not Applicable,Not Applicable,Index,Two,World Development Indicators (WDI),Annual,Units,Normal value,Public
datastructure,WB.DATA360:DS_DATA360(1.3),I,A,FIN,WB_WDI_SI_POV_GINI,_T,_T,_T,0_TO_100,_Z,_Z,_Z,2020,27.1,_Z,IX,2,WB_WDI,P1Y,0,A,PU,Annual,Finland,Gini index,Total,All age ranges or no breakdown by age,Total,0-100 scale,Not Applicable,Not Applicable,Not Applicable,Not Applicable,Index,Two,World Development Indicators (WDI),Annual,Units,Normal value,Public
datastructure,WB.DATA360:DS_DATA360(1.3),I,A,FRA,WB_WDI_SI_POV_GINI,_T,_T,_T,0_TO_100,_Z,_Z,_Z,2020,30.7,_Z,IX,2,WB_WDI,P1Y,0,A,PU,Annual,France,Gini index,Total,All age ranges or no breakdown by age,Total,0-100 scale,Not Applicable,Not Applicable,Not Applicable,Not Applicable,Index,Two,World Development Indicators (WDI),Annual,Units,Normal value,Public
datastructure,WB.DATA360:DS_DATA360(1.3),I,A,GMB,WB_WDI_SI_POV_GINI,_T,_T,_T,0_TO_100,_Z,_Z,_Z,2020,38.8,_Z,IX,2,WB_WDI,P1Y,0,A,PU,Annual,"Gambia, The",Gini index,Total,All age ranges or no breakdown by age,Total,0-100 scale,Not Applicable,Not Applicable,Not Applicable,Not Applicable,Index,Two,World Development Indicators (WDI),Annual,Units,Normal value,Public
datastructure,WB.DATA360:DS_DATA360(1.3),I,A,GEO,WB_WDI_SI_POV_GINI,_T,_T,_T,0_TO_100,_Z,_Z,_Z,2020,34.5,_Z,IX,2,WB_WDI,P1Y,0,A,PU,Annual,Georgia,Gini index,Total,All age ranges or no breakdown by age,Total,0-100 scale,Not Applicable,Not Applicable,Not Applicable,Not Applicable,Index,Two,World Development Indicators (WDI),Annual,Units,Normal value,Public
datastructure,WB.DATA360:DS_DATA360(1.3),I,A,DEU,WB_WDI_SI_POV_GINI,_T,_T,_T,0_TO_100,_Z,_Z,_Z,2020,32.5,_Z,IX,2,WB_WDI,P1Y,0,A,PU,Annual,Germany,Gini index,Total,All age ranges or no breakdown by age,Total,0-100 scale,Not Applicable,Not Applicable,Not Applicable,Not Applicable,Index,Two,World Development Indicators (WDI),Annual,Units,Normal value,Public
datastructure,WB.DATA360:DS_DATA360(1.3),I,A,GRC,WB_WDI_SI_POV_GINI,_T,_T,_T,0_TO_100,_Z,_Z,_Z,2020,33.6,_Z,IX,2,WB_WDI,P1Y,0,A,PU,Annual,Greece,Gini index,Total,All age ranges or no breakdown by age,Total,0-100 scale,Not Applicable,Not Applicable,Not Applicable,Not Applicable,Index,Two,World Development Indicators (WDI),Annual,Units,Normal value,Public
datastructure,WB.DATA360:DS_DATA360(1.3),I,A,SRB,WB_WDI_SI_POV_GINI,_T,_T,_T,0_TO_100,_Z,_Z,_Z,2006,29.7,_Z,IX,2,WB_WDI,P1Y,0,A,PU,Annual,Serbia,Gini index,Total,All age ranges or no breakdown by age,Total,0-100 scale,Not Applicable,Not Applicable,Not Applicable,Not Applicable,Index,Two,World Development Indicators (WDI),Annual,Units,Normal value,Public
datastructure,WB.DATA360:DS_DATA360(1.3),I,A,SYC,WB_WDI_SI_POV_GINI,_T,_T,_T,0_TO_100,_Z,_Z,_Z,2006,42.8,_Z,IX,2,WB_WDI,P1Y,0,A,PU,Annual,Seychelles,Gini index,Total,All age ranges or no breakdown by age,Total,0-100 scale,Not Applicable,Not Applicable,Not Applicable,Not Applicable,Index,Two,World Development Indicators (WDI),Annual,Units,Normal value,Public
datastructure,WB.DATA360:DS_DATA360(1.3),I,A,SVK,WB_WDI_SI_POV_GINI,_T,_T,_T,0_TO_100,_Z,_Z,_Z,2006,25.8,_Z,IX,2,WB_WDI,P1Y,0,A,PU,Annual,Slovak Republic,Gini index,Total,All age ranges or no breakdown by age,Total,0-100 scale,Not Applicable,Not Applicable,Not Applicable,Not Applicable,Index,Two,World Development Indicators (WDI),Annual,Units,Normal value,Public
datastructure,WB.DATA360:DS_DATA360(1.3),I,A,SVN,WB_WDI_SI_POV_GINI,_T,_T,_T,0_TO_100,_Z,_Z,_Z,2006,24.4,_Z,IX,2,WB_WDI,P1Y,0,A,PU,Annual,Slovenia,Gini index,Total,All age ranges or no breakdown by age,Total,0-100 scale,Not Applicable,Not Applicable,Not Applicable,Not Applicable,Index,Two,World Development Indicators (WDI),Annual,Units,Normal value,Public
datastructure,WB.DATA360:DS_DATA360(1.3),I,A,ESP,WB_WDI_SI_POV_GINI,_T,_T,_T,0_TO_100,_Z,_Z,_Z,2006,33.5,_Z,IX,2,WB_WDI,P1Y,0,A,PU,Annual,Spain,Gini index,Total,All age ranges or no breakdown by age,Total,0-100 scale,Not Applicable,Not Applicable,Not Applicable,Not Applicable,Index,Two,World Development Indicators (WDI),Annual,Units,Normal value,Public
datastructure,WB.DATA360:DS_DATA360(1.3),I,A,PER,WB_WDI_SI_POV_GINI,_T,_T,_T,0_TO_100,_Z,_Z,_Z,2002,53.6,_Z,IX,2,WB_WDI,P1Y,0,A,PU,Annual,Peru,Gini index,Total,All age ranges or no breakdown by age,Total,0-100 scale,Not Applicable,Not Applicable,Not Applicable,Not Applicable,Index,Two,World Development Indicators (WDI),Annual,Units,Normal value,Public
datastructure,WB.DATA360:DS_DATA360(1.3),I,A,POL,WB_WDI_SI_POV_GINI,_T,_T,_T,0_TO_100,_Z,_Z,_Z,2002,34.1,_Z,IX,2,WB_WDI,P1Y,0,A,PU,Annual,Poland,Gini index,Total,All age ranges or no breakdown by age,Total,0-100 scale,Not Applicable,Not Applicable,Not Applicable,Not Applicable,Index,Two,World Development Indicators (WDI),Annual,Units,Normal value,Public
datastructure,WB.DATA360:DS_DATA360(1.3),I,A,ROU,WB_WDI_SI_POV_GINI,_T,_T,_T,0_TO_100,_Z,_Z,_Z,2002,30.2,_Z,IX,2,WB_WDI,P1Y,0,A,PU,Annual,Romania,Gini index,Total,All age ranges or no breakdown by age,Total,0-100 scale,Not Applicable,Not Applicable,Not Applicable,Not Applicable,Index,Two,World Development Indicators (WDI),Annual,Units,Normal value,Public
datastructure,WB.DATA360:DS_DATA360(1.3),I,A,RUS,WB_WDI_SI_POV_GINI,_T,_T,_T,0_TO_100,_Z,_Z,_Z,2002,37.3,_Z,IX,2,WB_WDI,P1Y,0,A,PU,Annual,Russian Federation,Gini index,Total,All age ranges or no breakdown by age,Total,0-100 scale,Not Applicable,Not Applicable,Not Applicable,Not Applicable,Index,Two,World Development Indicators (WDI),Annual,Units,Normal value,Public
datastructure,WB.DATA360:DS_DATA360(1.3),I,A,WSM,WB_WDI_SI_POV_GINI,_T,_T,_T,0_TO_100,_Z,_Z,_Z,2002,40.7,_Z,IX,2,WB_WDI,P1Y,0,A,PU,Annual,Samoa,Gini index,Total,All age ranges or no breakdown by age,Total,0-100 scale,Not Applicable,Not Applicable,Not Applicable,Not Applicable,Index,Two,World Development Indicators (WDI),Annual,Units,Normal value,Public
datastructure,WB.DATA360:DS_DATA360(1.3),I,A,ESP,WB_WDI_SI_POV_GINI,_T,_T,_T,0_TO_100,_Z,_Z,_Z,2020,34.9,_Z,IX,2,WB_WDI,P1Y,0,A,PU,Annual,Spain,Gini index,Total,All age ranges or no breakdown by age,Total,0-100 scale,Not Applicable,Not Applicable,Not Applicable,Not Applicable,Index,Two,World Development Indicators (WDI),Annual,Units,Normal value,Public
datastructure,WB.DATA360:DS_DATA360(1.3),I,A,SWE,WB_WDI_SI_POV_GINI,_T,_T,_T,0_TO_100,_Z,_Z,_Z,2020,28.9,_Z,IX,2,WB_WDI,P1Y,0,A,PU,Annual,Sweden,Gini index,Total,All age ranges or no breakdown by age,Total,0-100 scale,Not Applicable,Not Applicable,Not Applicable,Not Applicable,Index,Two,World Development Indicators (WDI),Annual,Units,Normal value,Public
datastructure,WB.DATA360:DS_DATA360(1.3),I,A,CHE,WB_WDI_SI_POV_GINI,_T,_T,_T,0_TO_100,_Z,_Z,_Z,2020,33.7,_Z,IX,2,WB_WDI,P1Y,0,A,PU,Annual,Switzerland,Gini index,Total,All age ranges or no breakdown by age,Total,0-100 scale,Not Applicable,Not Applicable,Not Applicable,Not Applicable,Index,Two,World Development Indicators (WDI),Annual,Units,Normal value,Public
datastructure,WB.DATA360:DS_DATA360(1.3),I,A,MLT,WB_WDI_SI_POV_GINI,_T,_T,_T,0_TO_100,_Z,_Z,_Z,2017,29.2,_Z,IX,2,WB_WDI,P1Y,0,A,PU,Annual,Malta,Gini index,Total,All age ranges or no breakdown by age,Total,0-100 scale,Not Applicable,Not Applicable,Not Applicable,Not Applicable,Index,Two,World Development Indicators (WDI),Annual,Units,Normal value,Public
datastructure,WB.DATA360:DS_DATA360(1.3),I,A,MUS,WB_WDI_SI_POV_GINI,_T,_T,_T,0_TO_100,_Z,_Z,_Z,2017,36.8,_Z,IX,2,WB_WDI,P1Y,0,A,PU,Annual,Mauritius,Gini index,Total,All age ranges or no breakdown by age,Total,0-100 scale,Not Applicable,Not Applicable,Not Applicable,Not Applicable,Index,Two,World Development Indicators (WDI),Annual,Units,Normal value,Public
datastructure,WB.DATA360:DS_DATA360(1.3),I,A,MDA,WB_WDI_SI_POV_GINI,_T,_T,_T,0_TO_100,_Z,_Z,_Z,2017,25.9,_Z,IX,2,WB_WDI,P1Y,0,A,PU,Annual,Moldova,Gini index,Total,All age ranges or no breakdown by age,Total,0-100 scale,Not Applicable,Not Applicable,Not Applicable,Not Applicable,Index,Two,World Development Indicators (WDI),Annual,Units,Normal value,Public
datastructure,WB.DATA360:DS_DATA360(1.3),I,A,MLT,WB_WDI_SI_POV_GINI,_T,_T,_T,0_TO_100,_Z,_Z,_Z,2016,29.1,_Z,IX,2,WB_WDI,P1Y,0,A,PU,Annual,Malta,Gini index,Total,All age ranges or no breakdown by age,Total,0-100 scale,Not Applicable,Not Applicable,Not Applicable,Not Applicable,Index,Two,World Development Indicators (WDI),Annual,Units,Normal value,Public
datastructure,WB.DATA360:DS_DATA360(1.3),I,A,MEX,WB_WDI_SI_POV_GINI,_T,_T,_T,0_TO_100,_Z,_Z,_Z,2016,46.9,_Z,IX,2,WB_WDI,P1Y,0,A,PU,Annual,Mexico,Gini index,Total,All age ranges or no breakdown by age,Total,0-100 scale,Not Applicable,Not Applicable,Not Applicable,Not Applicable,Index,Two,World Development Indicators (WDI),Annual,Units,Normal value,Public
datastructure,WB.DATA360:DS_DATA360(1.3),I,A,MDA,WB_WDI_SI_POV_GINI,_T,_T,_T,0_TO_100,_Z,_Z,_Z,2016,26.3,_Z,IX,2,WB_WDI,P1Y,0,A,PU,Annual,Moldova,Gini index,Total,All age ranges or no breakdown by age,Total,0-100 scale,Not Applicable,Not Applicable,Not Applicable,Not Applicable,Index,Two,World Development Indicators (WDI),Annual,Units,Normal value,Public
datastructure,WB.DATA360:DS_DATA360(1.3),I,A,MNG,WB_WDI_SI_POV_GINI,_T,_T,_T,0_TO_100,_Z,_Z,_Z,2016,32.3,_Z,IX,2,WB_WDI,P1Y,0,A,PU,Annual,Mongolia,Gini index,Total,All age ranges or no breakdown by age,Total,0-100 scale,Not Applicable,Not Applicable,Not Applicable,Not Applicable,Index,Two,World Development Indicators (WDI),Annual,Units,Normal value,Public
datastructure,WB.DATA360:DS_DATA360(1.3),I,A,MNE,WB_WDI_SI_POV_GINI,_T,_T,_T,0_TO_100,_Z,_Z,_Z,2016,38.5,_Z,IX,2,WB_WDI,P1Y,0,A,PU,Annual,Montenegro,Gini index,Total,All age ranges or no breakdown by age,Total,0-100 scale,Not Applicable,Not Applicable,Not Applicable,Not Applicable,Index,Two,World Development Indicators (WDI),Annual,Units,Normal value,Public
datastructure,WB.DATA360:DS_DATA360(1.3),I,A,ARG,WB_WDI_SI_POV_GINI,_T,_T,_T,0_TO_100,_Z,_Z,_Z,1999,49.8,_Z,IX,2,WB_WDI,P1Y,0,A,PU,Annual,Argentina,Gini index,Total,All age ranges or no breakdown by age,Total,0-100 scale,Not Applicable,Not Applicable,Not Applicable,Not Applicable,Index,Two,World Development Indicators (WDI),Annual,Units,Normal value,Public
datastructure,WB.DATA360:DS_DATA360(1.3),I,A,ARM,WB_WDI_SI_POV_GINI,_T,_T,_T,0_TO_100,_Z,_Z,_Z,1999,36.2,_Z,IX,2,WB_WDI,P1Y,0,A,PU,Annual,Armenia,Gini index,Total,All age ranges or no breakdown by age,Total,0-100 scale,Not Applicable,Not Applicable,Not Applicable,Not Applicable,Index,Two,World Development Indicators (WDI),Annual,Units,Normal value,Public
datastructure,WB.DATA360:DS_DATA360(1.3),I,A,AUT,WB_WDI_SI_POV_GINI,_T,_T,_T,0_TO_100,_Z,_Z,_Z,1999,29.7,_Z,IX,2,WB_WDI,P1Y,0,A,PU,Annual,Austria,Gini index,Total,All age ranges or no breakdown by age,Total,0-100 scale,Not Applicable,Not Applicable,Not Applicable,Not Applicable,Index,Two,World Development Indicators (WDI),Annual,Units,Normal value,Public
datastructure,WB.DATA360:DS_DATA360(1.3),I,A,PRY,WB_WDI_SI_POV_GINI,_T,_T,_T,0_TO_100,_Z,_Z,_Z,2021,42.9,_Z,IX,2,WB_WDI,P1Y,0,A,PU,Annual,Paraguay,Gini index,Total,All age ranges or no breakdown by age,Total,0-100 scale,Not Applicable,Not Applicable,Not Applicable,Not Applicable,Index,Two,World Development Indicators (WDI),Annual,Units,Normal value,Public
datastructure,WB.DATA360:DS_DATA360(1.3),I,A,PER,WB_WDI_SI_POV_GINI,_T,_T,_T,0_TO_100,_Z,_Z,_Z,2021,40.1,_Z,IX,2,WB_WDI,P1Y,0,A,PU,Annual,Peru,Gini index,Total,All age ranges or no breakdown by age,Total,0-100 scale,Not Applicable,Not Applicable,Not Applicable,Not Applicable,Index,Two,World Development Indicators (WDI),Annual,Units,Normal value,Public
datastructure,WB.DATA360:DS_DATA360(1.3),I,A,PHL,WB_WDI_SI_POV_GINI,_T,_T,_T,0_TO_100,_Z,_Z,_Z,2021,40.7,_Z,IX,2,WB_WDI,P1Y,0,A,PU,Annual,Philippines,Gini index,Total,All age ranges or no breakdown by age,Total,0-100 scale,Not Applicable,Not Applicable,Not Applicable,Not Applicable,Index,Two,World Development Indicators (WDI),Annual,Units,Normal value,Public
datastructure,WB.DATA360:DS_DATA360(1.3),I,A,POL,WB_WDI_SI_POV_GINI,_T,_T,_T,0_TO_100,_Z,_Z,_Z,2021,28.5,_Z,IX,2,WB_WDI,P1Y,0,A,PU,Annual,Poland,Gini index,Total,All age ranges or no breakdown by age,Total,0-100 scale,Not Applicable,Not Applicable,Not Applicable,Not Applicable,Index,Two,World Development Indicators (WDI),Annual,Units,Normal value,Public
datastructure,WB.DATA360:DS_DATA360(1.3),I,A,PRT,WB_WDI_SI_POV_GINI,_T,_T,_T,0_TO_100,_Z,_Z,_Z,2021,34.6,_Z,IX,2,WB_WDI,P1Y,0,A,PU,Annual,Portugal,Gini index,Total,All age ranges or no breakdown by age,Total,0-100 scale,Not Applicable,Not Applicable,Not Applicable,Not Applicable,Index,Two,World Development Indicators (WDI),Annual,Units,Normal value,Public
datastructure,WB.DATA360:DS_DATA360(1.3),I,A,ROU,WB_WDI_SI_POV_GINI,_T,_T,_T,0_TO_100,_Z,_Z,_Z,2021,33.9,_Z,IX,2,WB_WDI,P1Y,0,A,PU,Annual,Romania,Gini index,Total,All age ranges or no breakdown by age,Total,0-100 scale,Not Applicable,Not Applicable,Not Applicable,Not Applicable,Index,Two,World Development Indicators (WDI),Annual,Units,Normal value,Public
datastructure,WB.DATA360:DS_DATA360(1.3),I,A,RUS,WB_WDI_SI_POV_GINI,_T,_T,_T,0_TO_100,_Z,_Z,_Z,2021,35.1,_Z,IX,2,WB_WDI,P1Y,0,A,PU,Annual,Russian Federation,Gini index,Total,All age ranges or no breakdown by age,Total,0-100 scale,Not Applicable,Not Applicable,Not Applicable,Not Applicable,Index,Two,World Development Indicators (WDI),Annual,Units,Normal value,Public
datastructure,WB.DATA360:DS_DATA360(1.3),I,A,GAB,WB_WDI_SI_POV_GINI,_T,_T,_T,0_TO_100,_Z,_Z,_Z,2005,42.2,_Z,IX,2,WB_WDI,P1Y,0,A,PU,Annual,Gabon,Gini index,Total,All age ranges or no breakdown by age,Total,0-100 scale,Not Applicable,Not Applicable,Not Applicable,Not Applicable,Index,Two,World Development Indicators (WDI),Annual,Units,Normal value,Public
datastructure,WB.DATA360:DS_DATA360(1.3),I,A,GEO,WB_WDI_SI_POV_GINI,_T,_T,_T,0_TO_100,_Z,_Z,_Z,2005,37.4,_Z,IX,2,WB_WDI,P1Y,0,A,PU,Annual,Georgia,Gini index,Total,All age ranges or no breakdown by age,Total,0-100 scale,Not Applicable,Not Applicable,Not Applicable,Not Applicable,Index,Two,World Development Indicators (WDI),Annual,Units,Normal value,Public
datastructure,WB.DATA360:DS_DATA360(1.3),I,A,DEU,WB_WDI_SI_POV_GINI,_T,_T,_T,0_TO_100,_Z,_Z,_Z,2005,31.6,_Z,IX,2,WB_WDI,P1Y,0,A,PU,Annual,Germany,Gini index,Total,All age ranges or no breakdown by age,Total,0-100 scale,Not Applicable,Not Applicable,Not Applicable,Not Applicable,Index,Two,World Development Indicators (WDI),Annual,Units,Normal value,Public
datastructure,WB.DATA360:DS_DATA360(1.3),I,A,GHA,WB_WDI_SI_POV_GINI,_T,_T,_T,0_TO_100,_Z,_Z,_Z,2005,42.8,_Z,IX,2,WB_WDI,P1Y,0,A,PU,Annual,Ghana,Gini index,Total,All age ranges or no breakdown by age,Total,0-100 scale,Not Applicable,Not Applicable,Not Applicable,Not Applicable,Index,Two,World Development Indicators (WDI),Annual,Units,Normal value,Public
datastructure,WB.DATA360:DS_DATA360(1.3),I,A,GRC,WB_WDI_SI_POV_GINI,_T,_T,_T,0_TO_100,_Z,_Z,_Z,2005,34.6,_Z,IX,2,WB_WDI,P1Y,0,A,PU,Annual,Greece,Gini index,Total,All age ranges or no breakdown by age,Total,0-100 scale,Not Applicable,Not Applicable,Not Applicable,Not Applicable,Index,Two,World Development Indicators (WDI),Annual,Units,Normal value,Public
datastructure,WB.DATA360:DS_DATA360(1.3),I,A,COL,WB_WDI_SI_POV_GINI,_T,_T,_T,0_TO_100,_Z,_Z,_Z,2004,55.0,_Z,IX,2,WB_WDI,P1Y,0,A,PU,Annual,Colombia,Gini index,Total,All age ranges or no breakdown by age,Total,0-100 scale,Not Applicable,Not Applicable,Not Applicable,Not Applicable,Index,Two,World Development Indicators (WDI),Annual,Units,Normal value,Public
datastructure,WB.DATA360:DS_DATA360(1.3),I,A,COM,WB_WDI_SI_POV_GINI,_T,_T,_T,0_TO_100,_Z,_Z,_Z,2004,55.9,_Z,IX,2,WB_WDI,P1Y,0,A,PU,Annual,Comoros,Gini index,Total,All age ranges or no breakdown by age,Total,0-100 scale,Not Applicable,Not Applicable,Not Applicable,Not Applicable,Index,Two,World Development Indicators (WDI),Annual,Units,Normal value,Public
datastructure,WB.DATA360:DS_DATA360(1.3),I,A,COD,WB_WDI_SI_POV_GINI,_T,_T,_T,0_TO_100,_Z,_Z,_Z,2004,41.6,_Z,IX,2,WB_WDI,P1Y,0,A,PU,Annual,"Congo, Dem. Rep.",Gini index,Total,All age ranges or no breakdown by age,Total,0-100 scale,Not Applicable,Not Applicable,Not Applicable,Not Applicable,Index,Two,World Development Indicators (WDI),Annual,Units,Normal value,Public
datastructure,WB.DATA360:DS_DATA360(1.3),I,A,CRI,WB_WDI_SI_POV_GINI,_T,_T,_T,0_TO_100,_Z,_Z,_Z,2004,48.4,_Z,IX,2,WB_WDI,P1Y,0,A,PU,Annual,Costa Rica,Gini index,Total,All age ranges or no breakdown by age,Total,0-100 scale,Not Applicable,Not Applicable,Not Applicable,Not Applicable,Index,Two,World Development Indicators (WDI),Annual,Units,Normal value,Public
datastructure,WB.DATA360:DS_DATA360(1.3),I,A,HRV,WB_WDI_SI_POV_GINI,_T,_T,_T,0_TO_100,_Z,_Z,_Z,2004,29.7,_Z,IX,2,WB_WDI,P1Y,0,A,PU,Annual,Croatia,Gini index,Total,All age ranges or no breakdown by age,Total,0-100 scale,Not Applicable,Not Applicable,Not Applicable,Not Applicable,Index,Two,World Development Indicators (WDI),Annual,Units,Normal value,Public
datastructure,WB.DATA360:DS_DATA360(1.3),I,A,CYP,WB_WDI_SI_POV_GINI,_T,_T,_T,0_TO_100,_Z,_Z,_Z,2004,30.1,_Z,IX,2,WB_WDI,P1Y,0,A,PU,Annual,Cyprus,Gini index,Total,All age ranges or no breakdown by age,Total,0-100 scale,Not Applicable,Not Applicable,Not Applicable,Not Applicable,Index,Two,World Development Indicators (WDI),Annual,Units,Normal value,Public
datastructure,WB.DATA360:DS_DATA360(1.3),I,A,CZE,WB_WDI_SI_POV_GINI,_T,_T,_T,0_TO_100,_Z,_Z,_Z,2004,27.5,_Z,IX,2,WB_WDI,P1Y,0,A,PU,Annual,Czechia,Gini index,Total,All age ranges or no breakdown by age,Total,0-100 scale,Not Applicable,Not Applicable,Not Applicable,Not Applicable,Index,Two,World Development Indicators (WDI),Annual,Units,Normal value,Public
datastructure,WB.DATA360:DS_DATA360(1.3),I,A,DNK,WB_WDI_SI_POV_GINI,_T,_T,_T,0_TO_100,_Z,_Z,_Z,2004,24.9,_Z,IX,2,WB_WDI,P1Y,0,A,PU,Annual,Denmark,Gini index,Total,All age ranges or no breakdown by age,Total,0-100 scale,Not Applicable,Not Applicable,Not Applicable,Not Applicable,Index,Two,World Development Indicators (WDI),Annual,Units,Normal value,Public
datastructure,WB.DATA360:DS_DATA360(1.3),I,A,SLV,WB_WDI_SI_POV_GINI,_T,_T,_T,0_TO_100,_Z,_Z,_Z,2002,51.9,_Z,IX,2,WB_WDI,P1Y,0,A,PU,Annual,El Salvador,Gini index,Total,All age ranges or no breakdown by age,Total,0-100 scale,Not Applicable,Not Applicable,Not Applicable,Not Applicable,Index,Two,World Development Indicators (WDI),Annual,Units,Normal value,Public
datastructure,WB.DATA360:DS_DATA360(1.3),I,A,EST,WB_WDI_SI_POV_GINI,_T,_T,_T,0_TO_100,_Z,_Z,_Z,2002,35.8,_Z,IX,2,WB_WDI,P1Y,0,A,PU,Annual,Estonia,Gini index,Total,All age ranges or no breakdown by age,Total,0-100 scale,Not Applicable,Not Applicable,Not Applicable,Not Applicable,Index,Two,World Development Indicators (WDI),Annual,Units,Normal value,Public
datastructure,WB.DATA360:DS_DATA360(1.3),I,A,FJI,WB_WDI_SI_POV_GINI,_T,_T,_T,0_TO_100,_Z,_Z,_Z,2002,38.1,_Z,IX,2,WB_WDI,P1Y,0,A,PU,Annual,Fiji,Gini index,Total,All age ranges or no breakdown by age,Total,0-100 scale,Not Applicable,Not Applicable,Not Applicable,Not Applicable,Index,Two,World Development Indicators (WDI),Annual,Units,Normal value,Public
datastructure,WB.DATA360:DS_DATA360(1.3),I,A,FRA,WB_WDI_SI_POV_GINI,_T,_T,_T,0_TO_100,_Z,_Z,_Z,2002,31.8,_Z,IX,2,WB_WDI,P1Y,0,A,PU,Annual,France,Gini index,Total,All age ranges or no breakdown by age,Total,0-100 scale,Not Applicable,Not Applicable,Not Applicable,Not Applicable,Index,Two,World Development Indicators (WDI),Annual,Units,Normal value,Public
datastructure,WB.DATA360:DS_DATA360(1.3),I,A,THA,WB_WDI_SI_POV_GINI,_T,_T,_T,0_TO_100,_Z,_Z,_Z,2000,42.8,_Z,IX,2,WB_WDI,P1Y,0,A,PU,Annual,Thailand,Gini index,Total,All age ranges or no breakdown by age,Total,0-100 scale,Not Applicable,Not Applicable,Not Applicable,Not Applicable,Index,Two,World Development Indicators (WDI),Annual,Units,Normal value,Public
datastructure,WB.DATA360:DS_DATA360(1.3),I,A,TON,WB_WDI_SI_POV_GINI,_T,_T,_T,0_TO_100,_Z,_Z,_Z,2000,37.7,_Z,IX,2,WB_WDI,P1Y,0,A,PU,Annual,Tonga,Gini index,Total,All age ranges or no breakdown by age,Total,0-100 scale,Not Applicable,Not Applicable,Not Applicable,Not Applicable,Index,Two,World Development Indicators (WDI),Annual,Units,Normal value,Public
datastructure,WB.DATA360:DS_DATA360(1.3),I,A,TUN,WB_WDI_SI_POV_GINI,_T,_T,_T,0_TO_100,_Z,_Z,_Z,2000,40.8,_Z,IX,2,WB_WDI,P1Y,0,A,PU,Annual,Tunisia,Gini index,Total,All age ranges or no breakdown by age,Total,0-100 scale,Not Applicable,Not Applicable,Not Applicable,Not Applicable,Index,Two,World Development Indicators (WDI),Annual,Units,Normal value,Public
datastructure,WB.DATA360:DS_DATA360(1.3),I,A,GBR,WB_WDI_SI_POV_GINI,_T,_T,_T,0_TO_100,_Z,_Z,_Z,2000,38.9,_Z,IX,2,WB_WDI,P1Y,0,A,PU,Annual,United Kingdom,Gini index,Total,All age ranges or no breakdown by age,Total,0-100 scale,Not Applicable,Not Applicable,Not Applicable,Not Applicable,Index,Two,World Development Indicators (WDI),Annual,Units,Normal value,Public
datastructure,WB.DATA360:DS_DATA360(1.3),I,A,SWE,WB_WDI_SI_POV_GINI,_T,_T,_T,0_TO_100,_Z,_Z,_Z,2002,26.2,_Z,IX,2,WB_WDI,P1Y,0,A,PU,Annual,Sweden,Gini index,Total,All age ranges or no breakdown by age,Total,0-100 scale,Not Applicable,Not Applicable,Not Applicable,Not Applicable,Index,Two,World Development Indicators (WDI),Annual,Units,Normal value,Public
datastructure,WB.DATA360:DS_DATA360(1.3),I,A,CHE,WB_WDI_SI_POV_GINI,_T,_T,_T,0_TO_100,_Z,_Z,_Z,2002,31.7,_Z,IX,2,WB_WDI,P1Y,0,A,PU,Annual,Switzerland,Gini index,Total,All age ranges or no breakdown by age,Total,0-100 scale,Not Applicable,Not Applicable,Not Applicable,Not Applicable,Index,Two,World Development Indicators (WDI),Annual,Units,Normal value,Public
datastructure,WB.DATA360:DS_DATA360(1.3),I,A,THA,WB_WDI_SI_POV_GINI,_T,_T,_T,0_TO_100,_Z,_Z,_Z,2002,41.9,_Z,IX,2,WB_WDI,P1Y,0,A,PU,Annual,Thailand,Gini index,Total,All age ranges or no breakdown by age,Total,0-100 scale,Not Applicable,Not Applicable,Not Applicable,Not Applicable,Index,Two,World Development Indicators (WDI),Annual,Units,Normal value,Public
datastructure,WB.DATA360:DS_DATA360(1.3),I,A,PAN,WB_WDI_SI_POV_GINI,_T,_T,_T,0_TO_100,_Z,_Z,_Z,1999,56.3,_Z,IX,2,WB_WDI,P1Y,0,A,PU,Annual,Panama,Gini index,Total,All age ranges or no breakdown by age,Total,0-100 scale,Not Applicable,Not Applicable,Not Applicable,Not Applicable,Index,Two,World Development Indicators (WDI),Annual,Units,Normal value,Public
datastructure,WB.DATA360:DS_DATA360(1.3),I,A,PRY,WB_WDI_SI_POV_GINI,_T,_T,_T,0_TO_100,_Z,_Z,_Z,1999,54.6,_Z,IX,2,WB_WDI,P1Y,0,A,PU,Annual,Paraguay,Gini index,Total,All age ranges or no breakdown by age,Total,0-100 scale,Not Applicable,Not Applicable,Not Applicable,Not Applicable,Index,Two,World Development Indicators (WDI),Annual,Units,Normal value,Public
datastructure,WB.DATA360:DS_DATA360(1.3),I,A,PER,WB_WDI_SI_POV_GINI,_T,_T,_T,0_TO_100,_Z,_Z,_Z,1999,54.8,_Z,IX,2,WB_WDI,P1Y,0,A,PU,Annual,Peru,Gini index,Total,All age ranges or no breakdown by age,Total,0-100 scale,Not Applicable,Not Applicable,Not Applicable,Not Applicable,Index,Two,World Development Indicators (WDI),Annual,Units,Normal value,Public
datastructure,WB.DATA360:DS_DATA360(1.3),I,A,POL,WB_WDI_SI_POV_GINI,_T,_T,_T,0_TO_100,_Z,_Z,_Z,1999,32.3,_Z,IX,2,WB_WDI,P1Y,0,A,PU,Annual,Poland,Gini index,Total,All age ranges or no breakdown by age,Total,0-100 scale,Not Applicable,Not Applicable,Not Applicable,Not Applicable,Index,Two,World Development Indicators (WDI),Annual,Units,Normal value,Public
datastructure,WB.DATA360:DS_DATA360(1.3),I,A,HRV,WB_WDI_SI_POV_GINI,_T,_T,_T,0_TO_100,_Z,_Z,_Z,1999,27.6,_Z,IX,2,WB_WDI,P1Y,0,A,PU,Annual,Croatia,Gini index,Total,All age ranges or no breakdown by age,Total,0-100 scale,Not Applicable,Not Applicable,Not Applicable,Not Applicable,Index,Two,World Development Indicators (WDI),Annual,Units,Normal value,Public
datastructure,WB.DATA360:DS_DATA360(1.3),I,A,ECU,WB_WDI_SI_POV_GINI,_T,_T,_T,0_TO_100,_Z,_Z,_Z,1999,58.6,_Z,IX,2,WB_WDI,P1Y,0,A,PU,Annual,Ecuador,Gini index,Total,All age ranges or no breakdown by age,Total,0-100 scale,Not Applicable,Not Applicable,Not Applicable,Not Applicable,Index,Two,World Development Indicators (WDI),Annual,Units,Normal value,Public
datastructure,WB.DATA360:DS_DATA360(1.3),I,A,EGY,WB_WDI_SI_POV_GINI,_T,_T,_T,0_TO_100,_Z,_Z,_Z,1999,30.8,_Z,IX,2,WB_WDI,P1Y,0,A,PU,Annual,"Egypt, Arab Rep.",Gini index,Total,All age ranges or no breakdown by age,Total,0-100 scale,Not Applicable,Not Applicable,Not Applicable,Not Applicable,Index,Two,World Development Indicators (WDI),Annual,Units,Normal value,Public
datastructure,WB.DATA360:DS_DATA360(1.3),I,A,SLV,WB_WDI_SI_POV_GINI,_T,_T,_T,0_TO_100,_Z,_Z,_Z,1999,52.1,_Z,IX,2,WB_WDI,P1Y,0,A,PU,Annual,El Salvador,Gini index,Total,All age ranges or no breakdown by age,Total,0-100 scale,Not Applicable,Not Applicable,Not Applicable,Not Applicable,Index,Two,World Development Indicators (WDI),Annual,Units,Normal value,Public
datastructure,WB.DATA360:DS_DATA360(1.3),I,A,PSE,WB_WDI_SI_POV_GINI,_T,_T,_T,0_TO_100,_Z,_Z,_Z,2023,36.4,_Z,IX,2,WB_WDI,P1Y,0,A,PU,Annual,West Bank and Gaza,Gini index,Total,All age ranges or no breakdown by age,Total,0-100 scale,Not Applicable,Not Applicable,Not Applicable,Not Applicable,Index,Two,World Development Indicators (WDI),Annual,Units,Normal value,Public
datastructure,WB.DATA360:DS_DATA360(1.3),I,A,DOM,WB_WDI_SI_POV_GINI,_T,_T,_T,0_TO_100,_Z,_Z,_Z,2001,50.0,_Z,IX,2,WB_WDI,P1Y,0,A,PU,Annual,Dominican Republic,Gini index,Total,All age ranges or no breakdown by age,Total,0-100 scale,Not Applicable,Not Applicable,Not Applicable,Not Applicable,Index,Two,World Development Indicators (WDI),Annual,Units,Normal value,Public
datastructure,WB.DATA360:DS_DATA360(1.3),I,A,SLV,WB_WDI_SI_POV_GINI,_T,_T,_T,0_TO_100,_Z,_Z,_Z,2001,51.3,_Z,IX,2,WB_WDI,P1Y,0,A,PU,Annual,El Salvador,Gini index,Total,All age ranges or no breakdown by age,Total,0-100 scale,Not Applicable,Not Applicable,Not Applicable,Not Applicable,Index,Two,World Development Indicators (WDI),Annual,Units,Normal value,Public
datastructure,WB.DATA360:DS_DATA360(1.3),I,A,EST,WB_WDI_SI_POV_GINI,_T,_T,_T,0_TO_100,_Z,_Z,_Z,2001,36.0,_Z,IX,2,WB_WDI,P1Y,0,A,PU,Annual,Estonia,Gini index,Total,All age ranges or no breakdown by age,Total,0-100 scale,Not Applicable,Not Applicable,Not Applicable,Not Applicable,Index,Two,World Development Indicators (WDI),Annual,Units,Normal value,Public
datastructure,WB.DATA360:DS_DATA360(1.3),I,A,FRA,WB_WDI_SI_POV_GINI,_T,_T,_T,0_TO_100,_Z,_Z,_Z,2001,32.5,_Z,IX,2,WB_WDI,P1Y,0,A,PU,Annual,France,Gini index,Total,All age ranges or no breakdown by age,Total,0-100 scale,Not Applicable,Not Applicable,Not Applicable,Not Applicable,Index,Two,World Development Indicators (WDI),Annual,Units,Normal value,Public
datastructure,WB.DATA360:DS_DATA360(1.3),I,A,HRV,WB_WDI_SI_POV_GINI,_T,_T,_T,0_TO_100,_Z,_Z,_Z,2008,33.7,_Z,IX,2,WB_WDI,P1Y,0,A,PU,Annual,Croatia,Gini index,Total,All age ranges or no breakdown by age,Total,0-100 scale,Not Applicable,Not Applicable,Not Applicable,Not Applicable,Index,Two,World Development Indicators (WDI),Annual,Units,Normal value,Public
datastructure,WB.DATA360:DS_DATA360(1.3),I,A,CYP,WB_WDI_SI_POV_GINI,_T,_T,_T,0_TO_100,_Z,_Z,_Z,2008,31.7,_Z,IX,2,WB_WDI,P1Y,0,A,PU,Annual,Cyprus,Gini index,Total,All age ranges or no breakdown by age,Total,0-100 scale,Not Applicable,Not Applicable,Not Applicable,Not Applicable,Index,Two,World Development Indicators (WDI),Annual,Units,Normal value,Public
datastructure,WB.DATA360:DS_DATA360(1.3),I,A,CZE,WB_WDI_SI_POV_GINI,_T,_T,_T,0_TO_100,_Z,_Z,_Z,2008,26.3,_Z,IX,2,WB_WDI,P1Y,0,A,PU,Annual,Czechia,Gini index,Total,All age ranges or no breakdown by age,Total,0-100 scale,Not Applicable,Not Applicable,Not Applicable,Not Applicable,Index,Two,World Development Indicators (WDI),Annual,Units,Normal value,Public
datastructure,WB.DATA360:DS_DATA360(1.3),I,A,DNK,WB_WDI_SI_POV_GINI,_T,_T,_T,0_TO_100,_Z,_Z,_Z,2008,25.2,_Z,IX,2,WB_WDI,P1Y,0,A,PU,Annual,Denmark,Gini index,Total,All age ranges or no breakdown by age,Total,0-100 scale,Not Applicable,Not Applicable,Not Applicable,Not Applicable,Index,Two,World Development Indicators (WDI),Annual,Units,Normal value,Public
datastructure,WB.DATA360:DS_DATA360(1.3),I,A,DOM,WB_WDI_SI_POV_GINI,_T,_T,_T,0_TO_100,_Z,_Z,_Z,2008,48.1,_Z,IX,2,WB_WDI,P1Y,0,A,PU,Annual,Dominican Republic,Gini index,Total,All age ranges or no breakdown by age,Total,0-100 scale,Not Applicable,Not Applicable,Not Applicable,Not Applicable,Index,Two,World Development Indicators (WDI),Annual,Units,Normal value,Public
datastructure,WB.DATA360:DS_DATA360(1.3),I,A,ECU,WB_WDI_SI_POV_GINI,_T,_T,_T,0_TO_100,_Z,_Z,_Z,2008,49.8,_Z,IX,2,WB_WDI,P1Y,0,A,PU,Annual,Ecuador,Gini index,Total,All age ranges or no breakdown by age,Total,0-100 scale,Not Applicable,Not Applicable,Not Applicable,Not Applicable,Index,Two,World Development Indicators (WDI),Annual,Units,Normal value,Public
datastructure,WB.DATA360:DS_DATA360(1.3),I,A,EGY,WB_WDI_SI_POV_GINI,_T,_T,_T,0_TO_100,_Z,_Z,_Z,2008,31.1,_Z,IX,2,WB_WDI,P1Y,0,A,PU,Annual,"Egypt, Arab Rep.",Gini index,Total,All age ranges or no breakdown by age,Total,0-100 scale,Not Applicable,Not Applicable,Not Applicable,Not Applicable,Index,Two,World Development Indicators (WDI),Annual,Units,Normal value,Public
datastructure,WB.DATA360:DS_DATA360(1.3),I,A,CYP,WB_WDI_SI_POV_GINI,_T,_T,_T,0_TO_100,_Z,_Z,_Z,2017,31.4,_Z,IX,2,WB_WDI,P1Y,0,A,PU,Annual,Cyprus,Gini index,Total,All age ranges or no breakdown by age,Total,0-100 scale,Not Applicable,Not Applicable,Not Applicable,Not Applicable,Index,Two,World Development Indicators (WDI),Annual,Units,Normal value,Public
datastructure,WB.DATA360:DS_DATA360(1.3),I,A,CZE,WB_WDI_SI_POV_GINI,_T,_T,_T,0_TO_100,_Z,_Z,_Z,2017,24.9,_Z,IX,2,WB_WDI,P1Y,0,A,PU,Annual,Czechia,Gini index,Total,All age ranges or no breakdown by age,Total,0-100 scale,Not Applicable,Not Applicable,Not Applicable,Not Applicable,Index,Two,World Development Indicators (WDI),Annual,Units,Normal value,Public
datastructure,WB.DATA360:DS_DATA360(1.3),I,A,DNK,WB_WDI_SI_POV_GINI,_T,_T,_T,0_TO_100,_Z,_Z,_Z,2017,28.7,_Z,IX,2,WB_WDI,P1Y,0,A,PU,Annual,Denmark,Gini index,Total,All age ranges or no breakdown by age,Total,0-100 scale,Not Applicable,Not Applicable,Not Applicable,Not Applicable,Index,Two,World Development Indicators (WDI),Annual,Units,Normal value,Public
datastructure,WB.DATA360:DS_DATA360(1.3),I,A,DJI,WB_WDI_SI_POV_GINI,_T,_T,_T,0_TO_100,_Z,_Z,_Z,2017,41.6,_Z,IX,2,WB_WDI,P1Y,0,A,PU,Annual,Djibouti,Gini index,Total,All age ranges or no breakdown by age,Total,0-100 scale,Not Applicable,Not Applicable,Not Applicable,Not Applicable,Index,Two,World Development Indicators (WDI),Annual,Units,Normal value,Public
datastructure,WB.DATA360:DS_DATA360(1.3),I,A,DOM,WB_WDI_SI_POV_GINI,_T,_T,_T,0_TO_100,_Z,_Z,_Z,2017,42.2,_Z,IX,2,WB_WDI,P1Y,0,A,PU,Annual,Dominican Republic,Gini index,Total,All age ranges or no breakdown by age,Total,0-100 scale,Not Applicable,Not Applicable,Not Applicable,Not Applicable,Index,Two,World Development Indicators (WDI),Annual,Units,Normal value,Public
datastructure,WB.DATA360:DS_DATA360(1.3),I,A,ECU,WB_WDI_SI_POV_GINI,_T,_T,_T,0_TO_100,_Z,_Z,_Z,2017,44.7,_Z,IX,2,WB_WDI,P1Y,0,A,PU,Annual,Ecuador,Gini index,Total,All age ranges or no breakdown by age,Total,0-100 scale,Not Applicable,Not Applicable,Not Applicable,Not Applicable,Index,Two,World Development Indicators (WDI),Annual,Units,Normal value,Public
datastructure,WB.DATA360:DS_DATA360(1.3),I,A,EGY,WB_WDI_SI_POV_GINI,_T,_T,_T,0_TO_100,_Z,_Z,_Z,2017,31.5,_Z,IX,2,WB_WDI,P1Y,0,A,PU,Annual,"Egypt, Arab Rep.",Gini index,Total,All age ranges or no breakdown by age,Total,0-100 scale,Not Applicable,Not Applicable,Not Applicable,Not Applicable,Index,Two,World Development Indicators (WDI),Annual,Units,Normal value,Public
datastructure,WB.DATA360:DS_DATA360(1.3),I,A,SLV,WB_WDI_SI_POV_GINI,_T,_T,_T,0_TO_100,_Z,_Z,_Z,2017,38.0,_Z,IX,2,WB_WDI,P1Y,0,A,PU,Annual,El Salvador,Gini index,Total,All age ranges or no breakdown by age,Total,0-100 scale,Not Applicable,Not Applicable,Not Applicable,Not Applicable,Index,Two,World Development Indicators (WDI),Annual,Units,Normal value,Public
datastructure,WB.DATA360:DS_DATA360(1.3),I,A,CRI,WB_WDI_SI_POV_GINI,_T,_T,_T,0_TO_100,_Z,_Z,_Z,2007,49.3,_Z,IX,2,WB_WDI,P1Y,0,A,PU,Annual,Costa Rica,Gini index,Total,All age ranges or no breakdown by age,Total,0-100 scale,Not Applicable,Not Applicable,Not Applicable,Not Applicable,Index,Two,World Development Indicators (WDI),Annual,Units,Normal value,Public
datastructure,WB.DATA360:DS_DATA360(1.3),I,A,CYP,WB_WDI_SI_POV_GINI,_T,_T,_T,0_TO_100,_Z,_Z,_Z,2007,31.1,_Z,IX,2,WB_WDI,P1Y,0,A,PU,Annual,Cyprus,Gini index,Total,All age ranges or no breakdown by age,Total,0-100 scale,Not Applicable,Not Applicable,Not Applicable,Not Applicable,Index,Two,World Development Indicators (WDI),Annual,Units,Normal value,Public
datastructure,WB.DATA360:DS_DATA360(1.3),I,A,CZE,WB_WDI_SI_POV_GINI,_T,_T,_T,0_TO_100,_Z,_Z,_Z,2007,26.0,_Z,IX,2,WB_WDI,P1Y,0,A,PU,Annual,Czechia,Gini index,Total,All age ranges or no breakdown by age,Total,0-100 scale,Not Applicable,Not Applicable,Not Applicable,Not Applicable,Index,Two,World Development Indicators (WDI),Annual,Units,Normal value,Public
datastructure,WB.DATA360:DS_DATA360(1.3),I,A,DNK,WB_WDI_SI_POV_GINI,_T,_T,_T,0_TO_100,_Z,_Z,_Z,2007,26.2,_Z,IX,2,WB_WDI,P1Y,0,A,PU,Annual,Denmark,Gini index,Total,All age ranges or no breakdown by age,Total,0-100 scale,Not Applicable,Not Applicable,Not Applicable,Not Applicable,Index,Two,World Development Indicators (WDI),Annual,Units,Normal value,Public
datastructure,WB.DATA360:DS_DATA360(1.3),I,A,DOM,WB_WDI_SI_POV_GINI,_T,_T,_T,0_TO_100,_Z,_Z,_Z,2007,48.9,_Z,IX,2,WB_WDI,P1Y,0,A,PU,Annual,Dominican Republic,Gini index,Total,All age ranges or no breakdown by age,Total,0-100 scale,Not Applicable,Not Applicable,Not Applicable,Not Applicable,Index,Two,World Development Indicators (WDI),Annual,Units,Normal value,Public
datastructure,WB.DATA360:DS_DATA360(1.3),I,A,TON,WB_WDI_SI_POV_GINI,_T,_T,_T,0_TO_100,_Z,_Z,_Z,2015,33.5,_Z,IX,2,WB_WDI,P1Y,0,A,PU,Annual,Tonga,Gini index,Total,All age ranges or no breakdown by age,Total,0-100 scale,Not Applicable,Not Applicable,Not Applicable,Not Applicable,Index,Two,World Development Indicators (WDI),Annual,Units,Normal value,Public
datastructure,WB.DATA360:DS_DATA360(1.3),I,A,TUN,WB_WDI_SI_POV_GINI,_T,_T,_T,0_TO_100,_Z,_Z,_Z,2015,32.8,_Z,IX,2,WB_WDI,P1Y,0,A,PU,Annual,Tunisia,Gini index,Total,All age ranges or no breakdown by age,Total,0-100 scale,Not Applicable,Not Applicable,Not Applicable,Not Applicable,Index,Two,World Development Indicators (WDI),Annual,Units,Normal value,Public
datastructure,WB.DATA360:DS_DATA360(1.3),I,A,TUR,WB_WDI_SI_POV_GINI,_T,_T,_T,0_TO_100,_Z,_Z,_Z,2015,42.9,_Z,IX,2,WB_WDI,P1Y,0,A,PU,Annual,Türkiye,Gini index,Total,All age ranges or no breakdown by age,Total,0-100 scale,Not Applicable,Not Applicable,Not Applicable,Not Applicable,Index,Two,World Development Indicators (WDI),Annual,Units,Normal value,Public
datastructure,WB.DATA360:DS_DATA360(1.3),I,A,UKR,WB_WDI_SI_POV_GINI,_T,_T,_T,0_TO_100,_Z,_Z,_Z,2015,25.5,_Z,IX,2,WB_WDI,P1Y,0,A,PU,Annual,Ukraine,Gini index,Total,All age ranges or no breakdown by age,Total,0-100 scale,Not Applicable,Not Applicable,Not Applicable,Not Applicable,Index,Two,World Development Indicators (WDI),Annual,Units,Normal value,Public
datastructure,WB.DATA360:DS_DATA360(1.3),I,A,GBR,WB_WDI_SI_POV_GINI,_T,_T,_T,0_TO_100,_Z,_Z,_Z,2015,33.3,_Z,IX,2,WB_WDI,P1Y,0,A,PU,Annual,United Kingdom,Gini index,Total,All age ranges or no breakdown by age,Total,0-100 scale,Not Applicable,Not Applicable,Not Applicable,Not Applicable,Index,Two,World Development Indicators (WDI),Annual,Units,Normal value,Public
datastructure,WB.DATA360:DS_DATA360(1.3),I,A,USA,WB_WDI_SI_POV_GINI,_T,_T,_T,0_TO_100,_Z,_Z,_Z,2015,41.5,_Z,IX,2,WB_WDI,P1Y,0,A,PU,Annual,United States,Gini index,Total,All age ranges or no breakdown by age,Total,0-100 scale,Not Applicable,Not Applicable,Not Applicable,Not Applicable,Index,Two,World Development Indicators (WDI),Annual,Units,Normal value,Public
datastructure,WB.DATA360:DS_DATA360(1.3),I,A,POL,WB_WDI_SI_POV_GINI,_T,_T,_T,0_TO_100,_Z,_Z,_Z,2014,32.8,_Z,IX,2,WB_WDI,P1Y,0,A,PU,Annual,Poland,Gini index,Total,All age ranges or no breakdown by age,Total,0-100 scale,Not Applicable,Not Applicable,Not Applicable,Not Applicable,Index,Two,World Development Indicators (WDI),Annual,Units,Normal value,Public
datastructure,WB.DATA360:DS_DATA360(1.3),I,A,PRT,WB_WDI_SI_POV_GINI,_T,_T,_T,0_TO_100,_Z,_Z,_Z,2014,35.6,_Z,IX,2,WB_WDI,P1Y,0,A,PU,Annual,Portugal,Gini index,Total,All age ranges or no breakdown by age,Total,0-100 scale,Not Applicable,Not Applicable,Not Applicable,Not Applicable,Index,Two,World Development Indicators (WDI),Annual,Units,Normal value,Public
datastructure,WB.DATA360:DS_DATA360(1.3),I,A,ROU,WB_WDI_SI_POV_GINI,_T,_T,_T,0_TO_100,_Z,_Z,_Z,2014,36.0,_Z,IX,2,WB_WDI,P1Y,0,A,PU,Annual,Romania,Gini index,Total,All age ranges or no breakdown by age,Total,0-100 scale,Not Applicable,Not Applicable,Not Applicable,Not Applicable,Index,Two,World Development Indicators (WDI),Annual,Units,Normal value,Public
datastructure,WB.DATA360:DS_DATA360(1.3),I,A,RUS,WB_WDI_SI_POV_GINI,_T,_T,_T,0_TO_100,_Z,_Z,_Z,2014,36.9,_Z,IX,2,WB_WDI,P1Y,0,A,PU,Annual,Russian Federation,Gini index,Total,All age ranges or no breakdown by age,Total,0-100 scale,Not Applicable,Not Applicable,Not Applicable,Not Applicable,Index,Two,World Development Indicators (WDI),Annual,Units,Normal value,Public
datastructure,WB.DATA360:DS_DATA360(1.3),I,A,GEO,WB_WDI_SI_POV_GINI,_T,_T,_T,0_TO_100,_Z,_Z,_Z,2000,40.5,_Z,IX,2,WB_WDI,P1Y,0,A,PU,Annual,Georgia,Gini index,Total,All age ranges or no breakdown by age,Total,0-100 scale,Not Applicable,Not Applicable,Not Applicable,Not Applicable,Index,Two,World Development Indicators (WDI),Annual,Units,Normal value,Public
datastructure,WB.DATA360:DS_DATA360(1.3),I,A,DEU,WB_WDI_SI_POV_GINI,_T,_T,_T,0_TO_100,_Z,_Z,_Z,2000,28.7,_Z,IX,2,WB_WDI,P1Y,0,A,PU,Annual,Germany,Gini index,Total,All age ranges or no breakdown by age,Total,0-100 scale,Not Applicable,Not Applicable,Not Applicable,Not Applicable,Index,Two,World Development Indicators (WDI),Annual,Units,Normal value,Public
datastructure,WB.DATA360:DS_DATA360(1.3),I,A,GRC,WB_WDI_SI_POV_GINI,_T,_T,_T,0_TO_100,_Z,_Z,_Z,2000,34.4,_Z,IX,2,WB_WDI,P1Y,0,A,PU,Annual,Greece,Gini index,Total,All age ranges or no breakdown by age,Total,0-100 scale,Not Applicable,Not Applicable,Not Applicable,Not Applicable,Index,Two,World Development Indicators (WDI),Annual,Units,Normal value,Public
datastructure,WB.DATA360:DS_DATA360(1.3),I,A,GTM,WB_WDI_SI_POV_GINI,_T,_T,_T,0_TO_100,_Z,_Z,_Z,2000,54.2,_Z,IX,2,WB_WDI,P1Y,0,A,PU,Annual,Guatemala,Gini index,Total,All age ranges or no breakdown by age,Total,0-100 scale,Not Applicable,Not Applicable,Not Applicable,Not Applicable,Index,Two,World Development Indicators (WDI),Annual,Units,Normal value,Public
datastructure,WB.DATA360:DS_DATA360(1.3),I,A,NOR,WB_WDI_SI_POV_GINI,_T,_T,_T,0_TO_100,_Z,_Z,_Z,2020,28.4,_Z,IX,2,WB_WDI,P1Y,0,A,PU,Annual,Norway,Gini index,Total,All age ranges or no breakdown by age,Total,0-100 scale,Not Applicable,Not Applicable,Not Applicable,Not Applicable,Index,Two,World Development Indicators (WDI),Annual,Units,Normal value,Public
datastructure,WB.DATA360:DS_DATA360(1.3),I,A,MRT,WB_WDI_SI_POV_GINI,_T,_T,_T,0_TO_100,_Z,_Z,_Z,2000,39.0,_Z,IX,2,WB_WDI,P1Y,0,A,PU,Annual,Mauritania,Gini index,Total,All age ranges or no breakdown by age,Total,0-100 scale,Not Applicable,Not Applicable,Not Applicable,Not Applicable,Index,Two,World Development Indicators (WDI),Annual,Units,Normal value,Public
datastructure,WB.DATA360:DS_DATA360(1.3),I,A,MEX,WB_WDI_SI_POV_GINI,_T,_T,_T,0_TO_100,_Z,_Z,_Z,2000,53.4,_Z,IX,2,WB_WDI,P1Y,0,A,PU,Annual,Mexico,Gini index,Total,All age ranges or no breakdown by age,Total,0-100 scale,Not Applicable,Not Applicable,Not Applicable,Not Applicable,Index,Two,World Development Indicators (WDI),Annual,Units,Normal value,Public
datastructure,WB.DATA360:DS_DATA360(1.3),I,A,MDA,WB_WDI_SI_POV_GINI,_T,_T,_T,0_TO_100,_Z,_Z,_Z,2000,36.4,_Z,IX,2,WB_WDI,P1Y,0,A,PU,Annual,Moldova,Gini index,Total,All age ranges or no breakdown by age,Total,0-100 scale,Not Applicable,Not Applicable,Not Applicable,Not Applicable,Index,Two,World Development Indicators (WDI),Annual,Units,Normal value,Public
datastructure,WB.DATA360:DS_DATA360(1.3),I,A,MAR,WB_WDI_SI_POV_GINI,_T,_T,_T,0_TO_100,_Z,_Z,_Z,2000,40.6,_Z,IX,2,WB_WDI,P1Y,0,A,PU,Annual,Morocco,Gini index,Total,All age ranges or no breakdown by age,Total,0-100 scale,Not Applicable,Not Applicable,Not Applicable,Not Applicable,Index,Two,World Development Indicators (WDI),Annual,Units,Normal value,Public
datastructure,WB.DATA360:DS_DATA360(1.3),I,A,MKD,WB_WDI_SI_POV_GINI,_T,_T,_T,0_TO_100,_Z,_Z,_Z,1998,28.1,_Z,IX,2,WB_WDI,P1Y,0,A,PU,Annual,North Macedonia,Gini index,Total,All age ranges or no breakdown by age,Total,0-100 scale,Not Applicable,Not Applicable,Not Applicable,Not Applicable,Index,Two,World Development Indicators (WDI),Annual,Units,Normal value,Public
datastructure,WB.DATA360:DS_DATA360(1.3),I,A,PAK,WB_WDI_SI_POV_GINI,_T,_T,_T,0_TO_100,_Z,_Z,_Z,1998,33.1,_Z,IX,2,WB_WDI,P1Y,0,A,PU,Annual,Pakistan,Gini index,Total,All age ranges or no breakdown by age,Total,0-100 scale,Not Applicable,Not Applicable,Not Applicable,Not Applicable,Index,Two,World Development Indicators (WDI),Annual,Units,Normal value,Public
datastructure,WB.DATA360:DS_DATA360(1.3),I,A,PAN,WB_WDI_SI_POV_GINI,_T,_T,_T,0_TO_100,_Z,_Z,_Z,1998,57.3,_Z,IX,2,WB_WDI,P1Y,0,A,PU,Annual,Panama,Gini index,Total,All age ranges or no breakdown by age,Total,0-100 scale,Not Applicable,Not Applicable,Not Applicable,Not Applicable,Index,Two,World Development Indicators (WDI),Annual,Units,Normal value,Public
datastructure,WB.DATA360:DS_DATA360(1.3),I,A,PER,WB_WDI_SI_POV_GINI,_T,_T,_T,0_TO_100,_Z,_Z,_Z,1998,55.1,_Z,IX,2,WB_WDI,P1Y,0,A,PU,Annual,Peru,Gini index,Total,All age ranges or no breakdown by age,Total,0-100 scale,Not Applicable,Not Applicable,Not Applicable,Not Applicable,Index,Two,World Development Indicators (WDI),Annual,Units,Normal value,Public
datastructure,WB.DATA360:DS_DATA360(1.3),I,A,POL,WB_WDI_SI_POV_GINI,_T,_T,_T,0_TO_100,_Z,_Z,_Z,1998,32.3,_Z,IX,2,WB_WDI,P1Y,0,A,PU,Annual,Poland,Gini index,Total,All age ranges or no breakdown by age,Total,0-100 scale,Not Applicable,Not Applicable,Not Applicable,Not Applicable,Index,Two,World Development Indicators (WDI),Annual,Units,Normal value,Public
datastructure,WB.DATA360:DS_DATA360(1.3),I,A,AUT,WB_WDI_SI_POV_GINI,_T,_T,_T,0_TO_100,_Z,_Z,_Z,2010,30.3,_Z,IX,2,WB_WDI,P1Y,0,A,PU,Annual,Austria,Gini index,Total,All age ranges or no breakdown by age,Total,0-100 scale,Not Applicable,Not Applicable,Not Applicable,Not Applicable,Index,Two,World Development Indicators (WDI),Annual,Units,Normal value,Public
datastructure,WB.DATA360:DS_DATA360(1.3),I,A,BGD,WB_WDI_SI_POV_GINI,_T,_T,_T,0_TO_100,_Z,_Z,_Z,2010,32.1,_Z,IX,2,WB_WDI,P1Y,0,A,PU,Annual,Bangladesh,Gini index,Total,All age ranges or no breakdown by age,Total,0-100 scale,Not Applicable,Not Applicable,Not Applicable,Not Applicable,Index,Two,World Development Indicators (WDI),Annual,Units,Normal value,Public
datastructure,WB.DATA360:DS_DATA360(1.3),I,A,BLR,WB_WDI_SI_POV_GINI,_T,_T,_T,0_TO_100,_Z,_Z,_Z,2010,28.6,_Z,IX,2,WB_WDI,P1Y,0,A,PU,Annual,Belarus,Gini index,Total,All age ranges or no breakdown by age,Total,0-100 scale,Not Applicable,Not Applicable,Not Applicable,Not Applicable,Index,Two,World Development Indicators (WDI),Annual,Units,Normal value,Public
datastructure,WB.DATA360:DS_DATA360(1.3),I,A,BEL,WB_WDI_SI_POV_GINI,_T,_T,_T,0_TO_100,_Z,_Z,_Z,2010,28.4,_Z,IX,2,WB_WDI,P1Y,0,A,PU,Annual,Belgium,Gini index,Total,All age ranges or no breakdown by age,Total,0-100 scale,Not Applicable,Not Applicable,Not Applicable,Not Applicable,Index,Two,World Development Indicators (WDI),Annual,Units,Normal value,Public
datastructure,WB.DATA360:DS_DATA360(1.3),I,A,MDA,WB_WDI_SI_POV_GINI,_T,_T,_T,0_TO_100,_Z,_Z,_Z,2023,26.8,_Z,IX,2,WB_WDI,P1Y,0,A,PU,Annual,Moldova,Gini index,Total,All age ranges or no breakdown by age,Total,0-100 scale,Not Applicable,Not Applicable,Not Applicable,Not Applicable,Index,Two,World Development Indicators (WDI),Annual,Units,Normal value,Public
datastructure,WB.DATA360:DS_DATA360(1.3),I,A,NLD,WB_WDI_SI_POV_GINI,_T,_T,_T,0_TO_100,_Z,_Z,_Z,2021,25.7,_Z,IX,2,WB_WDI,P1Y,0,A,PU,Annual,Netherlands,Gini index,Total,All age ranges or no breakdown by age,Total,0-100 scale,Not Applicable,Not Applicable,Not Applicable,Not Applicable,Index,Two,World Development Indicators (WDI),Annual,Units,Normal value,Public
datastructure,WB.DATA360:DS_DATA360(1.3),I,A,NER,WB_WDI_SI_POV_GINI,_T,_T,_T,0_TO_100,_Z,_Z,_Z,2021,32.9,_Z,IX,2,WB_WDI,P1Y,0,A,PU,Annual,Niger,Gini index,Total,All age ranges or no breakdown by age,Total,0-100 scale,Not Applicable,Not Applicable,Not Applicable,Not Applicable,Index,Two,World Development Indicators (WDI),Annual,Units,Normal value,Public
datastructure,WB.DATA360:DS_DATA360(1.3),I,A,NOR,WB_WDI_SI_POV_GINI,_T,_T,_T,0_TO_100,_Z,_Z,_Z,2021,29.1,_Z,IX,2,WB_WDI,P1Y,0,A,PU,Annual,Norway,Gini index,Total,All age ranges or no breakdown by age,Total,0-100 scale,Not Applicable,Not Applicable,Not Applicable,Not Applicable,Index,Two,World Development Indicators (WDI),Annual,Units,Normal value,Public
datastructure,WB.DATA360:DS_DATA360(1.3),I,A,PAN,WB_WDI_SI_POV_GINI,_T,_T,_T,0_TO_100,_Z,_Z,_Z,2021,50.9,_Z,IX,2,WB_WDI,P1Y,0,A,PU,Annual,Panama,Gini index,Total,All age ranges or no breakdown by age,Total,0-100 scale,Not Applicable,Not Applicable,Not Applicable,Not Applicable,Index,Two,World Development Indicators (WDI),Annual,Units,Normal value,Public
datastructure,WB.DATA360:DS_DATA360(1.3),I,A,PRY,WB_WDI_SI_POV_GINI,_T,_T,_T,0_TO_100,_Z,_Z,_Z,2001,54.6,_Z,IX,2,WB_WDI,P1Y,0,A,PU,Annual,Paraguay,Gini index,Total,All age ranges or no breakdown by age,Total,0-100 scale,Not Applicable,Not Applicable,Not Applicable,Not Applicable,Index,Two,World Development Indicators (WDI),Annual,Units,Normal value,Public
datastructure,WB.DATA360:DS_DATA360(1.3),I,A,PER,WB_WDI_SI_POV_GINI,_T,_T,_T,0_TO_100,_Z,_Z,_Z,2001,51.3,_Z,IX,2,WB_WDI,P1Y,0,A,PU,Annual,Peru,Gini index,Total,All age ranges or no breakdown by age,Total,0-100 scale,Not Applicable,Not Applicable,Not Applicable,Not Applicable,Index,Two,World Development Indicators (WDI),Annual,Units,Normal value,Public
datastructure,WB.DATA360:DS_DATA360(1.3),I,A,POL,WB_WDI_SI_POV_GINI,_T,_T,_T,0_TO_100,_Z,_Z,_Z,2001,32.8,_Z,IX,2,WB_WDI,P1Y,0,A,PU,Annual,Poland,Gini index,Total,All age ranges or no breakdown by age,Total,0-100 scale,Not Applicable,Not Applicable,Not Applicable,Not Applicable,Index,Two,World Development Indicators (WDI),Annual,Units,Normal value,Public
datastructure,WB.DATA360:DS_DATA360(1.3),I,A,ROU,WB_WDI_SI_POV_GINI,_T,_T,_T,0_TO_100,_Z,_Z,_Z,2001,29.4,_Z,IX,2,WB_WDI,P1Y,0,A,PU,Annual,Romania,Gini index,Total,All age ranges or no breakdown by age,Total,0-100 scale,Not Applicable,Not Applicable,Not Applicable,Not Applicable,Index,Two,World Development Indicators (WDI),Annual,Units,Normal value,Public
datastructure,WB.DATA360:DS_DATA360(1.3),I,A,RUS,WB_WDI_SI_POV_GINI,_T,_T,_T,0_TO_100,_Z,_Z,_Z,2001,36.9,_Z,IX,2,WB_WDI,P1Y,0,A,PU,Annual,Russian Federation,Gini index,Total,All age ranges or no breakdown by age,Total,0-100 scale,Not Applicable,Not Applicable,Not Applicable,Not Applicable,Index,Two,World Development Indicators (WDI),Annual,Units,Normal value,Public
datastructure,WB.DATA360:DS_DATA360(1.3),I,A,BOL,WB_WDI_SI_POV_GINI,_T,_T,_T,0_TO_100,_Z,_Z,_Z,2020,43.6,_Z,IX,2,WB_WDI,P1Y,0,A,PU,Annual,Bolivia,Gini index,Total,All age ranges or no breakdown by age,Total,0-100 scale,Not Applicable,Not Applicable,Not Applicable,Not Applicable,Index,Two,World Development Indicators (WDI),Annual,Units,Normal value,Public
datastructure,WB.DATA360:DS_DATA360(1.3),I,A,BRA,WB_WDI_SI_POV_GINI,_T,_T,_T,0_TO_100,_Z,_Z,_Z,2020,48.8,_Z,IX,2,WB_WDI,P1Y,0,A,PU,Annual,Brazil,Gini index,Total,All age ranges or no breakdown by age,Total,0-100 scale,Not Applicable,Not Applicable,Not Applicable,Not Applicable,Index,Two,World Development Indicators (WDI),Annual,Units,Normal value,Public
datastructure,WB.DATA360:DS_DATA360(1.3),I,A,BGR,WB_WDI_SI_POV_GINI,_T,_T,_T,0_TO_100,_Z,_Z,_Z,2020,40.5,_Z,IX,2,WB_WDI,P1Y,0,A,PU,Annual,Bulgaria,Gini index,Total,All age ranges or no breakdown by age,Total,0-100 scale,Not Applicable,Not Applicable,Not Applicable,Not Applicable,Index,Two,World Development Indicators (WDI),Annual,Units,Normal value,Public
datastructure,WB.DATA360:DS_DATA360(1.3),I,A,GEO,WB_WDI_SI_POV_GINI,_T,_T,_T,0_TO_100,_Z,_Z,_Z,2012,39.0,_Z,IX,2,WB_WDI,P1Y,0,A,PU,Annual,Georgia,Gini index,Total,All age ranges or no breakdown by age,Total,0-100 scale,Not Applicable,Not Applicable,Not Applicable,Not Applicable,Index,Two,World Development Indicators (WDI),Annual,Units,Normal value,Public
datastructure,WB.DATA360:DS_DATA360(1.3),I,A,DEU,WB_WDI_SI_POV_GINI,_T,_T,_T,0_TO_100,_Z,_Z,_Z,2012,30.9,_Z,IX,2,WB_WDI,P1Y,0,A,PU,Annual,Germany,Gini index,Total,All age ranges or no breakdown by age,Total,0-100 scale,Not Applicable,Not Applicable,Not Applicable,Not Applicable,Index,Two,World Development Indicators (WDI),Annual,Units,Normal value,Public
datastructure,WB.DATA360:DS_DATA360(1.3),I,A,GHA,WB_WDI_SI_POV_GINI,_T,_T,_T,0_TO_100,_Z,_Z,_Z,2012,42.4,_Z,IX,2,WB_WDI,P1Y,0,A,PU,Annual,Ghana,Gini index,Total,All age ranges or no breakdown by age,Total,0-100 scale,Not Applicable,Not Applicable,Not Applicable,Not Applicable,Index,Two,World Development Indicators (WDI),Annual,Units,Normal value,Public
datastructure,WB.DATA360:DS_DATA360(1.3),I,A,GRC,WB_WDI_SI_POV_GINI,_T,_T,_T,0_TO_100,_Z,_Z,_Z,2012,36.3,_Z,IX,2,WB_WDI,P1Y,0,A,PU,Annual,Greece,Gini index,Total,All age ranges or no breakdown by age,Total,0-100 scale,Not Applicable,Not Applicable,Not Applicable,Not Applicable,Index,Two,World Development Indicators (WDI),Annual,Units,Normal value,Public
datastructure,WB.DATA360:DS_DATA360(1.3),I,A,GIN,WB_WDI_SI_POV_GINI,_T,_T,_T,0_TO_100,_Z,_Z,_Z,2012,33.7,_Z,IX,2,WB_WDI,P1Y,0,A,PU,Annual,Guinea,Gini index,Total,All age ranges or no breakdown by age,Total,0-100 scale,Not Applicable,Not Applicable,Not Applicable,Not Applicable,Index,Two,World Development Indicators (WDI),Annual,Units,Normal value,Public
datastructure,WB.DATA360:DS_DATA360(1.3),I,A,LTU,WB_WDI_SI_POV_GINI,_T,_T,_T,0_TO_100,_Z,_Z,_Z,2002,31.9,_Z,IX,2,WB_WDI,P1Y,0,A,PU,Annual,Lithuania,Gini index,Total,All age ranges or no breakdown by age,Total,0-100 scale,Not Applicable,Not Applicable,Not Applicable,Not Applicable,Index,Two,World Development Indicators (WDI),Annual,Units,Normal value,Public
datastructure,WB.DATA360:DS_DATA360(1.3),I,A,LUX,WB_WDI_SI_POV_GINI,_T,_T,_T,0_TO_100,_Z,_Z,_Z,2002,31.1,_Z,IX,2,WB_WDI,P1Y,0,A,PU,Annual,Luxembourg,Gini index,Total,All age ranges or no breakdown by age,Total,0-100 scale,Not Applicable,Not Applicable,Not Applicable,Not Applicable,Index,Two,World Development Indicators (WDI),Annual,Units,Normal value,Public
datastructure,WB.DATA360:DS_DATA360(1.3),I,A,MDV,WB_WDI_SI_POV_GINI,_T,_T,_T,0_TO_100,_Z,_Z,_Z,2002,41.3,_Z,IX,2,WB_WDI,P1Y,0,A,PU,Annual,Maldives,Gini index,Total,All age ranges or no breakdown by age,Total,0-100 scale,Not Applicable,Not Applicable,Not Applicable,Not Applicable,Index,Two,World Development Indicators (WDI),Annual,Units,Normal value,Public
datastructure,WB.DATA360:DS_DATA360(1.3),I,A,SVN,WB_WDI_SI_POV_GINI,_T,_T,_T,0_TO_100,_Z,_Z,_Z,2010,24.9,_Z,IX,2,WB_WDI,P1Y,0,A,PU,Annual,Slovenia,Gini index,Total,All age ranges or no breakdown by age,Total,0-100 scale,Not Applicable,Not Applicable,Not Applicable,Not Applicable,Index,Two,World Development Indicators (WDI),Annual,Units,Normal value,Public
datastructure,WB.DATA360:DS_DATA360(1.3),I,A,ZAF,WB_WDI_SI_POV_GINI,_T,_T,_T,0_TO_100,_Z,_Z,_Z,2010,60.9,_Z,IX,2,WB_WDI,P1Y,0,A,PU,Annual,South Africa,Gini index,Total,All age ranges or no breakdown by age,Total,0-100 scale,Not Applicable,Not Applicable,Not Applicable,Not Applicable,Index,Two,World Development Indicators (WDI),Annual,Units,Normal value,Public
datastructure,WB.DATA360:DS_DATA360(1.3),I,A,ESP,WB_WDI_SI_POV_GINI,_T,_T,_T,0_TO_100,_Z,_Z,_Z,2010,35.2,_Z,IX,2,WB_WDI,P1Y,0,A,PU,Annual,Spain,Gini index,Total,All age ranges or no breakdown by age,Total,0-100 scale,Not Applicable,Not Applicable,Not Applicable,Not Applicable,Index,Two,World Development Indicators (WDI),Annual,Units,Normal value,Public
datastructure,WB.DATA360:DS_DATA360(1.3),I,A,SWE,WB_WDI_SI_POV_GINI,_T,_T,_T,0_TO_100,_Z,_Z,_Z,2010,27.7,_Z,IX,2,WB_WDI,P1Y,0,A,PU,Annual,Sweden,Gini index,Total,All age ranges or no breakdown by age,Total,0-100 scale,Not Applicable,Not Applicable,Not Applicable,Not Applicable,Index,Two,World Development Indicators (WDI),Annual,Units,Normal value,Public
datastructure,WB.DATA360:DS_DATA360(1.3),I,A,AUT,WB_WDI_SI_POV_GINI,_T,_T,_T,0_TO_100,_Z,_Z,_Z,2008,30.4,_Z,IX,2,WB_WDI,P1Y,0,A,PU,Annual,Austria,Gini index,Total,All age ranges or no breakdown by age,Total,0-100 scale,Not Applicable,Not Applicable,Not Applicable,Not Applicable,Index,Two,World Development Indicators (WDI),Annual,Units,Normal value,Public
datastructure,WB.DATA360:DS_DATA360(1.3),I,A,BLR,WB_WDI_SI_POV_GINI,_T,_T,_T,0_TO_100,_Z,_Z,_Z,2008,27.8,_Z,IX,2,WB_WDI,P1Y,0,A,PU,Annual,Belarus,Gini index,Total,All age ranges or no breakdown by age,Total,0-100 scale,Not Applicable,Not Applicable,Not Applicable,Not Applicable,Index,Two,World Development Indicators (WDI),Annual,Units,Normal value,Public
datastructure,WB.DATA360:DS_DATA360(1.3),I,A,BEL,WB_WDI_SI_POV_GINI,_T,_T,_T,0_TO_100,_Z,_Z,_Z,2008,28.4,_Z,IX,2,WB_WDI,P1Y,0,A,PU,Annual,Belgium,Gini index,Total,All age ranges or no breakdown by age,Total,0-100 scale,Not Applicable,Not Applicable,Not Applicable,Not Applicable,Index,Two,World Development Indicators (WDI),Annual,Units,Normal value,Public
datastructure,WB.DATA360:DS_DATA360(1.3),I,A,COG,WB_WDI_SI_POV_GINI,_T,_T,_T,0_TO_100,_Z,_Z,_Z,2011,48.9,_Z,IX,2,WB_WDI,P1Y,0,A,PU,Annual,"Congo, Rep.",Gini index,Total,All age ranges or no breakdown by age,Total,0-100 scale,Not Applicable,Not Applicable,Not Applicable,Not Applicable,Index,Two,World Development Indicators (WDI),Annual,Units,Normal value,Public
datastructure,WB.DATA360:DS_DATA360(1.3),I,A,CRI,WB_WDI_SI_POV_GINI,_T,_T,_T,0_TO_100,_Z,_Z,_Z,2011,48.8,_Z,IX,2,WB_WDI,P1Y,0,A,PU,Annual,Costa Rica,Gini index,Total,All age ranges or no breakdown by age,Total,0-100 scale,Not Applicable,Not Applicable,Not Applicable,Not Applicable,Index,Two,World Development Indicators (WDI),Annual,Units,Normal value,Public
datastructure,WB.DATA360:DS_DATA360(1.3),I,A,HRV,WB_WDI_SI_POV_GINI,_T,_T,_T,0_TO_100,_Z,_Z,_Z,2011,32.3,_Z,IX,2,WB_WDI,P1Y,0,A,PU,Annual,Croatia,Gini index,Total,All age ranges or no breakdown by age,Total,0-100 scale,Not Applicable,Not Applicable,Not Applicable,Not Applicable,Index,Two,World Development Indicators (WDI),Annual,Units,Normal value,Public
datastructure,WB.DATA360:DS_DATA360(1.3),I,A,CYP,WB_WDI_SI_POV_GINI,_T,_T,_T,0_TO_100,_Z,_Z,_Z,2011,32.6,_Z,IX,2,WB_WDI,P1Y,0,A,PU,Annual,Cyprus,Gini index,Total,All age ranges or no breakdown by age,Total,0-100 scale,Not Applicable,Not Applicable,Not Applicable,Not Applicable,Index,Two,World Development Indicators (WDI),Annual,Units,Normal value,Public
datastructure,WB.DATA360:DS_DATA360(1.3),I,A,CZE,WB_WDI_SI_POV_GINI,_T,_T,_T,0_TO_100,_Z,_Z,_Z,2011,26.4,_Z,IX,2,WB_WDI,P1Y,0,A,PU,Annual,Czechia,Gini index,Total,All age ranges or no breakdown by age,Total,0-100 scale,Not Applicable,Not Applicable,Not Applicable,Not Applicable,Index,Two,World Development Indicators (WDI),Annual,Units,Normal value,Public
datastructure,WB.DATA360:DS_DATA360(1.3),I,A,DNK,WB_WDI_SI_POV_GINI,_T,_T,_T,0_TO_100,_Z,_Z,_Z,2011,27.3,_Z,IX,2,WB_WDI,P1Y,0,A,PU,Annual,Denmark,Gini index,Total,All age ranges or no breakdown by age,Total,0-100 scale,Not Applicable,Not Applicable,Not Applicable,Not Applicable,Index,Two,World Development Indicators (WDI),Annual,Units,Normal value,Public
datastructure,WB.DATA360:DS_DATA360(1.3),I,A,DOM,WB_WDI_SI_POV_GINI,_T,_T,_T,0_TO_100,_Z,_Z,_Z,2011,47.7,_Z,IX,2,WB_WDI,P1Y,0,A,PU,Annual,Dominican Republic,Gini index,Total,All age ranges or no breakdown by age,Total,0-100 scale,Not Applicable,Not Applicable,Not Applicable,Not Applicable,Index,Two,World Development Indicators (WDI),Annual,Units,Normal value,Public
datastructure,WB.DATA360:DS_DATA360(1.3),I,A,ARM,WB_WDI_SI_POV_GINI,_T,_T,_T,0_TO_100,_Z,_Z,_Z,2005,36.0,_Z,IX,2,WB_WDI,P1Y,0,A,PU,Annual,Armenia,Gini index,Total,All age ranges or no breakdown by age,Total,0-100 scale,Not Applicable,Not Applicable,Not Applicable,Not Applicable,Index,Two,World Development Indicators (WDI),Annual,Units,Normal value,Public
datastructure,WB.DATA360:DS_DATA360(1.3),I,A,AUT,WB_WDI_SI_POV_GINI,_T,_T,_T,0_TO_100,_Z,_Z,_Z,2005,28.7,_Z,IX,2,WB_WDI,P1Y,0,A,PU,Annual,Austria,Gini index,Total,All age ranges or no breakdown by age,Total,0-100 scale,Not Applicable,Not Applicable,Not Applicable,Not Applicable,Index,Two,World Development Indicators (WDI),Annual,Units,Normal value,Public
datastructure,WB.DATA360:DS_DATA360(1.3),I,A,AZE,WB_WDI_SI_POV_GINI,_T,_T,_T,0_TO_100,_Z,_Z,_Z,2005,26.6,_Z,IX,2,WB_WDI,P1Y,0,A,PU,Annual,Azerbaijan,Gini index,Total,All age ranges or no breakdown by age,Total,0-100 scale,Not Applicable,Not Applicable,Not Applicable,Not Applicable,Index,Two,World Development Indicators (WDI),Annual,Units,Normal value,Public
datastructure,WB.DATA360:DS_DATA360(1.3),I,A,BGD,WB_WDI_SI_POV_GINI,_T,_T,_T,0_TO_100,_Z,_Z,_Z,2005,33.2,_Z,IX,2,WB_WDI,P1Y,0,A,PU,Annual,Bangladesh,Gini index,Total,All age ranges or no breakdown by age,Total,0-100 scale,Not Applicable,Not Applicable,Not Applicable,Not Applicable,Index,Two,World Development Indicators (WDI),Annual,Units,Normal value,Public
datastructure,WB.DATA360:DS_DATA360(1.3),I,A,BLR,WB_WDI_SI_POV_GINI,_T,_T,_T,0_TO_100,_Z,_Z,_Z,2005,27.6,_Z,IX,2,WB_WDI,P1Y,0,A,PU,Annual,Belarus,Gini index,Total,All age ranges or no breakdown by age,Total,0-100 scale,Not Applicable,Not Applicable,Not Applicable,Not Applicable,Index,Two,World Development Indicators (WDI),Annual,Units,Normal value,Public
datastructure,WB.DATA360:DS_DATA360(1.3),I,A,BEL,WB_WDI_SI_POV_GINI,_T,_T,_T,0_TO_100,_Z,_Z,_Z,2005,29.3,_Z,IX,2,WB_WDI,P1Y,0,A,PU,Annual,Belgium,Gini index,Total,All age ranges or no breakdown by age,Total,0-100 scale,Not Applicable,Not Applicable,Not Applicable,Not Applicable,Index,Two,World Development Indicators (WDI),Annual,Units,Normal value,Public
datastructure,WB.DATA360:DS_DATA360(1.3),I,A,COL,WB_WDI_SI_POV_GINI,_T,_T,_T,0_TO_100,_Z,_Z,_Z,2001,57.3,_Z,IX,2,WB_WDI,P1Y,0,A,PU,Annual,Colombia,Gini index,Total,All age ranges or no breakdown by age,Total,0-100 scale,Not Applicable,Not Applicable,Not Applicable,Not Applicable,Index,Two,World Development Indicators (WDI),Annual,Units,Normal value,Public
datastructure,WB.DATA360:DS_DATA360(1.3),I,A,CRI,WB_WDI_SI_POV_GINI,_T,_T,_T,0_TO_100,_Z,_Z,_Z,2001,51.5,_Z,IX,2,WB_WDI,P1Y,0,A,PU,Annual,Costa Rica,Gini index,Total,All age ranges or no breakdown by age,Total,0-100 scale,Not Applicable,Not Applicable,Not Applicable,Not Applicable,Index,Two,World Development Indicators (WDI),Annual,Units,Normal value,Public
datastructure,WB.DATA360:DS_DATA360(1.3),I,A,HRV,WB_WDI_SI_POV_GINI,_T,_T,_T,0_TO_100,_Z,_Z,_Z,2001,31.1,_Z,IX,2,WB_WDI,P1Y,0,A,PU,Annual,Croatia,Gini index,Total,All age ranges or no breakdown by age,Total,0-100 scale,Not Applicable,Not Applicable,Not Applicable,Not Applicable,Index,Two,World Development Indicators (WDI),Annual,Units,Normal value,Public
datastructure,WB.DATA360:DS_DATA360(1.3),I,A,CRI,WB_WDI_SI_POV_GINI,_T,_T,_T,0_TO_100,_Z,_Z,_Z,2000,47.4,_Z,IX,2,WB_WDI,P1Y,0,A,PU,Annual,Costa Rica,Gini index,Total,All age ranges or no breakdown by age,Total,0-100 scale,Not Applicable,Not Applicable,Not Applicable,Not Applicable,Index,Two,World Development Indicators (WDI),Annual,Units,Normal value,Public
datastructure,WB.DATA360:DS_DATA360(1.3),I,A,HRV,WB_WDI_SI_POV_GINI,_T,_T,_T,0_TO_100,_Z,_Z,_Z,2000,31.3,_Z,IX,2,WB_WDI,P1Y,0,A,PU,Annual,Croatia,Gini index,Total,All age ranges or no breakdown by age,Total,0-100 scale,Not Applicable,Not Applicable,Not Applicable,Not Applicable,Index,Two,World Development Indicators (WDI),Annual,Units,Normal value,Public
datastructure,WB.DATA360:DS_DATA360(1.3),I,A,DNK,WB_WDI_SI_POV_GINI,_T,_T,_T,0_TO_100,_Z,_Z,_Z,2000,23.8,_Z,IX,2,WB_WDI,P1Y,0,A,PU,Annual,Denmark,Gini index,Total,All age ranges or no breakdown by age,Total,0-100 scale,Not Applicable,Not Applicable,Not Applicable,Not Applicable,Index,Two,World Development Indicators (WDI),Annual,Units,Normal value,Public
datastructure,WB.DATA360:DS_DATA360(1.3),I,A,SWE,WB_WDI_SI_POV_GINI,_T,_T,_T,0_TO_100,_Z,_Z,_Z,2015,29.2,_Z,IX,2,WB_WDI,P1Y,0,A,PU,Annual,Sweden,Gini index,Total,All age ranges or no breakdown by age,Total,0-100 scale,Not Applicable,Not Applicable,Not Applicable,Not Applicable,Index,Two,World Development Indicators (WDI),Annual,Units,Normal value,Public
datastructure,WB.DATA360:DS_DATA360(1.3),I,A,CHE,WB_WDI_SI_POV_GINI,_T,_T,_T,0_TO_100,_Z,_Z,_Z,2015,32.3,_Z,IX,2,WB_WDI,P1Y,0,A,PU,Annual,Switzerland,Gini index,Total,All age ranges or no breakdown by age,Total,0-100 scale,Not Applicable,Not Applicable,Not Applicable,Not Applicable,Index,Two,World Development Indicators (WDI),Annual,Units,Normal value,Public
datastructure,WB.DATA360:DS_DATA360(1.3),I,A,TJK,WB_WDI_SI_POV_GINI,_T,_T,_T,0_TO_100,_Z,_Z,_Z,2015,34.0,_Z,IX,2,WB_WDI,P1Y,0,A,PU,Annual,Tajikistan,Gini index,Total,All age ranges or no breakdown by age,Total,0-100 scale,Not Applicable,Not Applicable,Not Applicable,Not Applicable,Index,Two,World Development Indicators (WDI),Annual,Units,Normal value,Public
datastructure,WB.DATA360:DS_DATA360(1.3),I,A,THA,WB_WDI_SI_POV_GINI,_T,_T,_T,0_TO_100,_Z,_Z,_Z,2015,36.0,_Z,IX,2,WB_WDI,P1Y,0,A,PU,Annual,Thailand,Gini index,Total,All age ranges or no breakdown by age,Total,0-100 scale,Not Applicable,Not Applicable,Not Applicable,Not Applicable,Index,Two,World Development Indicators (WDI),Annual,Units,Normal value,Public
datastructure,WB.DATA360:DS_DATA360(1.3),I,A,TGO,WB_WDI_SI_POV_GINI,_T,_T,_T,0_TO_100,_Z,_Z,_Z,2015,43.0,_Z,IX,2,WB_WDI,P1Y,0,A,PU,Annual,Togo,Gini index,Total,All age ranges or no breakdown by age,Total,0-100 scale,Not Applicable,Not Applicable,Not Applicable,Not Applicable,Index,Two,World Development Indicators (WDI),Annual,Units,Normal value,Public
datastructure,WB.DATA360:DS_DATA360(1.3),I,A,ECU,WB_WDI_SI_POV_GINI,_T,_T,_T,0_TO_100,_Z,_Z,_Z,2003,53.5,_Z,IX,2,WB_WDI,P1Y,0,A,PU,Annual,Ecuador,Gini index,Total,All age ranges or no breakdown by age,Total,0-100 scale,Not Applicable,Not Applicable,Not Applicable,Not Applicable,Index,Two,World Development Indicators (WDI),Annual,Units,Normal value,Public
datastructure,WB.DATA360:DS_DATA360(1.3),I,A,SLV,WB_WDI_SI_POV_GINI,_T,_T,_T,0_TO_100,_Z,_Z,_Z,2003,50.4,_Z,IX,2,WB_WDI,P1Y,0,A,PU,Annual,El Salvador,Gini index,Total,All age ranges or no breakdown by age,Total,0-100 scale,Not Applicable,Not Applicable,Not Applicable,Not Applicable,Index,Two,World Development Indicators (WDI),Annual,Units,Normal value,Public
datastructure,WB.DATA360:DS_DATA360(1.3),I,A,EST,WB_WDI_SI_POV_GINI,_T,_T,_T,0_TO_100,_Z,_Z,_Z,2003,37.2,_Z,IX,2,WB_WDI,P1Y,0,A,PU,Annual,Estonia,Gini index,Total,All age ranges or no breakdown by age,Total,0-100 scale,Not Applicable,Not Applicable,Not Applicable,Not Applicable,Index,Two,World Development Indicators (WDI),Annual,Units,Normal value,Public
datastructure,WB.DATA360:DS_DATA360(1.3),I,A,FIN,WB_WDI_SI_POV_GINI,_T,_T,_T,0_TO_100,_Z,_Z,_Z,2003,27.7,_Z,IX,2,WB_WDI,P1Y,0,A,PU,Annual,Finland,Gini index,Total,All age ranges or no breakdown by age,Total,0-100 scale,Not Applicable,Not Applicable,Not Applicable,Not Applicable,Index,Two,World Development Indicators (WDI),Annual,Units,Normal value,Public
datastructure,WB.DATA360:DS_DATA360(1.3),I,A,FRA,WB_WDI_SI_POV_GINI,_T,_T,_T,0_TO_100,_Z,_Z,_Z,2003,31.4,_Z,IX,2,WB_WDI,P1Y,0,A,PU,Annual,France,Gini index,Total,All age ranges or no breakdown by age,Total,0-100 scale,Not Applicable,Not Applicable,Not Applicable,Not Applicable,Index,Two,World Development Indicators (WDI),Annual,Units,Normal value,Public
datastructure,WB.DATA360:DS_DATA360(1.3),I,A,ARG,WB_WDI_SI_POV_GINI,_T,_T,_T,0_TO_100,_Z,_Z,_Z,1997,49.1,_Z,IX,2,WB_WDI,P1Y,0,A,PU,Annual,Argentina,Gini index,Total,All age ranges or no breakdown by age,Total,0-100 scale,Not Applicable,Not Applicable,Not Applicable,Not Applicable,Index,Two,World Development Indicators (WDI),Annual,Units,Normal value,Public
datastructure,WB.DATA360:DS_DATA360(1.3),I,A,AUT,WB_WDI_SI_POV_GINI,_T,_T,_T,0_TO_100,_Z,_Z,_Z,1997,29.1,_Z,IX,2,WB_WDI,P1Y,0,A,PU,Annual,Austria,Gini index,Total,All age ranges or no breakdown by age,Total,0-100 scale,Not Applicable,Not Applicable,Not Applicable,Not Applicable,Index,Two,World Development Indicators (WDI),Annual,Units,Normal value,Public
datastructure,WB.DATA360:DS_DATA360(1.3),I,A,NOR,WB_WDI_SI_POV_GINI,_T,_T,_T,0_TO_100,_Z,_Z,_Z,2023,26.5,_Z,IX,2,WB_WDI,P1Y,0,A,PU,Annual,Norway,Gini index,Total,All age ranges or no breakdown by age,Total,0-100 scale,Not Applicable,Not Applicable,Not Applicable,Not Applicable,Index,Two,World Development Indicators (WDI),Annual,Units,Normal value,Public
datastructure,WB.DATA360:DS_DATA360(1.3),I,A,PAN,WB_WDI_SI_POV_GINI,_T,_T,_T,0_TO_100,_Z,_Z,_Z,2023,48.9,_Z,IX,2,WB_WDI,P1Y,0,A,PU,Annual,Panama,Gini index,Total,All age ranges or no breakdown by age,Total,0-100 scale,Not Applicable,Not Applicable,Not Applicable,Not Applicable,Index,Two,World Development Indicators (WDI),Annual,Units,Normal value,Public
datastructure,WB.DATA360:DS_DATA360(1.3),I,A,KOR,WB_WDI_SI_POV_GINI,_T,_T,_T,0_TO_100,_Z,_Z,_Z,2020,32.7,_Z,IX,2,WB_WDI,P1Y,0,A,PU,Annual,"Korea, Rep.",Gini index,Total,All age ranges or no breakdown by age,Total,0-100 scale,Not Applicable,Not Applicable,Not Applicable,Not Applicable,Index,Two,World Development Indicators (WDI),Annual,Units,Normal value,Public
datastructure,WB.DATA360:DS_DATA360(1.3),I,A,XKX,WB_WDI_SI_POV_GINI,_T,_T,_T,0_TO_100,_Z,_Z,_Z,2020,57.4,_Z,IX,2,WB_WDI,P1Y,0,A,PU,Annual,Kosovo,Gini index,Total,All age ranges or no breakdown by age,Total,0-100 scale,Not Applicable,Not Applicable,Not Applicable,Not Applicable,Index,Two,World Development Indicators (WDI),Annual,Units,Normal value,Public
datastructure,WB.DATA360:DS_DATA360(1.3),I,A,KGZ,WB_WDI_SI_POV_GINI,_T,_T,_T,0_TO_100,_Z,_Z,_Z,2020,29.0,_Z,IX,2,WB_WDI,P1Y,0,A,PU,Annual,Kyrgyz Republic,Gini index,Total,All age ranges or no breakdown by age,Total,0-100 scale,Not Applicable,Not Applicable,Not Applicable,Not Applicable,Index,Two,World Development Indicators (WDI),Annual,Units,Normal value,Public
datastructure,WB.DATA360:DS_DATA360(1.3),I,A,LVA,WB_WDI_SI_POV_GINI,_T,_T,_T,0_TO_100,_Z,_Z,_Z,2020,35.7,_Z,IX,2,WB_WDI,P1Y,0,A,PU,Annual,Latvia,Gini index,Total,All age ranges or no breakdown by age,Total,0-100 scale,Not Applicable,Not Applicable,Not Applicable,Not Applicable,Index,Two,World Development Indicators (WDI),Annual,Units,Normal value,Public
datastructure,WB.DATA360:DS_DATA360(1.3),I,A,LTU,WB_WDI_SI_POV_GINI,_T,_T,_T,0_TO_100,_Z,_Z,_Z,2020,36.0,_Z,IX,2,WB_WDI,P1Y,0,A,PU,Annual,Lithuania,Gini index,Total,All age ranges or no breakdown by age,Total,0-100 scale,Not Applicable,Not Applicable,Not Applicable,Not Applicable,Index,Two,World Development Indicators (WDI),Annual,Units,Normal value,Public
datastructure,WB.DATA360:DS_DATA360(1.3),I,A,LUX,WB_WDI_SI_POV_GINI,_T,_T,_T,0_TO_100,_Z,_Z,_Z,2020,33.4,_Z,IX,2,WB_WDI,P1Y,0,A,PU,Annual,Luxembourg,Gini index,Total,All age ranges or no breakdown by age,Total,0-100 scale,Not Applicable,Not Applicable,Not Applicable,Not Applicable,Index,Two,World Development Indicators (WDI),Annual,Units,Normal value,Public
datastructure,WB.DATA360:DS_DATA360(1.3),I,A,BLR,WB_WDI_SI_POV_GINI,_T,_T,_T,0_TO_100,_Z,_Z,_Z,2015,25.6,_Z,IX,2,WB_WDI,P1Y,0,A,PU,Annual,Belarus,Gini index,Total,All age ranges or no breakdown by age,Total,0-100 scale,Not Applicable,Not Applicable,Not Applicable,Not Applicable,Index,Two,World Development Indicators (WDI),Annual,Units,Normal value,Public
datastructure,WB.DATA360:DS_DATA360(1.3),I,A,BEL,WB_WDI_SI_POV_GINI,_T,_T,_T,0_TO_100,_Z,_Z,_Z,2015,27.7,_Z,IX,2,WB_WDI,P1Y,0,A,PU,Annual,Belgium,Gini index,Total,All age ranges or no breakdown by age,Total,0-100 scale,Not Applicable,Not Applicable,Not Applicable,Not Applicable,Index,Two,World Development Indicators (WDI),Annual,Units,Normal value,Public
datastructure,WB.DATA360:DS_DATA360(1.3),I,A,BEN,WB_WDI_SI_POV_GINI,_T,_T,_T,0_TO_100,_Z,_Z,_Z,2015,47.6,_Z,IX,2,WB_WDI,P1Y,0,A,PU,Annual,Benin,Gini index,Total,All age ranges or no breakdown by age,Total,0-100 scale,Not Applicable,Not Applicable,Not Applicable,Not Applicable,Index,Two,World Development Indicators (WDI),Annual,Units,Normal value,Public
datastructure,WB.DATA360:DS_DATA360(1.3),I,A,BOL,WB_WDI_SI_POV_GINI,_T,_T,_T,0_TO_100,_Z,_Z,_Z,2015,46.7,_Z,IX,2,WB_WDI,P1Y,0,A,PU,Annual,Bolivia,Gini index,Total,All age ranges or no breakdown by age,Total,0-100 scale,Not Applicable,Not Applicable,Not Applicable,Not Applicable,Index,Two,World Development Indicators (WDI),Annual,Units,Normal value,Public
datastructure,WB.DATA360:DS_DATA360(1.3),I,A,JOR,WB_WDI_SI_POV_GINI,_T,_T,_T,0_TO_100,_Z,_Z,_Z,2002,37.0,_Z,IX,2,WB_WDI,P1Y,0,A,PU,Annual,Jordan,Gini index,Total,All age ranges or no breakdown by age,Total,0-100 scale,Not Applicable,Not Applicable,Not Applicable,Not Applicable,Index,Two,World Development Indicators (WDI),Annual,Units,Normal value,Public
datastructure,WB.DATA360:DS_DATA360(1.3),I,A,KAZ,WB_WDI_SI_POV_GINI,_T,_T,_T,0_TO_100,_Z,_Z,_Z,2002,34.8,_Z,IX,2,WB_WDI,P1Y,0,A,PU,Annual,Kazakhstan,Gini index,Total,All age ranges or no breakdown by age,Total,0-100 scale,Not Applicable,Not Applicable,Not Applicable,Not Applicable,Index,Two,World Development Indicators (WDI),Annual,Units,Normal value,Public
datastructure,WB.DATA360:DS_DATA360(1.3),I,A,KGZ,WB_WDI_SI_POV_GINI,_T,_T,_T,0_TO_100,_Z,_Z,_Z,2002,30.3,_Z,IX,2,WB_WDI,P1Y,0,A,PU,Annual,Kyrgyz Republic,Gini index,Total,All age ranges or no breakdown by age,Total,0-100 scale,Not Applicable,Not Applicable,Not Applicable,Not Applicable,Index,Two,World Development Indicators (WDI),Annual,Units,Normal value,Public
datastructure,WB.DATA360:DS_DATA360(1.3),I,A,LAO,WB_WDI_SI_POV_GINI,_T,_T,_T,0_TO_100,_Z,_Z,_Z,2002,32.6,_Z,IX,2,WB_WDI,P1Y,0,A,PU,Annual,Lao PDR,Gini index,Total,All age ranges or no breakdown by age,Total,0-100 scale,Not Applicable,Not Applicable,Not Applicable,Not Applicable,Index,Two,World Development Indicators (WDI),Annual,Units,Normal value,Public
datastructure,WB.DATA360:DS_DATA360(1.3),I,A,LVA,WB_WDI_SI_POV_GINI,_T,_T,_T,0_TO_100,_Z,_Z,_Z,2002,35.1,_Z,IX,2,WB_WDI,P1Y,0,A,PU,Annual,Latvia,Gini index,Total,All age ranges or no breakdown by age,Total,0-100 scale,Not Applicable,Not Applicable,Not Applicable,Not Applicable,Index,Two,World Development Indicators (WDI),Annual,Units,Normal value,Public
datastructure,WB.DATA360:DS_DATA360(1.3),I,A,LSO,WB_WDI_SI_POV_GINI,_T,_T,_T,0_TO_100,_Z,_Z,_Z,2002,51.2,_Z,IX,2,WB_WDI,P1Y,0,A,PU,Annual,Lesotho,Gini index,Total,All age ranges or no breakdown by age,Total,0-100 scale,Not Applicable,Not Applicable,Not Applicable,Not Applicable,Index,Two,World Development Indicators (WDI),Annual,Units,Normal value,Public
datastructure,WB.DATA360:DS_DATA360(1.3),I,A,ARG,WB_WDI_SI_POV_GINI,_T,_T,_T,0_TO_100,_Z,_Z,_Z,2004,48.5,_Z,IX,2,WB_WDI,P1Y,0,A,PU,Annual,Argentina,Gini index,Total,All age ranges or no breakdown by age,Total,0-100 scale,Not Applicable,Not Applicable,Not Applicable,Not Applicable,Index,Two,World Development Indicators (WDI),Annual,Units,Normal value,Public
datastructure,WB.DATA360:DS_DATA360(1.3),I,A,ARM,WB_WDI_SI_POV_GINI,_T,_T,_T,0_TO_100,_Z,_Z,_Z,2004,37.5,_Z,IX,2,WB_WDI,P1Y,0,A,PU,Annual,Armenia,Gini index,Total,All age ranges or no breakdown by age,Total,0-100 scale,Not Applicable,Not Applicable,Not Applicable,Not Applicable,Index,Two,World Development Indicators (WDI),Annual,Units,Normal value,Public
datastructure,WB.DATA360:DS_DATA360(1.3),I,A,AUS,WB_WDI_SI_POV_GINI,_T,_T,_T,0_TO_100,_Z,_Z,_Z,2004,33.1,_Z,IX,2,WB_WDI,P1Y,0,A,PU,Annual,Australia,Gini index,Total,All age ranges or no breakdown by age,Total,0-100 scale,Not Applicable,Not Applicable,Not Applicable,Not Applicable,Index,Two,World Development Indicators (WDI),Annual,Units,Normal value,Public
datastructure,WB.DATA360:DS_DATA360(1.3),I,A,AUT,WB_WDI_SI_POV_GINI,_T,_T,_T,0_TO_100,_Z,_Z,_Z,2004,29.8,_Z,IX,2,WB_WDI,P1Y,0,A,PU,Annual,Austria,Gini index,Total,All age ranges or no breakdown by age,Total,0-100 scale,Not Applicable,Not Applicable,Not Applicable,Not Applicable,Index,Two,World Development Indicators (WDI),Annual,Units,Normal value,Public
datastructure,WB.DATA360:DS_DATA360(1.3),I,A,AZE,WB_WDI_SI_POV_GINI,_T,_T,_T,0_TO_100,_Z,_Z,_Z,2004,26.6,_Z,IX,2,WB_WDI,P1Y,0,A,PU,Annual,Azerbaijan,Gini index,Total,All age ranges or no breakdown by age,Total,0-100 scale,Not Applicable,Not Applicable,Not Applicable,Not Applicable,Index,Two,World Development Indicators (WDI),Annual,Units,Normal value,Public
datastructure,WB.DATA360:DS_DATA360(1.3),I,A,ESP,WB_WDI_SI_POV_GINI,_T,_T,_T,0_TO_100,_Z,_Z,_Z,2004,33.3,_Z,IX,2,WB_WDI,P1Y,0,A,PU,Annual,Spain,Gini index,Total,All age ranges or no breakdown by age,Total,0-100 scale,Not Applicable,Not Applicable,Not Applicable,Not Applicable,Index,Two,World Development Indicators (WDI),Annual,Units,Normal value,Public
datastructure,WB.DATA360:DS_DATA360(1.3),I,A,SWE,WB_WDI_SI_POV_GINI,_T,_T,_T,0_TO_100,_Z,_Z,_Z,2004,26.1,_Z,IX,2,WB_WDI,P1Y,0,A,PU,Annual,Sweden,Gini index,Total,All age ranges or no breakdown by age,Total,0-100 scale,Not Applicable,Not Applicable,Not Applicable,Not Applicable,Index,Two,World Development Indicators (WDI),Annual,Units,Normal value,Public
datastructure,WB.DATA360:DS_DATA360(1.3),I,A,CHE,WB_WDI_SI_POV_GINI,_T,_T,_T,0_TO_100,_Z,_Z,_Z,2004,31.6,_Z,IX,2,WB_WDI,P1Y,0,A,PU,Annual,Switzerland,Gini index,Total,All age ranges or no breakdown by age,Total,0-100 scale,Not Applicable,Not Applicable,Not Applicable,Not Applicable,Index,Two,World Development Indicators (WDI),Annual,Units,Normal value,Public
datastructure,WB.DATA360:DS_DATA360(1.3),I,A,ARG,WB_WDI_SI_POV_GINI,_T,_T,_T,0_TO_100,_Z,_Z,_Z,2001,53.3,_Z,IX,2,WB_WDI,P1Y,0,A,PU,Annual,Argentina,Gini index,Total,All age ranges or no breakdown by age,Total,0-100 scale,Not Applicable,Not Applicable,Not Applicable,Not Applicable,Index,Two,World Development Indicators (WDI),Annual,Units,Normal value,Public
datastructure,WB.DATA360:DS_DATA360(1.3),I,A,ARM,WB_WDI_SI_POV_GINI,_T,_T,_T,0_TO_100,_Z,_Z,_Z,2001,35.4,_Z,IX,2,WB_WDI,P1Y,0,A,PU,Annual,Armenia,Gini index,Total,All age ranges or no breakdown by age,Total,0-100 scale,Not Applicable,Not Applicable,Not Applicable,Not Applicable,Index,Two,World Development Indicators (WDI),Annual,Units,Normal value,Public
datastructure,WB.DATA360:DS_DATA360(1.3),I,A,AUS,WB_WDI_SI_POV_GINI,_T,_T,_T,0_TO_100,_Z,_Z,_Z,2001,33.5,_Z,IX,2,WB_WDI,P1Y,0,A,PU,Annual,Australia,Gini index,Total,All age ranges or no breakdown by age,Total,0-100 scale,Not Applicable,Not Applicable,Not Applicable,Not Applicable,Index,Two,World Development Indicators (WDI),Annual,Units,Normal value,Public
datastructure,WB.DATA360:DS_DATA360(1.3),I,A,AZE,WB_WDI_SI_POV_GINI,_T,_T,_T,0_TO_100,_Z,_Z,_Z,2001,36.5,_Z,IX,2,WB_WDI,P1Y,0,A,PU,Annual,Azerbaijan,Gini index,Total,All age ranges or no breakdown by age,Total,0-100 scale,Not Applicable,Not Applicable,Not Applicable,Not Applicable,Index,Two,World Development Indicators (WDI),Annual,Units,Normal value,Public
datastructure,WB.DATA360:DS_DATA360(1.3),I,A,PRY,WB_WDI_SI_POV_GINI,_T,_T,_T,0_TO_100,_Z,_Z,_Z,2003,54.9,_Z,IX,2,WB_WDI,P1Y,0,A,PU,Annual,Paraguay,Gini index,Total,All age ranges or no breakdown by age,Total,0-100 scale,Not Applicable,Not Applicable,Not Applicable,Not Applicable,Index,Two,World Development Indicators (WDI),Annual,Units,Normal value,Public
datastructure,WB.DATA360:DS_DATA360(1.3),I,A,PER,WB_WDI_SI_POV_GINI,_T,_T,_T,0_TO_100,_Z,_Z,_Z,2003,53.1,_Z,IX,2,WB_WDI,P1Y,0,A,PU,Annual,Peru,Gini index,Total,All age ranges or no breakdown by age,Total,0-100 scale,Not Applicable,Not Applicable,Not Applicable,Not Applicable,Index,Two,World Development Indicators (WDI),Annual,Units,Normal value,Public
datastructure,WB.DATA360:DS_DATA360(1.3),I,A,PHL,WB_WDI_SI_POV_GINI,_T,_T,_T,0_TO_100,_Z,_Z,_Z,2003,46.6,_Z,IX,2,WB_WDI,P1Y,0,A,PU,Annual,Philippines,Gini index,Total,All age ranges or no breakdown by age,Total,0-100 scale,Not Applicable,Not Applicable,Not Applicable,Not Applicable,Index,Two,World Development Indicators (WDI),Annual,Units,Normal value,Public
datastructure,WB.DATA360:DS_DATA360(1.3),I,A,POL,WB_WDI_SI_POV_GINI,_T,_T,_T,0_TO_100,_Z,_Z,_Z,2003,34.9,_Z,IX,2,WB_WDI,P1Y,0,A,PU,Annual,Poland,Gini index,Total,All age ranges or no breakdown by age,Total,0-100 scale,Not Applicable,Not Applicable,Not Applicable,Not Applicable,Index,Two,World Development Indicators (WDI),Annual,Units,Normal value,Public
datastructure,WB.DATA360:DS_DATA360(1.3),I,A,PRT,WB_WDI_SI_POV_GINI,_T,_T,_T,0_TO_100,_Z,_Z,_Z,2003,38.8,_Z,IX,2,WB_WDI,P1Y,0,A,PU,Annual,Portugal,Gini index,Total,All age ranges or no breakdown by age,Total,0-100 scale,Not Applicable,Not Applicable,Not Applicable,Not Applicable,Index,Two,World Development Indicators (WDI),Annual,Units,Normal value,Public
datastructure,WB.DATA360:DS_DATA360(1.3),I,A,ROU,WB_WDI_SI_POV_GINI,_T,_T,_T,0_TO_100,_Z,_Z,_Z,2003,29.9,_Z,IX,2,WB_WDI,P1Y,0,A,PU,Annual,Romania,Gini index,Total,All age ranges or no breakdown by age,Total,0-100 scale,Not Applicable,Not Applicable,Not Applicable,Not Applicable,Index,Two,World Development Indicators (WDI),Annual,Units,Normal value,Public
datastructure,WB.DATA360:DS_DATA360(1.3),I,A,RUS,WB_WDI_SI_POV_GINI,_T,_T,_T,0_TO_100,_Z,_Z,_Z,2003,40.0,_Z,IX,2,WB_WDI,P1Y,0,A,PU,Annual,Russian Federation,Gini index,Total,All age ranges or no breakdown by age,Total,0-100 scale,Not Applicable,Not Applicable,Not Applicable,Not Applicable,Index,Two,World Development Indicators (WDI),Annual,Units,Normal value,Public
datastructure,WB.DATA360:DS_DATA360(1.3),I,A,LKA,WB_WDI_SI_POV_GINI,_T,_T,_T,0_TO_100,_Z,_Z,_Z,2006,39.7,_Z,IX,2,WB_WDI,P1Y,0,A,PU,Annual,Sri Lanka,Gini index,Total,All age ranges or no breakdown by age,Total,0-100 scale,Not Applicable,Not Applicable,Not Applicable,Not Applicable,Index,Two,World Development Indicators (WDI),Annual,Units,Normal value,Public
datastructure,WB.DATA360:DS_DATA360(1.3),I,A,SWE,WB_WDI_SI_POV_GINI,_T,_T,_T,0_TO_100,_Z,_Z,_Z,2006,26.4,_Z,IX,2,WB_WDI,P1Y,0,A,PU,Annual,Sweden,Gini index,Total,All age ranges or no breakdown by age,Total,0-100 scale,Not Applicable,Not Applicable,Not Applicable,Not Applicable,Index,Two,World Development Indicators (WDI),Annual,Units,Normal value,Public
datastructure,WB.DATA360:DS_DATA360(1.3),I,A,CHE,WB_WDI_SI_POV_GINI,_T,_T,_T,0_TO_100,_Z,_Z,_Z,2006,33.9,_Z,IX,2,WB_WDI,P1Y,0,A,PU,Annual,Switzerland,Gini index,Total,All age ranges or no breakdown by age,Total,0-100 scale,Not Applicable,Not Applicable,Not Applicable,Not Applicable,Index,Two,World Development Indicators (WDI),Annual,Units,Normal value,Public
datastructure,WB.DATA360:DS_DATA360(1.3),I,A,SYR,WB_WDI_SI_POV_GINI,_T,_T,_T,0_TO_100,_Z,_Z,_Z,2006,40.1,_Z,IX,2,WB_WDI,P1Y,0,A,PU,Annual,Syrian Arab Republic,Gini index,Total,All age ranges or no breakdown by age,Total,0-100 scale,Not Applicable,Not Applicable,Not Applicable,Not Applicable,Index,Two,World Development Indicators (WDI),Annual,Units,Normal value,Public
datastructure,WB.DATA360:DS_DATA360(1.3),I,A,THA,WB_WDI_SI_POV_GINI,_T,_T,_T,0_TO_100,_Z,_Z,_Z,2006,41.8,_Z,IX,2,WB_WDI,P1Y,0,A,PU,Annual,Thailand,Gini index,Total,All age ranges or no breakdown by age,Total,0-100 scale,Not Applicable,Not Applicable,Not Applicable,Not Applicable,Index,Two,World Development Indicators (WDI),Annual,Units,Normal value,Public
datastructure,WB.DATA360:DS_DATA360(1.3),I,A,ESP,WB_WDI_SI_POV_GINI,_T,_T,_T,0_TO_100,_Z,_Z,_Z,2012,35.4,_Z,IX,2,WB_WDI,P1Y,0,A,PU,Annual,Spain,Gini index,Total,All age ranges or no breakdown by age,Total,0-100 scale,Not Applicable,Not Applicable,Not Applicable,Not Applicable,Index,Two,World Development Indicators (WDI),Annual,Units,Normal value,Public
datastructure,WB.DATA360:DS_DATA360(1.3),I,A,LKA,WB_WDI_SI_POV_GINI,_T,_T,_T,0_TO_100,_Z,_Z,_Z,2012,38.7,_Z,IX,2,WB_WDI,P1Y,0,A,PU,Annual,Sri Lanka,Gini index,Total,All age ranges or no breakdown by age,Total,0-100 scale,Not Applicable,Not Applicable,Not Applicable,Not Applicable,Index,Two,World Development Indicators (WDI),Annual,Units,Normal value,Public
datastructure,WB.DATA360:DS_DATA360(1.3),I,A,SWE,WB_WDI_SI_POV_GINI,_T,_T,_T,0_TO_100,_Z,_Z,_Z,2012,27.6,_Z,IX,2,WB_WDI,P1Y,0,A,PU,Annual,Sweden,Gini index,Total,All age ranges or no breakdown by age,Total,0-100 scale,Not Applicable,Not Applicable,Not Applicable,Not Applicable,Index,Two,World Development Indicators (WDI),Annual,Units,Normal value,Public
datastructure,WB.DATA360:DS_DATA360(1.3),I,A,CHE,WB_WDI_SI_POV_GINI,_T,_T,_T,0_TO_100,_Z,_Z,_Z,2012,31.6,_Z,IX,2,WB_WDI,P1Y,0,A,PU,Annual,Switzerland,Gini index,Total,All age ranges or no breakdown by age,Total,0-100 scale,Not Applicable,Not Applicable,Not Applicable,Not Applicable,Index,Two,World Development Indicators (WDI),Annual,Units,Normal value,Public
datastructure,WB.DATA360:DS_DATA360(1.3),I,A,KGZ,WB_WDI_SI_POV_GINI,_T,_T,_T,0_TO_100,_Z,_Z,_Z,2007,33.9,_Z,IX,2,WB_WDI,P1Y,0,A,PU,Annual,Kyrgyz Republic,Gini index,Total,All age ranges or no breakdown by age,Total,0-100 scale,Not Applicable,Not Applicable,Not Applicable,Not Applicable,Index,Two,World Development Indicators (WDI),Annual,Units,Normal value,Public
datastructure,WB.DATA360:DS_DATA360(1.3),I,A,LAO,WB_WDI_SI_POV_GINI,_T,_T,_T,0_TO_100,_Z,_Z,_Z,2007,35.4,_Z,IX,2,WB_WDI,P1Y,0,A,PU,Annual,Lao PDR,Gini index,Total,All age ranges or no breakdown by age,Total,0-100 scale,Not Applicable,Not Applicable,Not Applicable,Not Applicable,Index,Two,World Development Indicators (WDI),Annual,Units,Normal value,Public
datastructure,WB.DATA360:DS_DATA360(1.3),I,A,LVA,WB_WDI_SI_POV_GINI,_T,_T,_T,0_TO_100,_Z,_Z,_Z,2007,37.5,_Z,IX,2,WB_WDI,P1Y,0,A,PU,Annual,Latvia,Gini index,Total,All age ranges or no breakdown by age,Total,0-100 scale,Not Applicable,Not Applicable,Not Applicable,Not Applicable,Index,Two,World Development Indicators (WDI),Annual,Units,Normal value,Public
datastructure,WB.DATA360:DS_DATA360(1.3),I,A,LBR,WB_WDI_SI_POV_GINI,_T,_T,_T,0_TO_100,_Z,_Z,_Z,2007,36.4,_Z,IX,2,WB_WDI,P1Y,0,A,PU,Annual,Liberia,Gini index,Total,All age ranges or no breakdown by age,Total,0-100 scale,Not Applicable,Not Applicable,Not Applicable,Not Applicable,Index,Two,World Development Indicators (WDI),Annual,Units,Normal value,Public
datastructure,WB.DATA360:DS_DATA360(1.3),I,A,LTU,WB_WDI_SI_POV_GINI,_T,_T,_T,0_TO_100,_Z,_Z,_Z,2007,34.8,_Z,IX,2,WB_WDI,P1Y,0,A,PU,Annual,Lithuania,Gini index,Total,All age ranges or no breakdown by age,Total,0-100 scale,Not Applicable,Not Applicable,Not Applicable,Not Applicable,Index,Two,World Development Indicators (WDI),Annual,Units,Normal value,Public
datastructure,WB.DATA360:DS_DATA360(1.3),I,A,LUX,WB_WDI_SI_POV_GINI,_T,_T,_T,0_TO_100,_Z,_Z,_Z,2007,31.1,_Z,IX,2,WB_WDI,P1Y,0,A,PU,Annual,Luxembourg,Gini index,Total,All age ranges or no breakdown by age,Total,0-100 scale,Not Applicable,Not Applicable,Not Applicable,Not Applicable,Index,Two,World Development Indicators (WDI),Annual,Units,Normal value,Public
datastructure,WB.DATA360:DS_DATA360(1.3),I,A,SWE,WB_WDI_SI_POV_GINI,_T,_T,_T,0_TO_100,_Z,_Z,_Z,2019,29.3,_Z,IX,2,WB_WDI,P1Y,0,A,PU,Annual,Sweden,Gini index,Total,All age ranges or no breakdown by age,Total,0-100 scale,Not Applicable,Not Applicable,Not Applicable,Not Applicable,Index,Two,World Development Indicators (WDI),Annual,Units,Normal value,Public
datastructure,WB.DATA360:DS_DATA360(1.3),I,A,CHE,WB_WDI_SI_POV_GINI,_T,_T,_T,0_TO_100,_Z,_Z,_Z,2019,34.0,_Z,IX,2,WB_WDI,P1Y,0,A,PU,Annual,Switzerland,Gini index,Total,All age ranges or no breakdown by age,Total,0-100 scale,Not Applicable,Not Applicable,Not Applicable,Not Applicable,Index,Two,World Development Indicators (WDI),Annual,Units,Normal value,Public
datastructure,WB.DATA360:DS_DATA360(1.3),I,A,THA,WB_WDI_SI_POV_GINI,_T,_T,_T,0_TO_100,_Z,_Z,_Z,2019,34.9,_Z,IX,2,WB_WDI,P1Y,0,A,PU,Annual,Thailand,Gini index,Total,All age ranges or no breakdown by age,Total,0-100 scale,Not Applicable,Not Applicable,Not Applicable,Not Applicable,Index,Two,World Development Indicators (WDI),Annual,Units,Normal value,Public
datastructure,WB.DATA360:DS_DATA360(1.3),I,A,TUR,WB_WDI_SI_POV_GINI,_T,_T,_T,0_TO_100,_Z,_Z,_Z,2023,43.7,_Z,IX,2,WB_WDI,P1Y,0,A,PU,Annual,Türkiye,Gini index,Total,All age ranges or no breakdown by age,Total,0-100 scale,Not Applicable,Not Applicable,Not Applicable,Not Applicable,Index,Two,World Development Indicators (WDI),Annual,Units,Normal value,Public
datastructure,WB.DATA360:DS_DATA360(1.3),I,A,USA,WB_WDI_SI_POV_GINI,_T,_T,_T,0_TO_100,_Z,_Z,_Z,2023,41.8,_Z,IX,2,WB_WDI,P1Y,0,A,PU,Annual,United States,Gini index,Total,All age ranges or no breakdown by age,Total,0-100 scale,Not Applicable,Not Applicable,Not Applicable,Not Applicable,Index,Two,World Development Indicators (WDI),Annual,Units,Normal value,Public
datastructure,WB.DATA360:DS_DATA360(1.3),I,A,URY,WB_WDI_SI_POV_GINI,_T,_T,_T,0_TO_100,_Z,_Z,_Z,2023,40.9,_Z,IX,2,WB_WDI,P1Y,0,A,PU,Annual,Uruguay,Gini index,Total,All age ranges or no breakdown by age,Total,0-100 scale,Not Applicable,Not Applicable,Not Applicable,Not Applicable,Index,Two,World Development Indicators (WDI),Annual,Units,Normal value,Public
datastructure,WB.DATA360:DS_DATA360(1.3),I,A,UZB,WB_WDI_SI_POV_GINI,_T,_T,_T,0_TO_100,_Z,_Z,_Z,2023,34.5,_Z,IX,2,WB_WDI,P1Y,0,A,PU,Annual,Uzbekistan,Gini index,Total,All age ranges or no breakdown by age,Total,0-100 scale,Not Applicable,Not Applicable,Not Applicable,Not Applicable,Index,Two,World Development Indicators (WDI),Annual,Units,Normal value,Public
datastructure,WB.DATA360:DS_DATA360(1.3),I,A,SRB,WB_WDI_SI_POV_GINI,_T,_T,_T,0_TO_100,_Z,_Z,_Z,2020,35.0,_Z,IX,2,WB_WDI,P1Y,0,A,PU,Annual,Serbia,Gini index,Total,All age ranges or no breakdown by age,Total,0-100 scale,Not Applicable,Not Applicable,Not Applicable,Not Applicable,Index,Two,World Development Indicators (WDI),Annual,Units,Normal value,Public
datastructure,WB.DATA360:DS_DATA360(1.3),I,A,SVK,WB_WDI_SI_POV_GINI,_T,_T,_T,0_TO_100,_Z,_Z,_Z,2020,24.2,_Z,IX,2,WB_WDI,P1Y,0,A,PU,Annual,Slovak Republic,Gini index,Total,All age ranges or no breakdown by age,Total,0-100 scale,Not Applicable,Not Applicable,Not Applicable,Not Applicable,Index,Two,World Development Indicators (WDI),Annual,Units,Normal value,Public
datastructure,WB.DATA360:DS_DATA360(1.3),I,A,SVN,WB_WDI_SI_POV_GINI,_T,_T,_T,0_TO_100,_Z,_Z,_Z,2020,24.0,_Z,IX,2,WB_WDI,P1Y,0,A,PU,Annual,Slovenia,Gini index,Total,All age ranges or no breakdown by age,Total,0-100 scale,Not Applicable,Not Applicable,Not Applicable,Not Applicable,Index,Two,World Development Indicators (WDI),Annual,Units,Normal value,Public
datastructure,WB.DATA360:DS_DATA360(1.3),I,A,LTU,WB_WDI_SI_POV_GINI,_T,_T,_T,0_TO_100,_Z,_Z,_Z,2000,31.7,_Z,IX,2,WB_WDI,P1Y,0,A,PU,Annual,Lithuania,Gini index,Total,All age ranges or no breakdown by age,Total,0-100 scale,Not Applicable,Not Applicable,Not Applicable,Not Applicable,Index,Two,World Development Indicators (WDI),Annual,Units,Normal value,Public
datastructure,WB.DATA360:DS_DATA360(1.3),I,A,LUX,WB_WDI_SI_POV_GINI,_T,_T,_T,0_TO_100,_Z,_Z,_Z,2000,30.1,_Z,IX,2,WB_WDI,P1Y,0,A,PU,Annual,Luxembourg,Gini index,Total,All age ranges or no breakdown by age,Total,0-100 scale,Not Applicable,Not Applicable,Not Applicable,Not Applicable,Index,Two,World Development Indicators (WDI),Annual,Units,Normal value,Public
datastructure,WB.DATA360:DS_DATA360(1.3),I,A,KEN,WB_WDI_SI_POV_GINI,_T,_T,_T,0_TO_100,_Z,_Z,_Z,2022,38.5,_Z,IX,2,WB_WDI,P1Y,0,A,PU,Annual,Kenya,Gini index,Total,All age ranges or no breakdown by age,Total,0-100 scale,Not Applicable,Not Applicable,Not Applicable,Not Applicable,Index,Two,World Development Indicators (WDI),Annual,Units,Normal value,Public
datastructure,WB.DATA360:DS_DATA360(1.3),I,A,XKX,WB_WDI_SI_POV_GINI,_T,_T,_T,0_TO_100,_Z,_Z,_Z,2022,38.3,_Z,IX,2,WB_WDI,P1Y,0,A,PU,Annual,Kosovo,Gini index,Total,All age ranges or no breakdown by age,Total,0-100 scale,Not Applicable,Not Applicable,Not Applicable,Not Applicable,Index,Two,World Development Indicators (WDI),Annual,Units,Normal value,Public
datastructure,WB.DATA360:DS_DATA360(1.3),I,A,KGZ,WB_WDI_SI_POV_GINI,_T,_T,_T,0_TO_100,_Z,_Z,_Z,2022,26.4,_Z,IX,2,WB_WDI,P1Y,0,A,PU,Annual,Kyrgyz Republic,Gini index,Total,All age ranges or no breakdown by age,Total,0-100 scale,Not Applicable,Not Applicable,Not Applicable,Not Applicable,Index,Two,World Development Indicators (WDI),Annual,Units,Normal value,Public
datastructure,WB.DATA360:DS_DATA360(1.3),I,A,LVA,WB_WDI_SI_POV_GINI,_T,_T,_T,0_TO_100,_Z,_Z,_Z,2022,33.7,_Z,IX,2,WB_WDI,P1Y,0,A,PU,Annual,Latvia,Gini index,Total,All age ranges or no breakdown by age,Total,0-100 scale,Not Applicable,Not Applicable,Not Applicable,Not Applicable,Index,Two,World Development Indicators (WDI),Annual,Units,Normal value,Public
datastructure,WB.DATA360:DS_DATA360(1.3),I,A,LBN,WB_WDI_SI_POV_GINI,_T,_T,_T,0_TO_100,_Z,_Z,_Z,2022,35.5,_Z,IX,2,WB_WDI,P1Y,0,A,PU,Annual,Lebanon,Gini index,Total,All age ranges or no breakdown by age,Total,0-100 scale,Not Applicable,Not Applicable,Not Applicable,Not Applicable,Index,Two,World Development Indicators (WDI),Annual,Units,Normal value,Public
datastructure,WB.DATA360:DS_DATA360(1.3),I,A,LTU,WB_WDI_SI_POV_GINI,_T,_T,_T,0_TO_100,_Z,_Z,_Z,2022,36.6,_Z,IX,2,WB_WDI,P1Y,0,A,PU,Annual,Lithuania,Gini index,Total,All age ranges or no breakdown by age,Total,0-100 scale,Not Applicable,Not Applicable,Not Applicable,Not Applicable,Index,Two,World Development Indicators (WDI),Annual,Units,Normal value,Public
datastructure,WB.DATA360:DS_DATA360(1.3),I,A,MLT,WB_WDI_SI_POV_GINI,_T,_T,_T,0_TO_100,_Z,_Z,_Z,2007,29.2,_Z,IX,2,WB_WDI,P1Y,0,A,PU,Annual,Malta,Gini index,Total,All age ranges or no breakdown by age,Total,0-100 scale,Not Applicable,Not Applicable,Not Applicable,Not Applicable,Index,Two,World Development Indicators (WDI),Annual,Units,Normal value,Public
datastructure,WB.DATA360:DS_DATA360(1.3),I,A,MDA,WB_WDI_SI_POV_GINI,_T,_T,_T,0_TO_100,_Z,_Z,_Z,2007,34.4,_Z,IX,2,WB_WDI,P1Y,0,A,PU,Annual,Moldova,Gini index,Total,All age ranges or no breakdown by age,Total,0-100 scale,Not Applicable,Not Applicable,Not Applicable,Not Applicable,Index,Two,World Development Indicators (WDI),Annual,Units,Normal value,Public
datastructure,WB.DATA360:DS_DATA360(1.3),I,A,MNG,WB_WDI_SI_POV_GINI,_T,_T,_T,0_TO_100,_Z,_Z,_Z,2007,35.8,_Z,IX,2,WB_WDI,P1Y,0,A,PU,Annual,Mongolia,Gini index,Total,All age ranges or no breakdown by age,Total,0-100 scale,Not Applicable,Not Applicable,Not Applicable,Not Applicable,Index,Two,World Development Indicators (WDI),Annual,Units,Normal value,Public
datastructure,WB.DATA360:DS_DATA360(1.3),I,A,CRI,WB_WDI_SI_POV_GINI,_T,_T,_T,0_TO_100,_Z,_Z,_Z,2002,51.8,_Z,IX,2,WB_WDI,P1Y,0,A,PU,Annual,Costa Rica,Gini index,Total,All age ranges or no breakdown by age,Total,0-100 scale,Not Applicable,Not Applicable,Not Applicable,Not Applicable,Index,Two,World Development Indicators (WDI),Annual,Units,Normal value,Public
datastructure,WB.DATA360:DS_DATA360(1.3),I,A,CIV,WB_WDI_SI_POV_GINI,_T,_T,_T,0_TO_100,_Z,_Z,_Z,2002,41.3,_Z,IX,2,WB_WDI,P1Y,0,A,PU,Annual,Côte d’Ivoire,Gini index,Total,All age ranges or no breakdown by age,Total,0-100 scale,Not Applicable,Not Applicable,Not Applicable,Not Applicable,Index,Two,World Development Indicators (WDI),Annual,Units,Normal value,Public
datastructure,WB.DATA360:DS_DATA360(1.3),I,A,CZE,WB_WDI_SI_POV_GINI,_T,_T,_T,0_TO_100,_Z,_Z,_Z,2002,26.6,_Z,IX,2,WB_WDI,P1Y,0,A,PU,Annual,Czechia,Gini index,Total,All age ranges or no breakdown by age,Total,0-100 scale,Not Applicable,Not Applicable,Not Applicable,Not Applicable,Index,Two,World Development Indicators (WDI),Annual,Units,Normal value,Public
datastructure,WB.DATA360:DS_DATA360(1.3),I,A,DJI,WB_WDI_SI_POV_GINI,_T,_T,_T,0_TO_100,_Z,_Z,_Z,2002,40.0,_Z,IX,2,WB_WDI,P1Y,0,A,PU,Annual,Djibouti,Gini index,Total,All age ranges or no breakdown by age,Total,0-100 scale,Not Applicable,Not Applicable,Not Applicable,Not Applicable,Index,Two,World Development Indicators (WDI),Annual,Units,Normal value,Public
datastructure,WB.DATA360:DS_DATA360(1.3),I,A,DOM,WB_WDI_SI_POV_GINI,_T,_T,_T,0_TO_100,_Z,_Z,_Z,2002,49.7,_Z,IX,2,WB_WDI,P1Y,0,A,PU,Annual,Dominican Republic,Gini index,Total,All age ranges or no breakdown by age,Total,0-100 scale,Not Applicable,Not Applicable,Not Applicable,Not Applicable,Index,Two,World Development Indicators (WDI),Annual,Units,Normal value,Public
datastructure,WB.DATA360:DS_DATA360(1.3),I,A,PAN,WB_WDI_SI_POV_GINI,_T,_T,_T,0_TO_100,_Z,_Z,_Z,2000,56.6,_Z,IX,2,WB_WDI,P1Y,0,A,PU,Annual,Panama,Gini index,Total,All age ranges or no breakdown by age,Total,0-100 scale,Not Applicable,Not Applicable,Not Applicable,Not Applicable,Index,Two,World Development Indicators (WDI),Annual,Units,Normal value,Public
datastructure,WB.DATA360:DS_DATA360(1.3),I,A,PER,WB_WDI_SI_POV_GINI,_T,_T,_T,0_TO_100,_Z,_Z,_Z,2000,49.1,_Z,IX,2,WB_WDI,P1Y,0,A,PU,Annual,Peru,Gini index,Total,All age ranges or no breakdown by age,Total,0-100 scale,Not Applicable,Not Applicable,Not Applicable,Not Applicable,Index,Two,World Development Indicators (WDI),Annual,Units,Normal value,Public
datastructure,WB.DATA360:DS_DATA360(1.3),I,A,PHL,WB_WDI_SI_POV_GINI,_T,_T,_T,0_TO_100,_Z,_Z,_Z,2000,47.7,_Z,IX,2,WB_WDI,P1Y,0,A,PU,Annual,Philippines,Gini index,Total,All age ranges or no breakdown by age,Total,0-100 scale,Not Applicable,Not Applicable,Not Applicable,Not Applicable,Index,Two,World Development Indicators (WDI),Annual,Units,Normal value,Public
datastructure,WB.DATA360:DS_DATA360(1.3),I,A,POL,WB_WDI_SI_POV_GINI,_T,_T,_T,0_TO_100,_Z,_Z,_Z,2000,33.0,_Z,IX,2,WB_WDI,P1Y,0,A,PU,Annual,Poland,Gini index,Total,All age ranges or no breakdown by age,Total,0-100 scale,Not Applicable,Not Applicable,Not Applicable,Not Applicable,Index,Two,World Development Indicators (WDI),Annual,Units,Normal value,Public
datastructure,WB.DATA360:DS_DATA360(1.3),I,A,ROU,WB_WDI_SI_POV_GINI,_T,_T,_T,0_TO_100,_Z,_Z,_Z,2000,29.3,_Z,IX,2,WB_WDI,P1Y,0,A,PU,Annual,Romania,Gini index,Total,All age ranges or no breakdown by age,Total,0-100 scale,Not Applicable,Not Applicable,Not Applicable,Not Applicable,Index,Two,World Development Indicators (WDI),Annual,Units,Normal value,Public
datastructure,WB.DATA360:DS_DATA360(1.3),I,A,RUS,WB_WDI_SI_POV_GINI,_T,_T,_T,0_TO_100,_Z,_Z,_Z,2000,37.1,_Z,IX,2,WB_WDI,P1Y,0,A,PU,Annual,Russian Federation,Gini index,Total,All age ranges or no breakdown by age,Total,0-100 scale,Not Applicable,Not Applicable,Not Applicable,Not Applicable,Index,Two,World Development Indicators (WDI),Annual,Units,Normal value,Public
datastructure,WB.DATA360:DS_DATA360(1.3),I,A,RWA,WB_WDI_SI_POV_GINI,_T,_T,_T,0_TO_100,_Z,_Z,_Z,2000,48.5,_Z,IX,2,WB_WDI,P1Y,0,A,PU,Annual,Rwanda,Gini index,Total,All age ranges or no breakdown by age,Total,0-100 scale,Not Applicable,Not Applicable,Not Applicable,Not Applicable,Index,Two,World Development Indicators (WDI),Annual,Units,Normal value,Public
datastructure,WB.DATA360:DS_DATA360(1.3),I,A,CYP,WB_WDI_SI_POV_GINI,_T,_T,_T,0_TO_100,_Z,_Z,_Z,2009,32.1,_Z,IX,2,WB_WDI,P1Y,0,A,PU,Annual,Cyprus,Gini index,Total,All age ranges or no breakdown by age,Total,0-100 scale,Not Applicable,Not Applicable,Not Applicable,Not Applicable,Index,Two,World Development Indicators (WDI),Annual,Units,Normal value,Public
datastructure,WB.DATA360:DS_DATA360(1.3),I,A,CZE,WB_WDI_SI_POV_GINI,_T,_T,_T,0_TO_100,_Z,_Z,_Z,2009,26.2,_Z,IX,2,WB_WDI,P1Y,0,A,PU,Annual,Czechia,Gini index,Total,All age ranges or no breakdown by age,Total,0-100 scale,Not Applicable,Not Applicable,Not Applicable,Not Applicable,Index,Two,World Development Indicators (WDI),Annual,Units,Normal value,Public
datastructure,WB.DATA360:DS_DATA360(1.3),I,A,DNK,WB_WDI_SI_POV_GINI,_T,_T,_T,0_TO_100,_Z,_Z,_Z,2009,26.7,_Z,IX,2,WB_WDI,P1Y,0,A,PU,Annual,Denmark,Gini index,Total,All age ranges or no breakdown by age,Total,0-100 scale,Not Applicable,Not Applicable,Not Applicable,Not Applicable,Index,Two,World Development Indicators (WDI),Annual,Units,Normal value,Public
datastructure,WB.DATA360:DS_DATA360(1.3),I,A,DOM,WB_WDI_SI_POV_GINI,_T,_T,_T,0_TO_100,_Z,_Z,_Z,2009,48.9,_Z,IX,2,WB_WDI,P1Y,0,A,PU,Annual,Dominican Republic,Gini index,Total,All age ranges or no breakdown by age,Total,0-100 scale,Not Applicable,Not Applicable,Not Applicable,Not Applicable,Index,Two,World Development Indicators (WDI),Annual,Units,Normal value,Public
datastructure,WB.DATA360:DS_DATA360(1.3),I,A,ECU,WB_WDI_SI_POV_GINI,_T,_T,_T,0_TO_100,_Z,_Z,_Z,2009,48.5,_Z,IX,2,WB_WDI,P1Y,0,A,PU,Annual,Ecuador,Gini index,Total,All age ranges or no breakdown by age,Total,0-100 scale,Not Applicable,Not Applicable,Not Applicable,Not Applicable,Index,Two,World Development Indicators (WDI),Annual,Units,Normal value,Public
datastructure,WB.DATA360:DS_DATA360(1.3),I,A,SLV,WB_WDI_SI_POV_GINI,_T,_T,_T,0_TO_100,_Z,_Z,_Z,2009,45.8,_Z,IX,2,WB_WDI,P1Y,0,A,PU,Annual,El Salvador,Gini index,Total,All age ranges or no breakdown by age,Total,0-100 scale,Not Applicable,Not Applicable,Not Applicable,Not Applicable,Index,Two,World Development Indicators (WDI),Annual,Units,Normal value,Public
datastructure,WB.DATA360:DS_DATA360(1.3),I,A,KIR,WB_WDI_SI_POV_GINI,_T,_T,_T,0_TO_100,_Z,_Z,_Z,2006,37.0,_Z,IX,2,WB_WDI,P1Y,0,A,PU,Annual,Kiribati,Gini index,Total,All age ranges or no breakdown by age,Total,0-100 scale,Not Applicable,Not Applicable,Not Applicable,Not Applicable,Index,Two,World Development Indicators (WDI),Annual,Units,Normal value,Public
datastructure,WB.DATA360:DS_DATA360(1.3),I,A,KOR,WB_WDI_SI_POV_GINI,_T,_T,_T,0_TO_100,_Z,_Z,_Z,2006,31.7,_Z,IX,2,WB_WDI,P1Y,0,A,PU,Annual,"Korea, Rep.",Gini index,Total,All age ranges or no breakdown by age,Total,0-100 scale,Not Applicable,Not Applicable,Not Applicable,Not Applicable,Index,Two,World Development Indicators (WDI),Annual,Units,Normal value,Public
datastructure,WB.DATA360:DS_DATA360(1.3),I,A,XKX,WB_WDI_SI_POV_GINI,_T,_T,_T,0_TO_100,_Z,_Z,_Z,2006,30.3,_Z,IX,2,WB_WDI,P1Y,0,A,PU,Annual,Kosovo,Gini index,Total,All age ranges or no breakdown by age,Total,0-100 scale,Not Applicable,Not Applicable,Not Applicable,Not Applicable,Index,Two,World Development Indicators (WDI),Annual,Units,Normal value,Public
datastructure,WB.DATA360:DS_DATA360(1.3),I,A,KGZ,WB_WDI_SI_POV_GINI,_T,_T,_T,0_TO_100,_Z,_Z,_Z,2006,37.4,_Z,IX,2,WB_WDI,P1Y,0,A,PU,Annual,Kyrgyz Republic,Gini index,Total,All age ranges or no breakdown by age,Total,0-100 scale,Not Applicable,Not Applicable,Not Applicable,Not Applicable,Index,Two,World Development Indicators (WDI),Annual,Units,Normal value,Public
datastructure,WB.DATA360:DS_DATA360(1.3),I,A,LVA,WB_WDI_SI_POV_GINI,_T,_T,_T,0_TO_100,_Z,_Z,_Z,2006,35.6,_Z,IX,2,WB_WDI,P1Y,0,A,PU,Annual,Latvia,Gini index,Total,All age ranges or no breakdown by age,Total,0-100 scale,Not Applicable,Not Applicable,Not Applicable,Not Applicable,Index,Two,World Development Indicators (WDI),Annual,Units,Normal value,Public
datastructure,WB.DATA360:DS_DATA360(1.3),I,A,LTU,WB_WDI_SI_POV_GINI,_T,_T,_T,0_TO_100,_Z,_Z,_Z,2006,34.4,_Z,IX,2,WB_WDI,P1Y,0,A,PU,Annual,Lithuania,Gini index,Total,All age ranges or no breakdown by age,Total,0-100 scale,Not Applicable,Not Applicable,Not Applicable,Not Applicable,Index,Two,World Development Indicators (WDI),Annual,Units,Normal value,Public
datastructure,WB.DATA360:DS_DATA360(1.3),I,A,ESP,WB_WDI_SI_POV_GINI,_T,_T,_T,0_TO_100,_Z,_Z,_Z,2000,34.1,_Z,IX,2,WB_WDI,P1Y,0,A,PU,Annual,Spain,Gini index,Total,All age ranges or no breakdown by age,Total,0-100 scale,Not Applicable,Not Applicable,Not Applicable,Not Applicable,Index,Two,World Development Indicators (WDI),Annual,Units,Normal value,Public
datastructure,WB.DATA360:DS_DATA360(1.3),I,A,SWE,WB_WDI_SI_POV_GINI,_T,_T,_T,0_TO_100,_Z,_Z,_Z,2000,27.0,_Z,IX,2,WB_WDI,P1Y,0,A,PU,Annual,Sweden,Gini index,Total,All age ranges or no breakdown by age,Total,0-100 scale,Not Applicable,Not Applicable,Not Applicable,Not Applicable,Index,Two,World Development Indicators (WDI),Annual,Units,Normal value,Public
datastructure,WB.DATA360:DS_DATA360(1.3),I,A,CHE,WB_WDI_SI_POV_GINI,_T,_T,_T,0_TO_100,_Z,_Z,_Z,2000,33.4,_Z,IX,2,WB_WDI,P1Y,0,A,PU,Annual,Switzerland,Gini index,Total,All age ranges or no breakdown by age,Total,0-100 scale,Not Applicable,Not Applicable,Not Applicable,Not Applicable,Index,Two,World Development Indicators (WDI),Annual,Units,Normal value,Public
datastructure,WB.DATA360:DS_DATA360(1.3),I,A,TZA,WB_WDI_SI_POV_GINI,_T,_T,_T,0_TO_100,_Z,_Z,_Z,2000,37.3,_Z,IX,2,WB_WDI,P1Y,0,A,PU,Annual,Tanzania,Gini index,Total,All age ranges or no breakdown by age,Total,0-100 scale,Not Applicable,Not Applicable,Not Applicable,Not Applicable,Index,Two,World Development Indicators (WDI),Annual,Units,Normal value,Public
datastructure,WB.DATA360:DS_DATA360(1.3),I,A,MYS,WB_WDI_SI_POV_GINI,_T,_T,_T,0_TO_100,_Z,_Z,_Z,2018,41.2,_Z,IX,2,WB_WDI,P1Y,0,A,PU,Annual,Malaysia,Gini index,Total,All age ranges or no breakdown by age,Total,0-100 scale,Not Applicable,Not Applicable,Not Applicable,Not Applicable,Index,Two,World Development Indicators (WDI),Annual,Units,Normal value,Public
datastructure,WB.DATA360:DS_DATA360(1.3),I,A,MLI,WB_WDI_SI_POV_GINI,_T,_T,_T,0_TO_100,_Z,_Z,_Z,2018,36.0,_Z,IX,2,WB_WDI,P1Y,0,A,PU,Annual,Mali,Gini index,Total,All age ranges or no breakdown by age,Total,0-100 scale,Not Applicable,Not Applicable,Not Applicable,Not Applicable,Index,Two,World Development Indicators (WDI),Annual,Units,Normal value,Public
datastructure,WB.DATA360:DS_DATA360(1.3),I,A,MLT,WB_WDI_SI_POV_GINI,_T,_T,_T,0_TO_100,_Z,_Z,_Z,2018,28.7,_Z,IX,2,WB_WDI,P1Y,0,A,PU,Annual,Malta,Gini index,Total,All age ranges or no breakdown by age,Total,0-100 scale,Not Applicable,Not Applicable,Not Applicable,Not Applicable,Index,Two,World Development Indicators (WDI),Annual,Units,Normal value,Public
datastructure,WB.DATA360:DS_DATA360(1.3),I,A,MEX,WB_WDI_SI_POV_GINI,_T,_T,_T,0_TO_100,_Z,_Z,_Z,2018,46.0,_Z,IX,2,WB_WDI,P1Y,0,A,PU,Annual,Mexico,Gini index,Total,All age ranges or no breakdown by age,Total,0-100 scale,Not Applicable,Not Applicable,Not Applicable,Not Applicable,Index,Two,World Development Indicators (WDI),Annual,Units,Normal value,Public
datastructure,WB.DATA360:DS_DATA360(1.3),I,A,MDA,WB_WDI_SI_POV_GINI,_T,_T,_T,0_TO_100,_Z,_Z,_Z,2018,25.7,_Z,IX,2,WB_WDI,P1Y,0,A,PU,Annual,Moldova,Gini index,Total,All age ranges or no breakdown by age,Total,0-100 scale,Not Applicable,Not Applicable,Not Applicable,Not Applicable,Index,Two,World Development Indicators (WDI),Annual,Units,Normal value,Public
datastructure,WB.DATA360:DS_DATA360(1.3),I,A,EGY,WB_WDI_SI_POV_GINI,_T,_T,_T,0_TO_100,_Z,_Z,_Z,2015,31.8,_Z,IX,2,WB_WDI,P1Y,0,A,PU,Annual,"Egypt, Arab Rep.",Gini index,Total,All age ranges or no breakdown by age,Total,0-100 scale,Not Applicable,Not Applicable,Not Applicable,Not Applicable,Index,Two,World Development Indicators (WDI),Annual,Units,Normal value,Public
datastructure,WB.DATA360:DS_DATA360(1.3),I,A,SLV,WB_WDI_SI_POV_GINI,_T,_T,_T,0_TO_100,_Z,_Z,_Z,2015,40.6,_Z,IX,2,WB_WDI,P1Y,0,A,PU,Annual,El Salvador,Gini index,Total,All age ranges or no breakdown by age,Total,0-100 scale,Not Applicable,Not Applicable,Not Applicable,Not Applicable,Index,Two,World Development Indicators (WDI),Annual,Units,Normal value,Public
datastructure,WB.DATA360:DS_DATA360(1.3),I,A,EST,WB_WDI_SI_POV_GINI,_T,_T,_T,0_TO_100,_Z,_Z,_Z,2015,32.7,_Z,IX,2,WB_WDI,P1Y,0,A,PU,Annual,Estonia,Gini index,Total,All age ranges or no breakdown by age,Total,0-100 scale,Not Applicable,Not Applicable,Not Applicable,Not Applicable,Index,Two,World Development Indicators (WDI),Annual,Units,Normal value,Public
datastructure,WB.DATA360:DS_DATA360(1.3),I,A,ETH,WB_WDI_SI_POV_GINI,_T,_T,_T,0_TO_100,_Z,_Z,_Z,2015,35.0,_Z,IX,2,WB_WDI,P1Y,0,A,PU,Annual,Ethiopia,Gini index,Total,All age ranges or no breakdown by age,Total,0-100 scale,Not Applicable,Not Applicable,Not Applicable,Not Applicable,Index,Two,World Development Indicators (WDI),Annual,Units,Normal value,Public
datastructure,WB.DATA360:DS_DATA360(1.3),I,A,FIN,WB_WDI_SI_POV_GINI,_T,_T,_T,0_TO_100,_Z,_Z,_Z,2015,27.1,_Z,IX,2,WB_WDI,P1Y,0,A,PU,Annual,Finland,Gini index,Total,All age ranges or no breakdown by age,Total,0-100 scale,Not Applicable,Not Applicable,Not Applicable,Not Applicable,Index,Two,World Development Indicators (WDI),Annual,Units,Normal value,Public
datastructure,WB.DATA360:DS_DATA360(1.3),I,A,FRA,WB_WDI_SI_POV_GINI,_T,_T,_T,0_TO_100,_Z,_Z,_Z,2015,32.7,_Z,IX,2,WB_WDI,P1Y,0,A,PU,Annual,France,Gini index,Total,All age ranges or no breakdown by age,Total,0-100 scale,Not Applicable,Not Applicable,Not Applicable,Not Applicable,Index,Two,World Development Indicators (WDI),Annual,Units,Normal value,Public
datastructure,WB.DATA360:DS_DATA360(1.3),I,A,LTU,WB_WDI_SI_POV_GINI,_T,_T,_T,0_TO_100,_Z,_Z,_Z,2021,36.7,_Z,IX,2,WB_WDI,P1Y,0,A,PU,Annual,Lithuania,Gini index,Total,All age ranges or no breakdown by age,Total,0-100 scale,Not Applicable,Not Applicable,Not Applicable,Not Applicable,Index,Two,World Development Indicators (WDI),Annual,Units,Normal value,Public
datastructure,WB.DATA360:DS_DATA360(1.3),I,A,LUX,WB_WDI_SI_POV_GINI,_T,_T,_T,0_TO_100,_Z,_Z,_Z,2021,32.7,_Z,IX,2,WB_WDI,P1Y,0,A,PU,Annual,Luxembourg,Gini index,Total,All age ranges or no breakdown by age,Total,0-100 scale,Not Applicable,Not Applicable,Not Applicable,Not Applicable,Index,Two,World Development Indicators (WDI),Annual,Units,Normal value,Public
datastructure,WB.DATA360:DS_DATA360(1.3),I,A,MDG,WB_WDI_SI_POV_GINI,_T,_T,_T,0_TO_100,_Z,_Z,_Z,2021,36.8,_Z,IX,2,WB_WDI,P1Y,0,A,PU,Annual,Madagascar,Gini index,Total,All age ranges or no breakdown by age,Total,0-100 scale,Not Applicable,Not Applicable,Not Applicable,Not Applicable,Index,Two,World Development Indicators (WDI),Annual,Units,Normal value,Public
datastructure,WB.DATA360:DS_DATA360(1.3),I,A,MYS,WB_WDI_SI_POV_GINI,_T,_T,_T,0_TO_100,_Z,_Z,_Z,2021,40.7,_Z,IX,2,WB_WDI,P1Y,0,A,PU,Annual,Malaysia,Gini index,Total,All age ranges or no breakdown by age,Total,0-100 scale,Not Applicable,Not Applicable,Not Applicable,Not Applicable,Index,Two,World Development Indicators (WDI),Annual,Units,Normal value,Public
datastructure,WB.DATA360:DS_DATA360(1.3),I,A,MLI,WB_WDI_SI_POV_GINI,_T,_T,_T,0_TO_100,_Z,_Z,_Z,2021,35.7,_Z,IX,2,WB_WDI,P1Y,0,A,PU,Annual,Mali,Gini index,Total,All age ranges or no breakdown by age,Total,0-100 scale,Not Applicable,Not Applicable,Not Applicable,Not Applicable,Index,Two,World Development Indicators (WDI),Annual,Units,Normal value,Public
datastructure,WB.DATA360:DS_DATA360(1.3),I,A,MLT,WB_WDI_SI_POV_GINI,_T,_T,_T,0_TO_100,_Z,_Z,_Z,2021,31.6,_Z,IX,2,WB_WDI,P1Y,0,A,PU,Annual,Malta,Gini index,Total,All age ranges or no breakdown by age,Total,0-100 scale,Not Applicable,Not Applicable,Not Applicable,Not Applicable,Index,Two,World Development Indicators (WDI),Annual,Units,Normal value,Public
datastructure,WB.DATA360:DS_DATA360(1.3),I,A,SVK,WB_WDI_SI_POV_GINI,_T,_T,_T,0_TO_100,_Z,_Z,_Z,2009,27.2,_Z,IX,2,WB_WDI,P1Y,0,A,PU,Annual,Slovak Republic,Gini index,Total,All age ranges or no breakdown by age,Total,0-100 scale,Not Applicable,Not Applicable,Not Applicable,Not Applicable,Index,Two,World Development Indicators (WDI),Annual,Units,Normal value,Public
datastructure,WB.DATA360:DS_DATA360(1.3),I,A,SVN,WB_WDI_SI_POV_GINI,_T,_T,_T,0_TO_100,_Z,_Z,_Z,2009,24.8,_Z,IX,2,WB_WDI,P1Y,0,A,PU,Annual,Slovenia,Gini index,Total,All age ranges or no breakdown by age,Total,0-100 scale,Not Applicable,Not Applicable,Not Applicable,Not Applicable,Index,Two,World Development Indicators (WDI),Annual,Units,Normal value,Public
datastructure,WB.DATA360:DS_DATA360(1.3),I,A,SSD,WB_WDI_SI_POV_GINI,_T,_T,_T,0_TO_100,_Z,_Z,_Z,2009,46.3,_Z,IX,2,WB_WDI,P1Y,0,A,PU,Annual,South Sudan,Gini index,Total,All age ranges or no breakdown by age,Total,0-100 scale,Not Applicable,Not Applicable,Not Applicable,Not Applicable,Index,Two,World Development Indicators (WDI),Annual,Units,Normal value,Public
datastructure,WB.DATA360:DS_DATA360(1.3),I,A,ESP,WB_WDI_SI_POV_GINI,_T,_T,_T,0_TO_100,_Z,_Z,_Z,2009,34.9,_Z,IX,2,WB_WDI,P1Y,0,A,PU,Annual,Spain,Gini index,Total,All age ranges or no breakdown by age,Total,0-100 scale,Not Applicable,Not Applicable,Not Applicable,Not Applicable,Index,Two,World Development Indicators (WDI),Annual,Units,Normal value,Public
datastructure,WB.DATA360:DS_DATA360(1.3),I,A,LKA,WB_WDI_SI_POV_GINI,_T,_T,_T,0_TO_100,_Z,_Z,_Z,2009,36.1,_Z,IX,2,WB_WDI,P1Y,0,A,PU,Annual,Sri Lanka,Gini index,Total,All age ranges or no breakdown by age,Total,0-100 scale,Not Applicable,Not Applicable,Not Applicable,Not Applicable,Index,Two,World Development Indicators (WDI),Annual,Units,Normal value,Public
datastructure,WB.DATA360:DS_DATA360(1.3),I,A,SDN,WB_WDI_SI_POV_GINI,_T,_T,_T,0_TO_100,_Z,_Z,_Z,2009,35.4,_Z,IX,2,WB_WDI,P1Y,0,A,PU,Annual,Sudan,Gini index,Total,All age ranges or no breakdown by age,Total,0-100 scale,Not Applicable,Not Applicable,Not Applicable,Not Applicable,Index,Two,World Development Indicators (WDI),Annual,Units,Normal value,Public
datastructure,WB.DATA360:DS_DATA360(1.3),I,A,SWE,WB_WDI_SI_POV_GINI,_T,_T,_T,0_TO_100,_Z,_Z,_Z,2007,27.1,_Z,IX,2,WB_WDI,P1Y,0,A,PU,Annual,Sweden,Gini index,Total,All age ranges or no breakdown by age,Total,0-100 scale,Not Applicable,Not Applicable,Not Applicable,Not Applicable,Index,Two,World Development Indicators (WDI),Annual,Units,Normal value,Public
datastructure,WB.DATA360:DS_DATA360(1.3),I,A,CHE,WB_WDI_SI_POV_GINI,_T,_T,_T,0_TO_100,_Z,_Z,_Z,2007,34.3,_Z,IX,2,WB_WDI,P1Y,0,A,PU,Annual,Switzerland,Gini index,Total,All age ranges or no breakdown by age,Total,0-100 scale,Not Applicable,Not Applicable,Not Applicable,Not Applicable,Index,Two,World Development Indicators (WDI),Annual,Units,Normal value,Public
datastructure,WB.DATA360:DS_DATA360(1.3),I,A,TJK,WB_WDI_SI_POV_GINI,_T,_T,_T,0_TO_100,_Z,_Z,_Z,2007,32.2,_Z,IX,2,WB_WDI,P1Y,0,A,PU,Annual,Tajikistan,Gini index,Total,All age ranges or no breakdown by age,Total,0-100 scale,Not Applicable,Not Applicable,Not Applicable,Not Applicable,Index,Two,World Development Indicators (WDI),Annual,Units,Normal value,Public
datastructure,WB.DATA360:DS_DATA360(1.3),I,A,TZA,WB_WDI_SI_POV_GINI,_T,_T,_T,0_TO_100,_Z,_Z,_Z,2007,40.3,_Z,IX,2,WB_WDI,P1Y,0,A,PU,Annual,Tanzania,Gini index,Total,All age ranges or no breakdown by age,Total,0-100 scale,Not Applicable,Not Applicable,Not Applicable,Not Applicable,Index,Two,World Development Indicators (WDI),Annual,Units,Normal value,Public
datastructure,WB.DATA360:DS_DATA360(1.3),I,A,THA,WB_WDI_SI_POV_GINI,_T,_T,_T,0_TO_100,_Z,_Z,_Z,2007,39.8,_Z,IX,2,WB_WDI,P1Y,0,A,PU,Annual,Thailand,Gini index,Total,All age ranges or no breakdown by age,Total,0-100 scale,Not Applicable,Not Applicable,Not Applicable,Not Applicable,Index,Two,World Development Indicators (WDI),Annual,Units,Normal value,Public
datastructure,WB.DATA360:DS_DATA360(1.3),I,A,TLS,WB_WDI_SI_POV_GINI,_T,_T,_T,0_TO_100,_Z,_Z,_Z,2007,27.8,_Z,IX,2,WB_WDI,P1Y,0,A,PU,Annual,Timor-Leste,Gini index,Total,All age ranges or no breakdown by age,Total,0-100 scale,Not Applicable,Not Applicable,Not Applicable,Not Applicable,Index,Two,World Development Indicators (WDI),Annual,Units,Normal value,Public
datastructure,WB.DATA360:DS_DATA360(1.3),I,A,STP,WB_WDI_SI_POV_GINI,_T,_T,_T,0_TO_100,_Z,_Z,_Z,2000,32.1,_Z,IX,2,WB_WDI,P1Y,0,A,PU,Annual,São Tomé and Príncipe,Gini index,Total,All age ranges or no breakdown by age,Total,0-100 scale,Not Applicable,Not Applicable,Not Applicable,Not Applicable,Index,Two,World Development Indicators (WDI),Annual,Units,Normal value,Public
datastructure,WB.DATA360:DS_DATA360(1.3),I,A,ZAF,WB_WDI_SI_POV_GINI,_T,_T,_T,0_TO_100,_Z,_Z,_Z,2000,57.8,_Z,IX,2,WB_WDI,P1Y,0,A,PU,Annual,South Africa,Gini index,Total,All age ranges or no breakdown by age,Total,0-100 scale,Not Applicable,Not Applicable,Not Applicable,Not Applicable,Index,Two,World Development Indicators (WDI),Annual,Units,Normal value,Public
datastructure,WB.DATA360:DS_DATA360(1.3),I,A,HND,WB_WDI_SI_POV_GINI,_T,_T,_T,0_TO_100,_Z,_Z,_Z,2023,46.8,_Z,IX,2,WB_WDI,P1Y,0,A,PU,Annual,Honduras,Gini index,Total,All age ranges or no breakdown by age,Total,0-100 scale,Not Applicable,Not Applicable,Not Applicable,Not Applicable,Index,Two,World Development Indicators (WDI),Annual,Units,Normal value,Public
datastructure,WB.DATA360:DS_DATA360(1.3),I,A,IDN,WB_WDI_SI_POV_GINI,_T,_T,_T,0_TO_100,_Z,_Z,_Z,2023,36.1,_Z,IX,2,WB_WDI,P1Y,0,A,PU,Annual,Indonesia,Gini index,Total,All age ranges or no breakdown by age,Total,0-100 scale,Not Applicable,Not Applicable,Not Applicable,Not Applicable,Index,Two,World Development Indicators (WDI),Annual,Units,Normal value,Public
datastructure,WB.DATA360:DS_DATA360(1.3),I,A,IRN,WB_WDI_SI_POV_GINI,_T,_T,_T,0_TO_100,_Z,_Z,_Z,2023,35.9,_Z,IX,2,WB_WDI,P1Y,0,A,PU,Annual,"Iran, Islamic Rep.",Gini index,Total,All age ranges or no breakdown by age,Total,0-100 scale,Not Applicable,Not Applicable,Not Applicable,Not Applicable,Index,Two,World Development Indicators (WDI),Annual,Units,Normal value,Public
datastructure,WB.DATA360:DS_DATA360(1.3),I,A,IRQ,WB_WDI_SI_POV_GINI,_T,_T,_T,0_TO_100,_Z,_Z,_Z,2023,29.8,_Z,IX,2,WB_WDI,P1Y,0,A,PU,Annual,Iraq,Gini index,Total,All age ranges or no breakdown by age,Total,0-100 scale,Not Applicable,Not Applicable,Not Applicable,Not Applicable,Index,Two,World Development Indicators (WDI),Annual,Units,Normal value,Public
datastructure,WB.DATA360:DS_DATA360(1.3),I,A,IRL,WB_WDI_SI_POV_GINI,_T,_T,_T,0_TO_100,_Z,_Z,_Z,2023,29.0,_Z,IX,2,WB_WDI,P1Y,0,A,PU,Annual,Ireland,Gini index,Total,All age ranges or no breakdown by age,Total,0-100 scale,Not Applicable,Not Applicable,Not Applicable,Not Applicable,Index,Two,World Development Indicators (WDI),Annual,Units,Normal value,Public
datastructure,WB.DATA360:DS_DATA360(1.3),I,A,GEO,WB_WDI_SI_POV_GINI,_T,_T,_T,0_TO_100,_Z,_Z,_Z,2001,39.6,_Z,IX,2,WB_WDI,P1Y,0,A,PU,Annual,Georgia,Gini index,Total,All age ranges or no breakdown by age,Total,0-100 scale,Not Applicable,Not Applicable,Not Applicable,Not Applicable,Index,Two,World Development Indicators (WDI),Annual,Units,Normal value,Public
datastructure,WB.DATA360:DS_DATA360(1.3),I,A,DEU,WB_WDI_SI_POV_GINI,_T,_T,_T,0_TO_100,_Z,_Z,_Z,2001,29.9,_Z,IX,2,WB_WDI,P1Y,0,A,PU,Annual,Germany,Gini index,Total,All age ranges or no breakdown by age,Total,0-100 scale,Not Applicable,Not Applicable,Not Applicable,Not Applicable,Index,Two,World Development Indicators (WDI),Annual,Units,Normal value,Public
datastructure,WB.DATA360:DS_DATA360(1.3),I,A,MLT,WB_WDI_SI_POV_GINI,_T,_T,_T,0_TO_100,_Z,_Z,_Z,2019,31.0,_Z,IX,2,WB_WDI,P1Y,0,A,PU,Annual,Malta,Gini index,Total,All age ranges or no breakdown by age,Total,0-100 scale,Not Applicable,Not Applicable,Not Applicable,Not Applicable,Index,Two,World Development Indicators (WDI),Annual,Units,Normal value,Public
datastructure,WB.DATA360:DS_DATA360(1.3),I,A,MHL,WB_WDI_SI_POV_GINI,_T,_T,_T,0_TO_100,_Z,_Z,_Z,2019,35.5,_Z,IX,2,WB_WDI,P1Y,0,A,PU,Annual,Marshall Islands,Gini index,Total,All age ranges or no breakdown by age,Total,0-100 scale,Not Applicable,Not Applicable,Not Applicable,Not Applicable,Index,Two,World Development Indicators (WDI),Annual,Units,Normal value,Public
datastructure,WB.DATA360:DS_DATA360(1.3),I,A,MRT,WB_WDI_SI_POV_GINI,_T,_T,_T,0_TO_100,_Z,_Z,_Z,2019,32.0,_Z,IX,2,WB_WDI,P1Y,0,A,PU,Annual,Mauritania,Gini index,Total,All age ranges or no breakdown by age,Total,0-100 scale,Not Applicable,Not Applicable,Not Applicable,Not Applicable,Index,Two,World Development Indicators (WDI),Annual,Units,Normal value,Public
datastructure,WB.DATA360:DS_DATA360(1.3),I,A,MDA,WB_WDI_SI_POV_GINI,_T,_T,_T,0_TO_100,_Z,_Z,_Z,2019,26.0,_Z,IX,2,WB_WDI,P1Y,0,A,PU,Annual,Moldova,Gini index,Total,All age ranges or no breakdown by age,Total,0-100 scale,Not Applicable,Not Applicable,Not Applicable,Not Applicable,Index,Two,World Development Indicators (WDI),Annual,Units,Normal value,Public
datastructure,WB.DATA360:DS_DATA360(1.3),I,A,MNE,WB_WDI_SI_POV_GINI,_T,_T,_T,0_TO_100,_Z,_Z,_Z,2019,35.7,_Z,IX,2,WB_WDI,P1Y,0,A,PU,Annual,Montenegro,Gini index,Total,All age ranges or no breakdown by age,Total,0-100 scale,Not Applicable,Not Applicable,Not Applicable,Not Applicable,Index,Two,World Development Indicators (WDI),Annual,Units,Normal value,Public
datastructure,WB.DATA360:DS_DATA360(1.3),I,A,ITA,WB_WDI_SI_POV_GINI,_T,_T,_T,0_TO_100,_Z,_Z,_Z,2000,35.2,_Z,IX,2,WB_WDI,P1Y,0,A,PU,Annual,Italy,Gini index,Total,All age ranges or no breakdown by age,Total,0-100 scale,Not Applicable,Not Applicable,Not Applicable,Not Applicable,Index,Two,World Development Indicators (WDI),Annual,Units,Normal value,Public
datastructure,WB.DATA360:DS_DATA360(1.3),I,A,KGZ,WB_WDI_SI_POV_GINI,_T,_T,_T,0_TO_100,_Z,_Z,_Z,2000,31.0,_Z,IX,2,WB_WDI,P1Y,0,A,PU,Annual,Kyrgyz Republic,Gini index,Total,All age ranges or no breakdown by age,Total,0-100 scale,Not Applicable,Not Applicable,Not Applicable,Not Applicable,Index,Two,World Development Indicators (WDI),Annual,Units,Normal value,Public
datastructure,WB.DATA360:DS_DATA360(1.3),I,A,TUR,WB_WDI_SI_POV_GINI,_T,_T,_T,0_TO_100,_Z,_Z,_Z,2022,44.5,_Z,IX,2,WB_WDI,P1Y,0,A,PU,Annual,Türkiye,Gini index,Total,All age ranges or no breakdown by age,Total,0-100 scale,Not Applicable,Not Applicable,Not Applicable,Not Applicable,Index,Two,World Development Indicators (WDI),Annual,Units,Normal value,Public
datastructure,WB.DATA360:DS_DATA360(1.3),I,A,USA,WB_WDI_SI_POV_GINI,_T,_T,_T,0_TO_100,_Z,_Z,_Z,2022,41.7,_Z,IX,2,WB_WDI,P1Y,0,A,PU,Annual,United States,Gini index,Total,All age ranges or no breakdown by age,Total,0-100 scale,Not Applicable,Not Applicable,Not Applicable,Not Applicable,Index,Two,World Development Indicators (WDI),Annual,Units,Normal value,Public
datastructure,WB.DATA360:DS_DATA360(1.3),I,A,URY,WB_WDI_SI_POV_GINI,_T,_T,_T,0_TO_100,_Z,_Z,_Z,2022,40.6,_Z,IX,2,WB_WDI,P1Y,0,A,PU,Annual,Uruguay,Gini index,Total,All age ranges or no breakdown by age,Total,0-100 scale,Not Applicable,Not Applicable,Not Applicable,Not Applicable,Index,Two,World Development Indicators (WDI),Annual,Units,Normal value,Public
datastructure,WB.DATA360:DS_DATA360(1.3),I,A,COG,WB_WDI_SI_POV_GINI,_T,_T,_T,0_TO_100,_Z,_Z,_Z,2005,47.3,_Z,IX,2,WB_WDI,P1Y,0,A,PU,Annual,"Congo, Rep.",Gini index,Total,All age ranges or no breakdown by age,Total,0-100 scale,Not Applicable,Not Applicable,Not Applicable,Not Applicable,Index,Two,World Development Indicators (WDI),Annual,Units,Normal value,Public
datastructure,WB.DATA360:DS_DATA360(1.3),I,A,CRI,WB_WDI_SI_POV_GINI,_T,_T,_T,0_TO_100,_Z,_Z,_Z,2005,47.5,_Z,IX,2,WB_WDI,P1Y,0,A,PU,Annual,Costa Rica,Gini index,Total,All age ranges or no breakdown by age,Total,0-100 scale,Not Applicable,Not Applicable,Not Applicable,Not Applicable,Index,Two,World Development Indicators (WDI),Annual,Units,Normal value,Public
datastructure,WB.DATA360:DS_DATA360(1.3),I,A,CYP,WB_WDI_SI_POV_GINI,_T,_T,_T,0_TO_100,_Z,_Z,_Z,2005,30.3,_Z,IX,2,WB_WDI,P1Y,0,A,PU,Annual,Cyprus,Gini index,Total,All age ranges or no breakdown by age,Total,0-100 scale,Not Applicable,Not Applicable,Not Applicable,Not Applicable,Index,Two,World Development Indicators (WDI),Annual,Units,Normal value,Public
datastructure,WB.DATA360:DS_DATA360(1.3),I,A,CZE,WB_WDI_SI_POV_GINI,_T,_T,_T,0_TO_100,_Z,_Z,_Z,2005,26.9,_Z,IX,2,WB_WDI,P1Y,0,A,PU,Annual,Czechia,Gini index,Total,All age ranges or no breakdown by age,Total,0-100 scale,Not Applicable,Not Applicable,Not Applicable,Not Applicable,Index,Two,World Development Indicators (WDI),Annual,Units,Normal value,Public
datastructure,WB.DATA360:DS_DATA360(1.3),I,A,DNK,WB_WDI_SI_POV_GINI,_T,_T,_T,0_TO_100,_Z,_Z,_Z,2005,25.2,_Z,IX,2,WB_WDI,P1Y,0,A,PU,Annual,Denmark,Gini index,Total,All age ranges or no breakdown by age,Total,0-100 scale,Not Applicable,Not Applicable,Not Applicable,Not Applicable,Index,Two,World Development Indicators (WDI),Annual,Units,Normal value,Public
datastructure,WB.DATA360:DS_DATA360(1.3),I,A,DOM,WB_WDI_SI_POV_GINI,_T,_T,_T,0_TO_100,_Z,_Z,_Z,2005,50.0,_Z,IX,2,WB_WDI,P1Y,0,A,PU,Annual,Dominican Republic,Gini index,Total,All age ranges or no breakdown by age,Total,0-100 scale,Not Applicable,Not Applicable,Not Applicable,Not Applicable,Index,Two,World Development Indicators (WDI),Annual,Units,Normal value,Public
datastructure,WB.DATA360:DS_DATA360(1.3),I,A,ROU,WB_WDI_SI_POV_GINI,_T,_T,_T,0_TO_100,_Z,_Z,_Z,2005,29.8,_Z,IX,2,WB_WDI,P1Y,0,A,PU,Annual,Romania,Gini index,Total,All age ranges or no breakdown by age,Total,0-100 scale,Not Applicable,Not Applicable,Not Applicable,Not Applicable,Index,Two,World Development Indicators (WDI),Annual,Units,Normal value,Public
datastructure,WB.DATA360:DS_DATA360(1.3),I,A,RUS,WB_WDI_SI_POV_GINI,_T,_T,_T,0_TO_100,_Z,_Z,_Z,2005,41.3,_Z,IX,2,WB_WDI,P1Y,0,A,PU,Annual,Russian Federation,Gini index,Total,All age ranges or no breakdown by age,Total,0-100 scale,Not Applicable,Not Applicable,Not Applicable,Not Applicable,Index,Two,World Development Indicators (WDI),Annual,Units,Normal value,Public
datastructure,WB.DATA360:DS_DATA360(1.3),I,A,RWA,WB_WDI_SI_POV_GINI,_T,_T,_T,0_TO_100,_Z,_Z,_Z,2005,52.0,_Z,IX,2,WB_WDI,P1Y,0,A,PU,Annual,Rwanda,Gini index,Total,All age ranges or no breakdown by age,Total,0-100 scale,Not Applicable,Not Applicable,Not Applicable,Not Applicable,Index,Two,World Development Indicators (WDI),Annual,Units,Normal value,Public
datastructure,WB.DATA360:DS_DATA360(1.3),I,A,SEN,WB_WDI_SI_POV_GINI,_T,_T,_T,0_TO_100,_Z,_Z,_Z,2005,39.2,_Z,IX,2,WB_WDI,P1Y,0,A,PU,Annual,Senegal,Gini index,Total,All age ranges or no breakdown by age,Total,0-100 scale,Not Applicable,Not Applicable,Not Applicable,Not Applicable,Index,Two,World Development Indicators (WDI),Annual,Units,Normal value,Public
datastructure,WB.DATA360:DS_DATA360(1.3),I,A,SRB,WB_WDI_SI_POV_GINI,_T,_T,_T,0_TO_100,_Z,_Z,_Z,2005,36.5,_Z,IX,2,WB_WDI,P1Y,0,A,PU,Annual,Serbia,Gini index,Total,All age ranges or no breakdown by age,Total,0-100 scale,Not Applicable,Not Applicable,Not Applicable,Not Applicable,Index,Two,World Development Indicators (WDI),Annual,Units,Normal value,Public
datastructure,WB.DATA360:DS_DATA360(1.3),I,A,LVA,WB_WDI_SI_POV_GINI,_T,_T,_T,0_TO_100,_Z,_Z,_Z,2005,39.0,_Z,IX,2,WB_WDI,P1Y,0,A,PU,Annual,Latvia,Gini index,Total,All age ranges or no breakdown by age,Total,0-100 scale,Not Applicable,Not Applicable,Not Applicable,Not Applicable,Index,Two,World Development Indicators (WDI),Annual,Units,Normal value,Public
datastructure,WB.DATA360:DS_DATA360(1.3),I,A,LTU,WB_WDI_SI_POV_GINI,_T,_T,_T,0_TO_100,_Z,_Z,_Z,2005,35.3,_Z,IX,2,WB_WDI,P1Y,0,A,PU,Annual,Lithuania,Gini index,Total,All age ranges or no breakdown by age,Total,0-100 scale,Not Applicable,Not Applicable,Not Applicable,Not Applicable,Index,Two,World Development Indicators (WDI),Annual,Units,Normal value,Public
datastructure,WB.DATA360:DS_DATA360(1.3),I,A,LUX,WB_WDI_SI_POV_GINI,_T,_T,_T,0_TO_100,_Z,_Z,_Z,2005,30.8,_Z,IX,2,WB_WDI,P1Y,0,A,PU,Annual,Luxembourg,Gini index,Total,All age ranges or no breakdown by age,Total,0-100 scale,Not Applicable,Not Applicable,Not Applicable,Not Applicable,Index,Two,World Development Indicators (WDI),Annual,Units,Normal value,Public
datastructure,WB.DATA360:DS_DATA360(1.3),I,A,MDG,WB_WDI_SI_POV_GINI,_T,_T,_T,0_TO_100,_Z,_Z,_Z,2005,39.9,_Z,IX,2,WB_WDI,P1Y,0,A,PU,Annual,Madagascar,Gini index,Total,All age ranges or no breakdown by age,Total,0-100 scale,Not Applicable,Not Applicable,Not Applicable,Not Applicable,Index,Two,World Development Indicators (WDI),Annual,Units,Normal value,Public
datastructure,WB.DATA360:DS_DATA360(1.3),I,A,LTU,WB_WDI_SI_POV_GINI,_T,_T,_T,0_TO_100,_Z,_Z,_Z,2001,32.0,_Z,IX,2,WB_WDI,P1Y,0,A,PU,Annual,Lithuania,Gini index,Total,All age ranges or no breakdown by age,Total,0-100 scale,Not Applicable,Not Applicable,Not Applicable,Not Applicable,Index,Two,World Development Indicators (WDI),Annual,Units,Normal value,Public
datastructure,WB.DATA360:DS_DATA360(1.3),I,A,LUX,WB_WDI_SI_POV_GINI,_T,_T,_T,0_TO_100,_Z,_Z,_Z,2001,30.9,_Z,IX,2,WB_WDI,P1Y,0,A,PU,Annual,Luxembourg,Gini index,Total,All age ranges or no breakdown by age,Total,0-100 scale,Not Applicable,Not Applicable,Not Applicable,Not Applicable,Index,Two,World Development Indicators (WDI),Annual,Units,Normal value,Public
datastructure,WB.DATA360:DS_DATA360(1.3),I,A,MDG,WB_WDI_SI_POV_GINI,_T,_T,_T,0_TO_100,_Z,_Z,_Z,2001,47.4,_Z,IX,2,WB_WDI,P1Y,0,A,PU,Annual,Madagascar,Gini index,Total,All age ranges or no breakdown by age,Total,0-100 scale,Not Applicable,Not Applicable,Not Applicable,Not Applicable,Index,Two,World Development Indicators (WDI),Annual,Units,Normal value,Public
datastructure,WB.DATA360:DS_DATA360(1.3),I,A,MLI,WB_WDI_SI_POV_GINI,_T,_T,_T,0_TO_100,_Z,_Z,_Z,2001,39.9,_Z,IX,2,WB_WDI,P1Y,0,A,PU,Annual,Mali,Gini index,Total,All age ranges or no breakdown by age,Total,0-100 scale,Not Applicable,Not Applicable,Not Applicable,Not Applicable,Index,Two,World Development Indicators (WDI),Annual,Units,Normal value,Public
datastructure,WB.DATA360:DS_DATA360(1.3),I,A,SUR,WB_WDI_SI_POV_GINI,_T,_T,_T,0_TO_100,_Z,_Z,_Z,2022,39.2,_Z,IX,2,WB_WDI,P1Y,0,A,PU,Annual,Suriname,Gini index,Total,All age ranges or no breakdown by age,Total,0-100 scale,Not Applicable,Not Applicable,Not Applicable,Not Applicable,Index,Two,World Development Indicators (WDI),Annual,Units,Normal value,Public
datastructure,WB.DATA360:DS_DATA360(1.3),I,A,SWE,WB_WDI_SI_POV_GINI,_T,_T,_T,0_TO_100,_Z,_Z,_Z,2022,31.6,_Z,IX,2,WB_WDI,P1Y,0,A,PU,Annual,Sweden,Gini index,Total,All age ranges or no breakdown by age,Total,0-100 scale,Not Applicable,Not Applicable,Not Applicable,Not Applicable,Index,Two,World Development Indicators (WDI),Annual,Units,Normal value,Public
datastructure,WB.DATA360:DS_DATA360(1.3),I,A,CHE,WB_WDI_SI_POV_GINI,_T,_T,_T,0_TO_100,_Z,_Z,_Z,2022,33.8,_Z,IX,2,WB_WDI,P1Y,0,A,PU,Annual,Switzerland,Gini index,Total,All age ranges or no breakdown by age,Total,0-100 scale,Not Applicable,Not Applicable,Not Applicable,Not Applicable,Index,Two,World Development Indicators (WDI),Annual,Units,Normal value,Public
datastructure,WB.DATA360:DS_DATA360(1.3),I,A,SYR,WB_WDI_SI_POV_GINI,_T,_T,_T,0_TO_100,_Z,_Z,_Z,2022,26.4,_Z,IX,2,WB_WDI,P1Y,0,A,PU,Annual,Syrian Arab Republic,Gini index,Total,All age ranges or no breakdown by age,Total,0-100 scale,Not Applicable,Not Applicable,Not Applicable,Not Applicable,Index,Two,World Development Indicators (WDI),Annual,Units,Normal value,Public
datastructure,WB.DATA360:DS_DATA360(1.3),I,A,TJK,WB_WDI_SI_POV_GINI,_T,_T,_T,0_TO_100,_Z,_Z,_Z,2022,39.5,_Z,IX,2,WB_WDI,P1Y,0,A,PU,Annual,Tajikistan,Gini index,Total,All age ranges or no breakdown by age,Total,0-100 scale,Not Applicable,Not Applicable,Not Applicable,Not Applicable,Index,Two,World Development Indicators (WDI),Annual,Units,Normal value,Public
datastructure,WB.DATA360:DS_DATA360(1.3),I,A,THA,WB_WDI_SI_POV_GINI,_T,_T,_T,0_TO_100,_Z,_Z,_Z,2022,34.3,_Z,IX,2,WB_WDI,P1Y,0,A,PU,Annual,Thailand,Gini index,Total,All age ranges or no breakdown by age,Total,0-100 scale,Not Applicable,Not Applicable,Not Applicable,Not Applicable,Index,Two,World Development Indicators (WDI),Annual,Units,Normal value,Public
datastructure,WB.DATA360:DS_DATA360(1.3),I,A,POL,WB_WDI_SI_POV_GINI,_T,_T,_T,0_TO_100,_Z,_Z,_Z,2007,34.0,_Z,IX,2,WB_WDI,P1Y,0,A,PU,Annual,Poland,Gini index,Total,All age ranges or no breakdown by age,Total,0-100 scale,Not Applicable,Not Applicable,Not Applicable,Not Applicable,Index,Two,World Development Indicators (WDI),Annual,Units,Normal value,Public
datastructure,WB.DATA360:DS_DATA360(1.3),I,A,PRT,WB_WDI_SI_POV_GINI,_T,_T,_T,0_TO_100,_Z,_Z,_Z,2007,36.8,_Z,IX,2,WB_WDI,P1Y,0,A,PU,Annual,Portugal,Gini index,Total,All age ranges or no breakdown by age,Total,0-100 scale,Not Applicable,Not Applicable,Not Applicable,Not Applicable,Index,Two,World Development Indicators (WDI),Annual,Units,Normal value,Public
datastructure,WB.DATA360:DS_DATA360(1.3),I,A,ROU,WB_WDI_SI_POV_GINI,_T,_T,_T,0_TO_100,_Z,_Z,_Z,2007,37.5,_Z,IX,2,WB_WDI,P1Y,0,A,PU,Annual,Romania,Gini index,Total,All age ranges or no breakdown by age,Total,0-100 scale,Not Applicable,Not Applicable,Not Applicable,Not Applicable,Index,Two,World Development Indicators (WDI),Annual,Units,Normal value,Public
datastructure,WB.DATA360:DS_DATA360(1.3),I,A,RUS,WB_WDI_SI_POV_GINI,_T,_T,_T,0_TO_100,_Z,_Z,_Z,2007,42.3,_Z,IX,2,WB_WDI,P1Y,0,A,PU,Annual,Russian Federation,Gini index,Total,All age ranges or no breakdown by age,Total,0-100 scale,Not Applicable,Not Applicable,Not Applicable,Not Applicable,Index,Two,World Development Indicators (WDI),Annual,Units,Normal value,Public
datastructure,WB.DATA360:DS_DATA360(1.3),I,A,SRB,WB_WDI_SI_POV_GINI,_T,_T,_T,0_TO_100,_Z,_Z,_Z,2007,28.7,_Z,IX,2,WB_WDI,P1Y,0,A,PU,Annual,Serbia,Gini index,Total,All age ranges or no breakdown by age,Total,0-100 scale,Not Applicable,Not Applicable,Not Applicable,Not Applicable,Index,Two,World Development Indicators (WDI),Annual,Units,Normal value,Public
datastructure,WB.DATA360:DS_DATA360(1.3),I,A,TJK,WB_WDI_SI_POV_GINI,_T,_T,_T,0_TO_100,_Z,_Z,_Z,2021,32.4,_Z,IX,2,WB_WDI,P1Y,0,A,PU,Annual,Tajikistan,Gini index,Total,All age ranges or no breakdown by age,Total,0-100 scale,Not Applicable,Not Applicable,Not Applicable,Not Applicable,Index,Two,World Development Indicators (WDI),Annual,Units,Normal value,Public
datastructure,WB.DATA360:DS_DATA360(1.3),I,A,THA,WB_WDI_SI_POV_GINI,_T,_T,_T,0_TO_100,_Z,_Z,_Z,2021,34.9,_Z,IX,2,WB_WDI,P1Y,0,A,PU,Annual,Thailand,Gini index,Total,All age ranges or no breakdown by age,Total,0-100 scale,Not Applicable,Not Applicable,Not Applicable,Not Applicable,Index,Two,World Development Indicators (WDI),Annual,Units,Normal value,Public
datastructure,WB.DATA360:DS_DATA360(1.3),I,A,TGO,WB_WDI_SI_POV_GINI,_T,_T,_T,0_TO_100,_Z,_Z,_Z,2021,37.9,_Z,IX,2,WB_WDI,P1Y,0,A,PU,Annual,Togo,Gini index,Total,All age ranges or no breakdown by age,Total,0-100 scale,Not Applicable,Not Applicable,Not Applicable,Not Applicable,Index,Two,World Development Indicators (WDI),Annual,Units,Normal value,Public
datastructure,WB.DATA360:DS_DATA360(1.3),I,A,TON,WB_WDI_SI_POV_GINI,_T,_T,_T,0_TO_100,_Z,_Z,_Z,2021,27.1,_Z,IX,2,WB_WDI,P1Y,0,A,PU,Annual,Tonga,Gini index,Total,All age ranges or no breakdown by age,Total,0-100 scale,Not Applicable,Not Applicable,Not Applicable,Not Applicable,Index,Two,World Development Indicators (WDI),Annual,Units,Normal value,Public
datastructure,WB.DATA360:DS_DATA360(1.3),I,A,TUN,WB_WDI_SI_POV_GINI,_T,_T,_T,0_TO_100,_Z,_Z,_Z,2021,33.7,_Z,IX,2,WB_WDI,P1Y,0,A,PU,Annual,Tunisia,Gini index,Total,All age ranges or no breakdown by age,Total,0-100 scale,Not Applicable,Not Applicable,Not Applicable,Not Applicable,Index,Two,World Development Indicators (WDI),Annual,Units,Normal value,Public
datastructure,WB.DATA360:DS_DATA360(1.3),I,A,TUR,WB_WDI_SI_POV_GINI,_T,_T,_T,0_TO_100,_Z,_Z,_Z,2021,44.4,_Z,IX,2,WB_WDI,P1Y,0,A,PU,Annual,Türkiye,Gini index,Total,All age ranges or no breakdown by age,Total,0-100 scale,Not Applicable,Not Applicable,Not Applicable,Not Applicable,Index,Two,World Development Indicators (WDI),Annual,Units,Normal value,Public
datastructure,WB.DATA360:DS_DATA360(1.3),I,A,DOM,WB_WDI_SI_POV_GINI,_T,_T,_T,0_TO_100,_Z,_Z,_Z,2000,51.5,_Z,IX,2,WB_WDI,P1Y,0,A,PU,Annual,Dominican Republic,Gini index,Total,All age ranges or no breakdown by age,Total,0-100 scale,Not Applicable,Not Applicable,Not Applicable,Not Applicable,Index,Two,World Development Indicators (WDI),Annual,Units,Normal value,Public
datastructure,WB.DATA360:DS_DATA360(1.3),I,A,ECU,WB_WDI_SI_POV_GINI,_T,_T,_T,0_TO_100,_Z,_Z,_Z,2000,56.3,_Z,IX,2,WB_WDI,P1Y,0,A,PU,Annual,Ecuador,Gini index,Total,All age ranges or no breakdown by age,Total,0-100 scale,Not Applicable,Not Applicable,Not Applicable,Not Applicable,Index,Two,World Development Indicators (WDI),Annual,Units,Normal value,Public
datastructure,WB.DATA360:DS_DATA360(1.3),I,A,SLV,WB_WDI_SI_POV_GINI,_T,_T,_T,0_TO_100,_Z,_Z,_Z,2000,51.5,_Z,IX,2,WB_WDI,P1Y,0,A,PU,Annual,El Salvador,Gini index,Total,All age ranges or no breakdown by age,Total,0-100 scale,Not Applicable,Not Applicable,Not Applicable,Not Applicable,Index,Two,World Development Indicators (WDI),Annual,Units,Normal value,Public
datastructure,WB.DATA360:DS_DATA360(1.3),I,A,EST,WB_WDI_SI_POV_GINI,_T,_T,_T,0_TO_100,_Z,_Z,_Z,2000,35.8,_Z,IX,2,WB_WDI,P1Y,0,A,PU,Annual,Estonia,Gini index,Total,All age ranges or no breakdown by age,Total,0-100 scale,Not Applicable,Not Applicable,Not Applicable,Not Applicable,Index,Two,World Development Indicators (WDI),Annual,Units,Normal value,Public
datastructure,WB.DATA360:DS_DATA360(1.3),I,A,SWZ,WB_WDI_SI_POV_GINI,_T,_T,_T,0_TO_100,_Z,_Z,_Z,2000,53.1,_Z,IX,2,WB_WDI,P1Y,0,A,PU,Annual,Eswatini,Gini index,Total,All age ranges or no breakdown by age,Total,0-100 scale,Not Applicable,Not Applicable,Not Applicable,Not Applicable,Index,Two,World Development Indicators (WDI),Annual,Units,Normal value,Public
datastructure,WB.DATA360:DS_DATA360(1.3),I,A,FIN,WB_WDI_SI_POV_GINI,_T,_T,_T,0_TO_100,_Z,_Z,_Z,2000,27.2,_Z,IX,2,WB_WDI,P1Y,0,A,PU,Annual,Finland,Gini index,Total,All age ranges or no breakdown by age,Total,0-100 scale,Not Applicable,Not Applicable,Not Applicable,Not Applicable,Index,Two,World Development Indicators (WDI),Annual,Units,Normal value,Public
datastructure,WB.DATA360:DS_DATA360(1.3),I,A,FRA,WB_WDI_SI_POV_GINI,_T,_T,_T,0_TO_100,_Z,_Z,_Z,2000,32.6,_Z,IX,2,WB_WDI,P1Y,0,A,PU,Annual,France,Gini index,Total,All age ranges or no breakdown by age,Total,0-100 scale,Not Applicable,Not Applicable,Not Applicable,Not Applicable,Index,Two,World Development Indicators (WDI),Annual,Units,Normal value,Public
datastructure,WB.DATA360:DS_DATA360(1.3),I,A,SWE,WB_WDI_SI_POV_GINI,_T,_T,_T,0_TO_100,_Z,_Z,_Z,2023,29.3,_Z,IX,2,WB_WDI,P1Y,0,A,PU,Annual,Sweden,Gini index,Total,All age ranges or no breakdown by age,Total,0-100 scale,Not Applicable,Not Applicable,Not Applicable,Not Applicable,Index,Two,World Development Indicators (WDI),Annual,Units,Normal value,Public
datastructure,WB.DATA360:DS_DATA360(1.3),I,A,TJK,WB_WDI_SI_POV_GINI,_T,_T,_T,0_TO_100,_Z,_Z,_Z,2023,38.0,_Z,IX,2,WB_WDI,P1Y,0,A,PU,Annual,Tajikistan,Gini index,Total,All age ranges or no breakdown by age,Total,0-100 scale,Not Applicable,Not Applicable,Not Applicable,Not Applicable,Index,Two,World Development Indicators (WDI),Annual,Units,Normal value,Public
datastructure,WB.DATA360:DS_DATA360(1.3),I,A,THA,WB_WDI_SI_POV_GINI,_T,_T,_T,0_TO_100,_Z,_Z,_Z,2023,33.5,_Z,IX,2,WB_WDI,P1Y,0,A,PU,Annual,Thailand,Gini index,Total,All age ranges or no breakdown by age,Total,0-100 scale,Not Applicable,Not Applicable,Not Applicable,Not Applicable,Index,Two,World Development Indicators (WDI),Annual,Units,Normal value,Public
datastructure,WB.DATA360:DS_DATA360(1.3),I,A,BTN,WB_WDI_SI_POV_GINI,_T,_T,_T,0_TO_100,_Z,_Z,_Z,2022,28.5,_Z,IX,2,WB_WDI,P1Y,0,A,PU,Annual,Bhutan,Gini index,Total,All age ranges or no breakdown by age,Total,0-100 scale,Not Applicable,Not Applicable,Not Applicable,Not Applicable,Index,Two,World Development Indicators (WDI),Annual,Units,Normal value,Public
datastructure,WB.DATA360:DS_DATA360(1.3),I,A,BOL,WB_WDI_SI_POV_GINI,_T,_T,_T,0_TO_100,_Z,_Z,_Z,2022,41.2,_Z,IX,2,WB_WDI,P1Y,0,A,PU,Annual,Bolivia,Gini index,Total,All age ranges or no breakdown by age,Total,0-100 scale,Not Applicable,Not Applicable,Not Applicable,Not Applicable,Index,Two,World Development Indicators (WDI),Annual,Units,Normal value,Public
datastructure,WB.DATA360:DS_DATA360(1.3),I,A,BRA,WB_WDI_SI_POV_GINI,_T,_T,_T,0_TO_100,_Z,_Z,_Z,2022,51.9,_Z,IX,2,WB_WDI,P1Y,0,A,PU,Annual,Brazil,Gini index,Total,All age ranges or no breakdown by age,Total,0-100 scale,Not Applicable,Not Applicable,Not Applicable,Not Applicable,Index,Two,World Development Indicators (WDI),Annual,Units,Normal value,Public
datastructure,WB.DATA360:DS_DATA360(1.3),I,A,BGR,WB_WDI_SI_POV_GINI,_T,_T,_T,0_TO_100,_Z,_Z,_Z,2022,38.2,_Z,IX,2,WB_WDI,P1Y,0,A,PU,Annual,Bulgaria,Gini index,Total,All age ranges or no breakdown by age,Total,0-100 scale,Not Applicable,Not Applicable,Not Applicable,Not Applicable,Index,Two,World Development Indicators (WDI),Annual,Units,Normal value,Public
datastructure,WB.DATA360:DS_DATA360(1.3),I,A,XKX,WB_WDI_SI_POV_GINI,_T,_T,_T,0_TO_100,_Z,_Z,_Z,2015,26.5,_Z,IX,2,WB_WDI,P1Y,0,A,PU,Annual,Kosovo,Gini index,Total,All age ranges or no breakdown by age,Total,0-100 scale,Not Applicable,Not Applicable,Not Applicable,Not Applicable,Index,Two,World Development Indicators (WDI),Annual,Units,Normal value,Public
datastructure,WB.DATA360:DS_DATA360(1.3),I,A,KGZ,WB_WDI_SI_POV_GINI,_T,_T,_T,0_TO_100,_Z,_Z,_Z,2015,29.0,_Z,IX,2,WB_WDI,P1Y,0,A,PU,Annual,Kyrgyz Republic,Gini index,Total,All age ranges or no breakdown by age,Total,0-100 scale,Not Applicable,Not Applicable,Not Applicable,Not Applicable,Index,Two,World Development Indicators (WDI),Annual,Units,Normal value,Public
datastructure,WB.DATA360:DS_DATA360(1.3),I,A,LVA,WB_WDI_SI_POV_GINI,_T,_T,_T,0_TO_100,_Z,_Z,_Z,2015,34.2,_Z,IX,2,WB_WDI,P1Y,0,A,PU,Annual,Latvia,Gini index,Total,All age ranges or no breakdown by age,Total,0-100 scale,Not Applicable,Not Applicable,Not Applicable,Not Applicable,Index,Two,World Development Indicators (WDI),Annual,Units,Normal value,Public
datastructure,WB.DATA360:DS_DATA360(1.3),I,A,LTU,WB_WDI_SI_POV_GINI,_T,_T,_T,0_TO_100,_Z,_Z,_Z,2015,37.4,_Z,IX,2,WB_WDI,P1Y,0,A,PU,Annual,Lithuania,Gini index,Total,All age ranges or no breakdown by age,Total,0-100 scale,Not Applicable,Not Applicable,Not Applicable,Not Applicable,Index,Two,World Development Indicators (WDI),Annual,Units,Normal value,Public
datastructure,WB.DATA360:DS_DATA360(1.3),I,A,MDA,WB_WDI_SI_POV_GINI,_T,_T,_T,0_TO_100,_Z,_Z,_Z,2015,27.0,_Z,IX,2,WB_WDI,P1Y,0,A,PU,Annual,Moldova,Gini index,Total,All age ranges or no breakdown by age,Total,0-100 scale,Not Applicable,Not Applicable,Not Applicable,Not Applicable,Index,Two,World Development Indicators (WDI),Annual,Units,Normal value,Public
datastructure,WB.DATA360:DS_DATA360(1.3),I,A,MNE,WB_WDI_SI_POV_GINI,_T,_T,_T,0_TO_100,_Z,_Z,_Z,2015,39.0,_Z,IX,2,WB_WDI,P1Y,0,A,PU,Annual,Montenegro,Gini index,Total,All age ranges or no breakdown by age,Total,0-100 scale,Not Applicable,Not Applicable,Not Applicable,Not Applicable,Index,Two,World Development Indicators (WDI),Annual,Units,Normal value,Public
datastructure,WB.DATA360:DS_DATA360(1.3),I,A,MMR,WB_WDI_SI_POV_GINI,_T,_T,_T,0_TO_100,_Z,_Z,_Z,2015,38.1,_Z,IX,2,WB_WDI,P1Y,0,A,PU,Annual,Myanmar,Gini index,Total,All age ranges or no breakdown by age,Total,0-100 scale,Not Applicable,Not Applicable,Not Applicable,Not Applicable,Index,Two,World Development Indicators (WDI),Annual,Units,Normal value,Public
datastructure,WB.DATA360:DS_DATA360(1.3),I,A,NAM,WB_WDI_SI_POV_GINI,_T,_T,_T,0_TO_100,_Z,_Z,_Z,2015,59.1,_Z,IX,2,WB_WDI,P1Y,0,A,PU,Annual,Namibia,Gini index,Total,All age ranges or no breakdown by age,Total,0-100 scale,Not Applicable,Not Applicable,Not Applicable,Not Applicable,Index,Two,World Development Indicators (WDI),Annual,Units,Normal value,Public
datastructure,WB.DATA360:DS_DATA360(1.3),I,A,PHL,WB_WDI_SI_POV_GINI,_T,_T,_T,0_TO_100,_Z,_Z,_Z,2018,42.3,_Z,IX,2,WB_WDI,P1Y,0,A,PU,Annual,Philippines,Gini index,Total,All age ranges or no breakdown by age,Total,0-100 scale,Not Applicable,Not Applicable,Not Applicable,Not Applicable,Index,Two,World Development Indicators (WDI),Annual,Units,Normal value,Public
datastructure,WB.DATA360:DS_DATA360(1.3),I,A,POL,WB_WDI_SI_POV_GINI,_T,_T,_T,0_TO_100,_Z,_Z,_Z,2018,30.2,_Z,IX,2,WB_WDI,P1Y,0,A,PU,Annual,Poland,Gini index,Total,All age ranges or no breakdown by age,Total,0-100 scale,Not Applicable,Not Applicable,Not Applicable,Not Applicable,Index,Two,World Development Indicators (WDI),Annual,Units,Normal value,Public
datastructure,WB.DATA360:DS_DATA360(1.3),I,A,PRT,WB_WDI_SI_POV_GINI,_T,_T,_T,0_TO_100,_Z,_Z,_Z,2018,33.5,_Z,IX,2,WB_WDI,P1Y,0,A,PU,Annual,Portugal,Gini index,Total,All age ranges or no breakdown by age,Total,0-100 scale,Not Applicable,Not Applicable,Not Applicable,Not Applicable,Index,Two,World Development Indicators (WDI),Annual,Units,Normal value,Public
datastructure,WB.DATA360:DS_DATA360(1.3),I,A,ROU,WB_WDI_SI_POV_GINI,_T,_T,_T,0_TO_100,_Z,_Z,_Z,2018,35.8,_Z,IX,2,WB_WDI,P1Y,0,A,PU,Annual,Romania,Gini index,Total,All age ranges or no breakdown by age,Total,0-100 scale,Not Applicable,Not Applicable,Not Applicable,Not Applicable,Index,Two,World Development Indicators (WDI),Annual,Units,Normal value,Public
datastructure,WB.DATA360:DS_DATA360(1.3),I,A,RUS,WB_WDI_SI_POV_GINI,_T,_T,_T,0_TO_100,_Z,_Z,_Z,2018,35.3,_Z,IX,2,WB_WDI,P1Y,0,A,PU,Annual,Russian Federation,Gini index,Total,All age ranges or no breakdown by age,Total,0-100 scale,Not Applicable,Not Applicable,Not Applicable,Not Applicable,Index,Two,World Development Indicators (WDI),Annual,Units,Normal value,Public
datastructure,WB.DATA360:DS_DATA360(1.3),I,A,GEO,WB_WDI_SI_POV_GINI,_T,_T,_T,0_TO_100,_Z,_Z,_Z,2002,37.2,_Z,IX,2,WB_WDI,P1Y,0,A,PU,Annual,Georgia,Gini index,Total,All age ranges or no breakdown by age,Total,0-100 scale,Not Applicable,Not Applicable,Not Applicable,Not Applicable,Index,Two,World Development Indicators (WDI),Annual,Units,Normal value,Public
datastructure,WB.DATA360:DS_DATA360(1.3),I,A,DEU,WB_WDI_SI_POV_GINI,_T,_T,_T,0_TO_100,_Z,_Z,_Z,2002,29.9,_Z,IX,2,WB_WDI,P1Y,0,A,PU,Annual,Germany,Gini index,Total,All age ranges or no breakdown by age,Total,0-100 scale,Not Applicable,Not Applicable,Not Applicable,Not Applicable,Index,Two,World Development Indicators (WDI),Annual,Units,Normal value,Public
datastructure,WB.DATA360:DS_DATA360(1.3),I,A,GRC,WB_WDI_SI_POV_GINI,_T,_T,_T,0_TO_100,_Z,_Z,_Z,2002,35.5,_Z,IX,2,WB_WDI,P1Y,0,A,PU,Annual,Greece,Gini index,Total,All age ranges or no breakdown by age,Total,0-100 scale,Not Applicable,Not Applicable,Not Applicable,Not Applicable,Index,Two,World Development Indicators (WDI),Annual,Units,Normal value,Public
datastructure,WB.DATA360:DS_DATA360(1.3),I,A,GIN,WB_WDI_SI_POV_GINI,_T,_T,_T,0_TO_100,_Z,_Z,_Z,2002,43.0,_Z,IX,2,WB_WDI,P1Y,0,A,PU,Annual,Guinea,Gini index,Total,All age ranges or no breakdown by age,Total,0-100 scale,Not Applicable,Not Applicable,Not Applicable,Not Applicable,Index,Two,World Development Indicators (WDI),Annual,Units,Normal value,Public
datastructure,WB.DATA360:DS_DATA360(1.3),I,A,GNB,WB_WDI_SI_POV_GINI,_T,_T,_T,0_TO_100,_Z,_Z,_Z,2002,35.6,_Z,IX,2,WB_WDI,P1Y,0,A,PU,Annual,Guinea-Bissau,Gini index,Total,All age ranges or no breakdown by age,Total,0-100 scale,Not Applicable,Not Applicable,Not Applicable,Not Applicable,Index,Two,World Development Indicators (WDI),Annual,Units,Normal value,Public
datastructure,WB.DATA360:DS_DATA360(1.3),I,A,HND,WB_WDI_SI_POV_GINI,_T,_T,_T,0_TO_100,_Z,_Z,_Z,2002,55.7,_Z,IX,2,WB_WDI,P1Y,0,A,PU,Annual,Honduras,Gini index,Total,All age ranges or no breakdown by age,Total,0-100 scale,Not Applicable,Not Applicable,Not Applicable,Not Applicable,Index,Two,World Development Indicators (WDI),Annual,Units,Normal value,Public
datastructure,WB.DATA360:DS_DATA360(1.3),I,A,SWE,WB_WDI_SI_POV_GINI,_T,_T,_T,0_TO_100,_Z,_Z,_Z,2003,25.3,_Z,IX,2,WB_WDI,P1Y,0,A,PU,Annual,Sweden,Gini index,Total,All age ranges or no breakdown by age,Total,0-100 scale,Not Applicable,Not Applicable,Not Applicable,Not Applicable,Index,Two,World Development Indicators (WDI),Annual,Units,Normal value,Public
datastructure,WB.DATA360:DS_DATA360(1.3),I,A,SYR,WB_WDI_SI_POV_GINI,_T,_T,_T,0_TO_100,_Z,_Z,_Z,2003,37.5,_Z,IX,2,WB_WDI,P1Y,0,A,PU,Annual,Syrian Arab Republic,Gini index,Total,All age ranges or no breakdown by age,Total,0-100 scale,Not Applicable,Not Applicable,Not Applicable,Not Applicable,Index,Two,World Development Indicators (WDI),Annual,Units,Normal value,Public
datastructure,WB.DATA360:DS_DATA360(1.3),I,A,TJK,WB_WDI_SI_POV_GINI,_T,_T,_T,0_TO_100,_Z,_Z,_Z,2003,32.7,_Z,IX,2,WB_WDI,P1Y,0,A,PU,Annual,Tajikistan,Gini index,Total,All age ranges or no breakdown by age,Total,0-100 scale,Not Applicable,Not Applicable,Not Applicable,Not Applicable,Index,Two,World Development Indicators (WDI),Annual,Units,Normal value,Public
datastructure,WB.DATA360:DS_DATA360(1.3),I,A,RUS,WB_WDI_SI_POV_GINI,_T,_T,_T,0_TO_100,_Z,_Z,_Z,2004,40.3,_Z,IX,2,WB_WDI,P1Y,0,A,PU,Annual,Russian Federation,Gini index,Total,All age ranges or no breakdown by age,Total,0-100 scale,Not Applicable,Not Applicable,Not Applicable,Not Applicable,Index,Two,World Development Indicators (WDI),Annual,Units,Normal value,Public
datastructure,WB.DATA360:DS_DATA360(1.3),I,A,SRB,WB_WDI_SI_POV_GINI,_T,_T,_T,0_TO_100,_Z,_Z,_Z,2004,35.5,_Z,IX,2,WB_WDI,P1Y,0,A,PU,Annual,Serbia,Gini index,Total,All age ranges or no breakdown by age,Total,0-100 scale,Not Applicable,Not Applicable,Not Applicable,Not Applicable,Index,Two,World Development Indicators (WDI),Annual,Units,Normal value,Public
datastructure,WB.DATA360:DS_DATA360(1.3),I,A,SVK,WB_WDI_SI_POV_GINI,_T,_T,_T,0_TO_100,_Z,_Z,_Z,2004,27.1,_Z,IX,2,WB_WDI,P1Y,0,A,PU,Annual,Slovak Republic,Gini index,Total,All age ranges or no breakdown by age,Total,0-100 scale,Not Applicable,Not Applicable,Not Applicable,Not Applicable,Index,Two,World Development Indicators (WDI),Annual,Units,Normal value,Public
datastructure,WB.DATA360:DS_DATA360(1.3),I,A,SVN,WB_WDI_SI_POV_GINI,_T,_T,_T,0_TO_100,_Z,_Z,_Z,2004,24.8,_Z,IX,2,WB_WDI,P1Y,0,A,PU,Annual,Slovenia,Gini index,Total,All age ranges or no breakdown by age,Total,0-100 scale,Not Applicable,Not Applicable,Not Applicable,Not Applicable,Index,Two,World Development Indicators (WDI),Annual,Units,Normal value,Public
datastructure,WB.DATA360:DS_DATA360(1.3),I,A,SVK,WB_WDI_SI_POV_GINI,_T,_T,_T,0_TO_100,_Z,_Z,_Z,2007,24.7,_Z,IX,2,WB_WDI,P1Y,0,A,PU,Annual,Slovak Republic,Gini index,Total,All age ranges or no breakdown by age,Total,0-100 scale,Not Applicable,Not Applicable,Not Applicable,Not Applicable,Index,Two,World Development Indicators (WDI),Annual,Units,Normal value,Public
datastructure,WB.DATA360:DS_DATA360(1.3),I,A,SVN,WB_WDI_SI_POV_GINI,_T,_T,_T,0_TO_100,_Z,_Z,_Z,2007,24.4,_Z,IX,2,WB_WDI,P1Y,0,A,PU,Annual,Slovenia,Gini index,Total,All age ranges or no breakdown by age,Total,0-100 scale,Not Applicable,Not Applicable,Not Applicable,Not Applicable,Index,Two,World Development Indicators (WDI),Annual,Units,Normal value,Public
datastructure,WB.DATA360:DS_DATA360(1.3),I,A,ESP,WB_WDI_SI_POV_GINI,_T,_T,_T,0_TO_100,_Z,_Z,_Z,2007,34.1,_Z,IX,2,WB_WDI,P1Y,0,A,PU,Annual,Spain,Gini index,Total,All age ranges or no breakdown by age,Total,0-100 scale,Not Applicable,Not Applicable,Not Applicable,Not Applicable,Index,Two,World Development Indicators (WDI),Annual,Units,Normal value,Public
datastructure,WB.DATA360:DS_DATA360(1.3),I,A,LTU,WB_WDI_SI_POV_GINI,_T,_T,_T,0_TO_100,_Z,_Z,_Z,2003,35.5,_Z,IX,2,WB_WDI,P1Y,0,A,PU,Annual,Lithuania,Gini index,Total,All age ranges or no breakdown by age,Total,0-100 scale,Not Applicable,Not Applicable,Not Applicable,Not Applicable,Index,Two,World Development Indicators (WDI),Annual,Units,Normal value,Public
datastructure,WB.DATA360:DS_DATA360(1.3),I,A,LUX,WB_WDI_SI_POV_GINI,_T,_T,_T,0_TO_100,_Z,_Z,_Z,2003,30.2,_Z,IX,2,WB_WDI,P1Y,0,A,PU,Annual,Luxembourg,Gini index,Total,All age ranges or no breakdown by age,Total,0-100 scale,Not Applicable,Not Applicable,Not Applicable,Not Applicable,Index,Two,World Development Indicators (WDI),Annual,Units,Normal value,Public
datastructure,WB.DATA360:DS_DATA360(1.3),I,A,MYS,WB_WDI_SI_POV_GINI,_T,_T,_T,0_TO_100,_Z,_Z,_Z,2003,46.4,_Z,IX,2,WB_WDI,P1Y,0,A,PU,Annual,Malaysia,Gini index,Total,All age ranges or no breakdown by age,Total,0-100 scale,Not Applicable,Not Applicable,Not Applicable,Not Applicable,Index,Two,World Development Indicators (WDI),Annual,Units,Normal value,Public
datastructure,WB.DATA360:DS_DATA360(1.3),I,A,HRV,WB_WDI_SI_POV_GINI,_T,_T,_T,0_TO_100,_Z,_Z,_Z,2018,29.7,_Z,IX,2,WB_WDI,P1Y,0,A,PU,Annual,Croatia,Gini index,Total,All age ranges or no breakdown by age,Total,0-100 scale,Not Applicable,Not Applicable,Not Applicable,Not Applicable,Index,Two,World Development Indicators (WDI),Annual,Units,Normal value,Public
datastructure,WB.DATA360:DS_DATA360(1.3),I,A,CYP,WB_WDI_SI_POV_GINI,_T,_T,_T,0_TO_100,_Z,_Z,_Z,2018,32.7,_Z,IX,2,WB_WDI,P1Y,0,A,PU,Annual,Cyprus,Gini index,Total,All age ranges or no breakdown by age,Total,0-100 scale,Not Applicable,Not Applicable,Not Applicable,Not Applicable,Index,Two,World Development Indicators (WDI),Annual,Units,Normal value,Public
datastructure,WB.DATA360:DS_DATA360(1.3),I,A,CZE,WB_WDI_SI_POV_GINI,_T,_T,_T,0_TO_100,_Z,_Z,_Z,2018,25.0,_Z,IX,2,WB_WDI,P1Y,0,A,PU,Annual,Czechia,Gini index,Total,All age ranges or no breakdown by age,Total,0-100 scale,Not Applicable,Not Applicable,Not Applicable,Not Applicable,Index,Two,World Development Indicators (WDI),Annual,Units,Normal value,Public
datastructure,WB.DATA360:DS_DATA360(1.3),I,A,DNK,WB_WDI_SI_POV_GINI,_T,_T,_T,0_TO_100,_Z,_Z,_Z,2018,28.2,_Z,IX,2,WB_WDI,P1Y,0,A,PU,Annual,Denmark,Gini index,Total,All age ranges or no breakdown by age,Total,0-100 scale,Not Applicable,Not Applicable,Not Applicable,Not Applicable,Index,Two,World Development Indicators (WDI),Annual,Units,Normal value,Public
datastructure,WB.DATA360:DS_DATA360(1.3),I,A,DOM,WB_WDI_SI_POV_GINI,_T,_T,_T,0_TO_100,_Z,_Z,_Z,2018,43.7,_Z,IX,2,WB_WDI,P1Y,0,A,PU,Annual,Dominican Republic,Gini index,Total,All age ranges or no breakdown by age,Total,0-100 scale,Not Applicable,Not Applicable,Not Applicable,Not Applicable,Index,Two,World Development Indicators (WDI),Annual,Units,Normal value,Public
datastructure,WB.DATA360:DS_DATA360(1.3),I,A,ECU,WB_WDI_SI_POV_GINI,_T,_T,_T,0_TO_100,_Z,_Z,_Z,2018,45.4,_Z,IX,2,WB_WDI,P1Y,0,A,PU,Annual,Ecuador,Gini index,Total,All age ranges or no breakdown by age,Total,0-100 scale,Not Applicable,Not Applicable,Not Applicable,Not Applicable,Index,Two,World Development Indicators (WDI),Annual,Units,Normal value,Public
datastructure,WB.DATA360:DS_DATA360(1.3),I,A,MDA,WB_WDI_SI_POV_GINI,_T,_T,_T,0_TO_100,_Z,_Z,_Z,2021,25.7,_Z,IX,2,WB_WDI,P1Y,0,A,PU,Annual,Moldova,Gini index,Total,All age ranges or no breakdown by age,Total,0-100 scale,Not Applicable,Not Applicable,Not Applicable,Not Applicable,Index,Two,World Development Indicators (WDI),Annual,Units,Normal value,Public
datastructure,WB.DATA360:DS_DATA360(1.3),I,A,MNE,WB_WDI_SI_POV_GINI,_T,_T,_T,0_TO_100,_Z,_Z,_Z,2021,34.3,_Z,IX,2,WB_WDI,P1Y,0,A,PU,Annual,Montenegro,Gini index,Total,All age ranges or no breakdown by age,Total,0-100 scale,Not Applicable,Not Applicable,Not Applicable,Not Applicable,Index,Two,World Development Indicators (WDI),Annual,Units,Normal value,Public
datastructure,WB.DATA360:DS_DATA360(1.3),I,A,ECU,WB_WDI_SI_POV_GINI,_T,_T,_T,0_TO_100,_Z,_Z,_Z,2005,53.1,_Z,IX,2,WB_WDI,P1Y,0,A,PU,Annual,Ecuador,Gini index,Total,All age ranges or no breakdown by age,Total,0-100 scale,Not Applicable,Not Applicable,Not Applicable,Not Applicable,Index,Two,World Development Indicators (WDI),Annual,Units,Normal value,Public
datastructure,WB.DATA360:DS_DATA360(1.3),I,A,SLV,WB_WDI_SI_POV_GINI,_T,_T,_T,0_TO_100,_Z,_Z,_Z,2005,48.5,_Z,IX,2,WB_WDI,P1Y,0,A,PU,Annual,El Salvador,Gini index,Total,All age ranges or no breakdown by age,Total,0-100 scale,Not Applicable,Not Applicable,Not Applicable,Not Applicable,Index,Two,World Development Indicators (WDI),Annual,Units,Normal value,Public
datastructure,WB.DATA360:DS_DATA360(1.3),I,A,EST,WB_WDI_SI_POV_GINI,_T,_T,_T,0_TO_100,_Z,_Z,_Z,2005,33.4,_Z,IX,2,WB_WDI,P1Y,0,A,PU,Annual,Estonia,Gini index,Total,All age ranges or no breakdown by age,Total,0-100 scale,Not Applicable,Not Applicable,Not Applicable,Not Applicable,Index,Two,World Development Indicators (WDI),Annual,Units,Normal value,Public
datastructure,WB.DATA360:DS_DATA360(1.3),I,A,FIN,WB_WDI_SI_POV_GINI,_T,_T,_T,0_TO_100,_Z,_Z,_Z,2005,27.6,_Z,IX,2,WB_WDI,P1Y,0,A,PU,Annual,Finland,Gini index,Total,All age ranges or no breakdown by age,Total,0-100 scale,Not Applicable,Not Applicable,Not Applicable,Not Applicable,Index,Two,World Development Indicators (WDI),Annual,Units,Normal value,Public
datastructure,WB.DATA360:DS_DATA360(1.3),I,A,FRA,WB_WDI_SI_POV_GINI,_T,_T,_T,0_TO_100,_Z,_Z,_Z,2005,29.8,_Z,IX,2,WB_WDI,P1Y,0,A,PU,Annual,France,Gini index,Total,All age ranges or no breakdown by age,Total,0-100 scale,Not Applicable,Not Applicable,Not Applicable,Not Applicable,Index,Two,World Development Indicators (WDI),Annual,Units,Normal value,Public
datastructure,WB.DATA360:DS_DATA360(1.3),I,A,AUT,WB_WDI_SI_POV_GINI,_T,_T,_T,0_TO_100,_Z,_Z,_Z,2022,30.9,_Z,IX,2,WB_WDI,P1Y,0,A,PU,Annual,Austria,Gini index,Total,All age ranges or no breakdown by age,Total,0-100 scale,Not Applicable,Not Applicable,Not Applicable,Not Applicable,Index,Two,World Development Indicators (WDI),Annual,Units,Normal value,Public
datastructure,WB.DATA360:DS_DATA360(1.3),I,A,BGD,WB_WDI_SI_POV_GINI,_T,_T,_T,0_TO_100,_Z,_Z,_Z,2022,30.9,_Z,IX,2,WB_WDI,P1Y,0,A,PU,Annual,Bangladesh,Gini index,Total,All age ranges or no breakdown by age,Total,0-100 scale,Not Applicable,Not Applicable,Not Applicable,Not Applicable,Index,Two,World Development Indicators (WDI),Annual,Units,Normal value,Public
datastructure,WB.DATA360:DS_DATA360(1.3),I,A,BEL,WB_WDI_SI_POV_GINI,_T,_T,_T,0_TO_100,_Z,_Z,_Z,2022,26.4,_Z,IX,2,WB_WDI,P1Y,0,A,PU,Annual,Belgium,Gini index,Total,All age ranges or no breakdown by age,Total,0-100 scale,Not Applicable,Not Applicable,Not Applicable,Not Applicable,Index,Two,World Development Indicators (WDI),Annual,Units,Normal value,Public
datastructure,WB.DATA360:DS_DATA360(1.3),I,A,BEL,WB_WDI_SI_POV_GINI,_T,_T,_T,0_TO_100,_Z,_Z,_Z,2021,26.6,_Z,IX,2,WB_WDI,P1Y,0,A,PU,Annual,Belgium,Gini index,Total,All age ranges or no breakdown by age,Total,0-100 scale,Not Applicable,Not Applicable,Not Applicable,Not Applicable,Index,Two,World Development Indicators (WDI),Annual,Units,Normal value,Public
datastructure,WB.DATA360:DS_DATA360(1.3),I,A,BEN,WB_WDI_SI_POV_GINI,_T,_T,_T,0_TO_100,_Z,_Z,_Z,2021,34.4,_Z,IX,2,WB_WDI,P1Y,0,A,PU,Annual,Benin,Gini index,Total,All age ranges or no breakdown by age,Total,0-100 scale,Not Applicable,Not Applicable,Not Applicable,Not Applicable,Index,Two,World Development Indicators (WDI),Annual,Units,Normal value,Public
datastructure,WB.DATA360:DS_DATA360(1.3),I,A,BOL,WB_WDI_SI_POV_GINI,_T,_T,_T,0_TO_100,_Z,_Z,_Z,2021,40.9,_Z,IX,2,WB_WDI,P1Y,0,A,PU,Annual,Bolivia,Gini index,Total,All age ranges or no breakdown by age,Total,0-100 scale,Not Applicable,Not Applicable,Not Applicable,Not Applicable,Index,Two,World Development Indicators (WDI),Annual,Units,Normal value,Public
datastructure,WB.DATA360:DS_DATA360(1.3),I,A,BIH,WB_WDI_SI_POV_GINI,_T,_T,_T,0_TO_100,_Z,_Z,_Z,2021,30.3,_Z,IX,2,WB_WDI,P1Y,0,A,PU,Annual,Bosnia and Herzegovina,Gini index,Total,All age ranges or no breakdown by age,Total,0-100 scale,Not Applicable,Not Applicable,Not Applicable,Not Applicable,Index,Two,World Development Indicators (WDI),Annual,Units,Normal value,Public
datastructure,WB.DATA360:DS_DATA360(1.3),I,A,BRA,WB_WDI_SI_POV_GINI,_T,_T,_T,0_TO_100,_Z,_Z,_Z,2021,52.9,_Z,IX,2,WB_WDI,P1Y,0,A,PU,Annual,Brazil,Gini index,Total,All age ranges or no breakdown by age,Total,0-100 scale,Not Applicable,Not Applicable,Not Applicable,Not Applicable,Index,Two,World Development Indicators (WDI),Annual,Units,Normal value,Public
datastructure,WB.DATA360:DS_DATA360(1.3),I,A,LUX,WB_WDI_SI_POV_GINI,_T,_T,_T,0_TO_100,_Z,_Z,_Z,2015,32.9,_Z,IX,2,WB_WDI,P1Y,0,A,PU,Annual,Luxembourg,Gini index,Total,All age ranges or no breakdown by age,Total,0-100 scale,Not Applicable,Not Applicable,Not Applicable,Not Applicable,Index,Two,World Development Indicators (WDI),Annual,Units,Normal value,Public
datastructure,WB.DATA360:DS_DATA360(1.3),I,A,MYS,WB_WDI_SI_POV_GINI,_T,_T,_T,0_TO_100,_Z,_Z,_Z,2015,41.1,_Z,IX,2,WB_WDI,P1Y,0,A,PU,Annual,Malaysia,Gini index,Total,All age ranges or no breakdown by age,Total,0-100 scale,Not Applicable,Not Applicable,Not Applicable,Not Applicable,Index,Two,World Development Indicators (WDI),Annual,Units,Normal value,Public
datastructure,WB.DATA360:DS_DATA360(1.3),I,A,MLT,WB_WDI_SI_POV_GINI,_T,_T,_T,0_TO_100,_Z,_Z,_Z,2015,29.4,_Z,IX,2,WB_WDI,P1Y,0,A,PU,Annual,Malta,Gini index,Total,All age ranges or no breakdown by age,Total,0-100 scale,Not Applicable,Not Applicable,Not Applicable,Not Applicable,Index,Two,World Development Indicators (WDI),Annual,Units,Normal value,Public
datastructure,WB.DATA360:DS_DATA360(1.3),I,A,KOR,WB_WDI_SI_POV_GINI,_T,_T,_T,0_TO_100,_Z,_Z,_Z,2021,32.9,_Z,IX,2,WB_WDI,P1Y,0,A,PU,Annual,"Korea, Rep.",Gini index,Total,All age ranges or no breakdown by age,Total,0-100 scale,Not Applicable,Not Applicable,Not Applicable,Not Applicable,Index,Two,World Development Indicators (WDI),Annual,Units,Normal value,Public
datastructure,WB.DATA360:DS_DATA360(1.3),I,A,XKX,WB_WDI_SI_POV_GINI,_T,_T,_T,0_TO_100,_Z,_Z,_Z,2021,49.4,_Z,IX,2,WB_WDI,P1Y,0,A,PU,Annual,Kosovo,Gini index,Total,All age ranges or no breakdown by age,Total,0-100 scale,Not Applicable,Not Applicable,Not Applicable,Not Applicable,Index,Two,World Development Indicators (WDI),Annual,Units,Normal value,Public
datastructure,WB.DATA360:DS_DATA360(1.3),I,A,KGZ,WB_WDI_SI_POV_GINI,_T,_T,_T,0_TO_100,_Z,_Z,_Z,2021,28.8,_Z,IX,2,WB_WDI,P1Y,0,A,PU,Annual,Kyrgyz Republic,Gini index,Total,All age ranges or no breakdown by age,Total,0-100 scale,Not Applicable,Not Applicable,Not Applicable,Not Applicable,Index,Two,World Development Indicators (WDI),Annual,Units,Normal value,Public
datastructure,WB.DATA360:DS_DATA360(1.3),I,A,LVA,WB_WDI_SI_POV_GINI,_T,_T,_T,0_TO_100,_Z,_Z,_Z,2021,34.3,_Z,IX,2,WB_WDI,P1Y,0,A,PU,Annual,Latvia,Gini index,Total,All age ranges or no breakdown by age,Total,0-100 scale,Not Applicable,Not Applicable,Not Applicable,Not Applicable,Index,Two,World Development Indicators (WDI),Annual,Units,Normal value,Public
datastructure,WB.DATA360:DS_DATA360(1.3),I,A,LUX,WB_WDI_SI_POV_GINI,_T,_T,_T,0_TO_100,_Z,_Z,_Z,2022,34.1,_Z,IX,2,WB_WDI,P1Y,0,A,PU,Annual,Luxembourg,Gini index,Total,All age ranges or no breakdown by age,Total,0-100 scale,Not Applicable,Not Applicable,Not Applicable,Not Applicable,Index,Two,World Development Indicators (WDI),Annual,Units,Normal value,Public
datastructure,WB.DATA360:DS_DATA360(1.3),I,A,MLT,WB_WDI_SI_POV_GINI,_T,_T,_T,0_TO_100,_Z,_Z,_Z,2022,34.6,_Z,IX,2,WB_WDI,P1Y,0,A,PU,Annual,Malta,Gini index,Total,All age ranges or no breakdown by age,Total,0-100 scale,Not Applicable,Not Applicable,Not Applicable,Not Applicable,Index,Two,World Development Indicators (WDI),Annual,Units,Normal value,Public
datastructure,WB.DATA360:DS_DATA360(1.3),I,A,MEX,WB_WDI_SI_POV_GINI,_T,_T,_T,0_TO_100,_Z,_Z,_Z,2022,43.5,_Z,IX,2,WB_WDI,P1Y,0,A,PU,Annual,Mexico,Gini index,Total,All age ranges or no breakdown by age,Total,0-100 scale,Not Applicable,Not Applicable,Not Applicable,Not Applicable,Index,Two,World Development Indicators (WDI),Annual,Units,Normal value,Public
datastructure,WB.DATA360:DS_DATA360(1.3),I,A,MDA,WB_WDI_SI_POV_GINI,_T,_T,_T,0_TO_100,_Z,_Z,_Z,2022,25.9,_Z,IX,2,WB_WDI,P1Y,0,A,PU,Annual,Moldova,Gini index,Total,All age ranges or no breakdown by age,Total,0-100 scale,Not Applicable,Not Applicable,Not Applicable,Not Applicable,Index,Two,World Development Indicators (WDI),Annual,Units,Normal value,Public
datastructure,WB.DATA360:DS_DATA360(1.3),I,A,MNG,WB_WDI_SI_POV_GINI,_T,_T,_T,0_TO_100,_Z,_Z,_Z,2022,31.4,_Z,IX,2,WB_WDI,P1Y,0,A,PU,Annual,Mongolia,Gini index,Total,All age ranges or no breakdown by age,Total,0-100 scale,Not Applicable,Not Applicable,Not Applicable,Not Applicable,Index,Two,World Development Indicators (WDI),Annual,Units,Normal value,Public
datastructure,WB.DATA360:DS_DATA360(1.3),I,A,MOZ,WB_WDI_SI_POV_GINI,_T,_T,_T,0_TO_100,_Z,_Z,_Z,2022,49.6,_Z,IX,2,WB_WDI,P1Y,0,A,PU,Annual,Mozambique,Gini index,Total,All age ranges or no breakdown by age,Total,0-100 scale,Not Applicable,Not Applicable,Not Applicable,Not Applicable,Index,Two,World Development Indicators (WDI),Annual,Units,Normal value,Public
datastructure,WB.DATA360:DS_DATA360(1.3),I,A,NPL,WB_WDI_SI_POV_GINI,_T,_T,_T,0_TO_100,_Z,_Z,_Z,2022,30.0,_Z,IX,2,WB_WDI,P1Y,0,A,PU,Annual,Nepal,Gini index,Total,All age ranges or no breakdown by age,Total,0-100 scale,Not Applicable,Not Applicable,Not Applicable,Not Applicable,Index,Two,World Development Indicators (WDI),Annual,Units,Normal value,Public
datastructure,WB.DATA360:DS_DATA360(1.3),I,A,PAK,WB_WDI_SI_POV_GINI,_T,_T,_T,0_TO_100,_Z,_Z,_Z,2004,30.9,_Z,IX,2,WB_WDI,P1Y,0,A,PU,Annual,Pakistan,Gini index,Total,All age ranges or no breakdown by age,Total,0-100 scale,Not Applicable,Not Applicable,Not Applicable,Not Applicable,Index,Two,World Development Indicators (WDI),Annual,Units,Normal value,Public
datastructure,WB.DATA360:DS_DATA360(1.3),I,A,PAN,WB_WDI_SI_POV_GINI,_T,_T,_T,0_TO_100,_Z,_Z,_Z,2004,54.8,_Z,IX,2,WB_WDI,P1Y,0,A,PU,Annual,Panama,Gini index,Total,All age ranges or no breakdown by age,Total,0-100 scale,Not Applicable,Not Applicable,Not Applicable,Not Applicable,Index,Two,World Development Indicators (WDI),Annual,Units,Normal value,Public
datastructure,WB.DATA360:DS_DATA360(1.3),I,A,PRY,WB_WDI_SI_POV_GINI,_T,_T,_T,0_TO_100,_Z,_Z,_Z,2004,52.3,_Z,IX,2,WB_WDI,P1Y,0,A,PU,Annual,Paraguay,Gini index,Total,All age ranges or no breakdown by age,Total,0-100 scale,Not Applicable,Not Applicable,Not Applicable,Not Applicable,Index,Two,World Development Indicators (WDI),Annual,Units,Normal value,Public
datastructure,WB.DATA360:DS_DATA360(1.3),I,A,PER,WB_WDI_SI_POV_GINI,_T,_T,_T,0_TO_100,_Z,_Z,_Z,2004,49.9,_Z,IX,2,WB_WDI,P1Y,0,A,PU,Annual,Peru,Gini index,Total,All age ranges or no breakdown by age,Total,0-100 scale,Not Applicable,Not Applicable,Not Applicable,Not Applicable,Index,Two,World Development Indicators (WDI),Annual,Units,Normal value,Public
datastructure,WB.DATA360:DS_DATA360(1.3),I,A,POL,WB_WDI_SI_POV_GINI,_T,_T,_T,0_TO_100,_Z,_Z,_Z,2004,38.0,_Z,IX,2,WB_WDI,P1Y,0,A,PU,Annual,Poland,Gini index,Total,All age ranges or no breakdown by age,Total,0-100 scale,Not Applicable,Not Applicable,Not Applicable,Not Applicable,Index,Two,World Development Indicators (WDI),Annual,Units,Normal value,Public
datastructure,WB.DATA360:DS_DATA360(1.3),I,A,PRT,WB_WDI_SI_POV_GINI,_T,_T,_T,0_TO_100,_Z,_Z,_Z,2004,38.9,_Z,IX,2,WB_WDI,P1Y,0,A,PU,Annual,Portugal,Gini index,Total,All age ranges or no breakdown by age,Total,0-100 scale,Not Applicable,Not Applicable,Not Applicable,Not Applicable,Index,Two,World Development Indicators (WDI),Annual,Units,Normal value,Public
datastructure,WB.DATA360:DS_DATA360(1.3),I,A,ROU,WB_WDI_SI_POV_GINI,_T,_T,_T,0_TO_100,_Z,_Z,_Z,2004,30.0,_Z,IX,2,WB_WDI,P1Y,0,A,PU,Annual,Romania,Gini index,Total,All age ranges or no breakdown by age,Total,0-100 scale,Not Applicable,Not Applicable,Not Applicable,Not Applicable,Index,Two,World Development Indicators (WDI),Annual,Units,Normal value,Public
datastructure,WB.DATA360:DS_DATA360(1.3),I,A,SVK,WB_WDI_SI_POV_GINI,_T,_T,_T,0_TO_100,_Z,_Z,_Z,2008,26.0,_Z,IX,2,WB_WDI,P1Y,0,A,PU,Annual,Slovak Republic,Gini index,Total,All age ranges or no breakdown by age,Total,0-100 scale,Not Applicable,Not Applicable,Not Applicable,Not Applicable,Index,Two,World Development Indicators (WDI),Annual,Units,Normal value,Public
datastructure,WB.DATA360:DS_DATA360(1.3),I,A,SVN,WB_WDI_SI_POV_GINI,_T,_T,_T,0_TO_100,_Z,_Z,_Z,2008,23.7,_Z,IX,2,WB_WDI,P1Y,0,A,PU,Annual,Slovenia,Gini index,Total,All age ranges or no breakdown by age,Total,0-100 scale,Not Applicable,Not Applicable,Not Applicable,Not Applicable,Index,Two,World Development Indicators (WDI),Annual,Units,Normal value,Public
datastructure,WB.DATA360:DS_DATA360(1.3),I,A,ZAF,WB_WDI_SI_POV_GINI,_T,_T,_T,0_TO_100,_Z,_Z,_Z,2008,62.5,_Z,IX,2,WB_WDI,P1Y,0,A,PU,Annual,South Africa,Gini index,Total,All age ranges or no breakdown by age,Total,0-100 scale,Not Applicable,Not Applicable,Not Applicable,Not Applicable,Index,Two,World Development Indicators (WDI),Annual,Units,Normal value,Public
datastructure,WB.DATA360:DS_DATA360(1.3),I,A,ESP,WB_WDI_SI_POV_GINI,_T,_T,_T,0_TO_100,_Z,_Z,_Z,2008,34.2,_Z,IX,2,WB_WDI,P1Y,0,A,PU,Annual,Spain,Gini index,Total,All age ranges or no breakdown by age,Total,0-100 scale,Not Applicable,Not Applicable,Not Applicable,Not Applicable,Index,Two,World Development Indicators (WDI),Annual,Units,Normal value,Public
datastructure,WB.DATA360:DS_DATA360(1.3),I,A,SWE,WB_WDI_SI_POV_GINI,_T,_T,_T,0_TO_100,_Z,_Z,_Z,2001,26.5,_Z,IX,2,WB_WDI,P1Y,0,A,PU,Annual,Sweden,Gini index,Total,All age ranges or no breakdown by age,Total,0-100 scale,Not Applicable,Not Applicable,Not Applicable,Not Applicable,Index,Two,World Development Indicators (WDI),Annual,Units,Normal value,Public
datastructure,WB.DATA360:DS_DATA360(1.3),I,A,TLS,WB_WDI_SI_POV_GINI,_T,_T,_T,0_TO_100,_Z,_Z,_Z,2001,35.9,_Z,IX,2,WB_WDI,P1Y,0,A,PU,Annual,Timor-Leste,Gini index,Total,All age ranges or no breakdown by age,Total,0-100 scale,Not Applicable,Not Applicable,Not Applicable,Not Applicable,Index,Two,World Development Indicators (WDI),Annual,Units,Normal value,Public
datastructure,WB.DATA360:DS_DATA360(1.3),I,A,POL,WB_WDI_SI_POV_GINI,_T,_T,_T,0_TO_100,_Z,_Z,_Z,2022,28.9,_Z,IX,2,WB_WDI,P1Y,0,A,PU,Annual,Poland,Gini index,Total,All age ranges or no breakdown by age,Total,0-100 scale,Not Applicable,Not Applicable,Not Applicable,Not Applicable,Index,Two,World Development Indicators (WDI),Annual,Units,Normal value,Public
datastructure,WB.DATA360:DS_DATA360(1.3),I,A,PRT,WB_WDI_SI_POV_GINI,_T,_T,_T,0_TO_100,_Z,_Z,_Z,2022,36.3,_Z,IX,2,WB_WDI,P1Y,0,A,PU,Annual,Portugal,Gini index,Total,All age ranges or no breakdown by age,Total,0-100 scale,Not Applicable,Not Applicable,Not Applicable,Not Applicable,Index,Two,World Development Indicators (WDI),Annual,Units,Normal value,Public
datastructure,WB.DATA360:DS_DATA360(1.3),I,A,ROU,WB_WDI_SI_POV_GINI,_T,_T,_T,0_TO_100,_Z,_Z,_Z,2022,32.3,_Z,IX,2,WB_WDI,P1Y,0,A,PU,Annual,Romania,Gini index,Total,All age ranges or no breakdown by age,Total,0-100 scale,Not Applicable,Not Applicable,Not Applicable,Not Applicable,Index,Two,World Development Indicators (WDI),Annual,Units,Normal value,Public
datastructure,WB.DATA360:DS_DATA360(1.3),I,A,RUS,WB_WDI_SI_POV_GINI,_T,_T,_T,0_TO_100,_Z,_Z,_Z,2022,33.9,_Z,IX,2,WB_WDI,P1Y,0,A,PU,Annual,Russian Federation,Gini index,Total,All age ranges or no breakdown by age,Total,0-100 scale,Not Applicable,Not Applicable,Not Applicable,Not Applicable,Index,Two,World Development Indicators (WDI),Annual,Units,Normal value,Public
datastructure,WB.DATA360:DS_DATA360(1.3),I,A,ESP,WB_WDI_SI_POV_GINI,_T,_T,_T,0_TO_100,_Z,_Z,_Z,2021,33.9,_Z,IX,2,WB_WDI,P1Y,0,A,PU,Annual,Spain,Gini index,Total,All age ranges or no breakdown by age,Total,0-100 scale,Not Applicable,Not Applicable,Not Applicable,Not Applicable,Index,Two,World Development Indicators (WDI),Annual,Units,Normal value,Public
datastructure,WB.DATA360:DS_DATA360(1.3),I,A,SWE,WB_WDI_SI_POV_GINI,_T,_T,_T,0_TO_100,_Z,_Z,_Z,2021,29.8,_Z,IX,2,WB_WDI,P1Y,0,A,PU,Annual,Sweden,Gini index,Total,All age ranges or no breakdown by age,Total,0-100 scale,Not Applicable,Not Applicable,Not Applicable,Not Applicable,Index,Two,World Development Indicators (WDI),Annual,Units,Normal value,Public
datastructure,WB.DATA360:DS_DATA360(1.3),I,A,CHE,WB_WDI_SI_POV_GINI,_T,_T,_T,0_TO_100,_Z,_Z,_Z,2021,33.8,_Z,IX,2,WB_WDI,P1Y,0,A,PU,Annual,Switzerland,Gini index,Total,All age ranges or no breakdown by age,Total,0-100 scale,Not Applicable,Not Applicable,Not Applicable,Not Applicable,Index,Two,World Development Indicators (WDI),Annual,Units,Normal value,Public
datastructure,WB.DATA360:DS_DATA360(1.3),I,A,SRB,WB_WDI_SI_POV_GINI,_T,_T,_T,0_TO_100,_Z,_Z,_Z,2022,32.8,_Z,IX,2,WB_WDI,P1Y,0,A,PU,Annual,Serbia,Gini index,Total,All age ranges or no breakdown by age,Total,0-100 scale,Not Applicable,Not Applicable,Not Applicable,Not Applicable,Index,Two,World Development Indicators (WDI),Annual,Units,Normal value,Public
datastructure,WB.DATA360:DS_DATA360(1.3),I,A,SVK,WB_WDI_SI_POV_GINI,_T,_T,_T,0_TO_100,_Z,_Z,_Z,2022,24.1,_Z,IX,2,WB_WDI,P1Y,0,A,PU,Annual,Slovak Republic,Gini index,Total,All age ranges or no breakdown by age,Total,0-100 scale,Not Applicable,Not Applicable,Not Applicable,Not Applicable,Index,Two,World Development Indicators (WDI),Annual,Units,Normal value,Public
datastructure,WB.DATA360:DS_DATA360(1.3),I,A,SVN,WB_WDI_SI_POV_GINI,_T,_T,_T,0_TO_100,_Z,_Z,_Z,2022,24.3,_Z,IX,2,WB_WDI,P1Y,0,A,PU,Annual,Slovenia,Gini index,Total,All age ranges or no breakdown by age,Total,0-100 scale,Not Applicable,Not Applicable,Not Applicable,Not Applicable,Index,Two,World Development Indicators (WDI),Annual,Units,Normal value,Public
datastructure,WB.DATA360:DS_DATA360(1.3),I,A,ZAF,WB_WDI_SI_POV_GINI,_T,_T,_T,0_TO_100,_Z,_Z,_Z,2022,54.1,_Z,IX,2,WB_WDI,P1Y,0,A,PU,Annual,South Africa,Gini index,Total,All age ranges or no breakdown by age,Total,0-100 scale,Not Applicable,Not Applicable,Not Applicable,Not Applicable,Index,Two,World Development Indicators (WDI),Annual,Units,Normal value,Public
datastructure,WB.DATA360:DS_DATA360(1.3),I,A,ESP,WB_WDI_SI_POV_GINI,_T,_T,_T,0_TO_100,_Z,_Z,_Z,2022,33.6,_Z,IX,2,WB_WDI,P1Y,0,A,PU,Annual,Spain,Gini index,Total,All age ranges or no breakdown by age,Total,0-100 scale,Not Applicable,Not Applicable,Not Applicable,Not Applicable,Index,Two,World Development Indicators (WDI),Annual,Units,Normal value,Public
datastructure,WB.DATA360:DS_DATA360(1.3),I,A,AUT,WB_WDI_SI_POV_GINI,_T,_T,_T,0_TO_100,_Z,_Z,_Z,2023,31.2,_Z,IX,2,WB_WDI,P1Y,0,A,PU,Annual,Austria,Gini index,Total,All age ranges or no breakdown by age,Total,0-100 scale,Not Applicable,Not Applicable,Not Applicable,Not Applicable,Index,Two,World Development Indicators (WDI),Annual,Units,Normal value,Public
datastructure,WB.DATA360:DS_DATA360(1.3),I,A,BEL,WB_WDI_SI_POV_GINI,_T,_T,_T,0_TO_100,_Z,_Z,_Z,2023,26.8,_Z,IX,2,WB_WDI,P1Y,0,A,PU,Annual,Belgium,Gini index,Total,All age ranges or no breakdown by age,Total,0-100 scale,Not Applicable,Not Applicable,Not Applicable,Not Applicable,Index,Two,World Development Indicators (WDI),Annual,Units,Normal value,Public
datastructure,WB.DATA360:DS_DATA360(1.3),I,A,NOR,WB_WDI_SI_POV_GINI,_T,_T,_T,0_TO_100,_Z,_Z,_Z,2005,30.6,_Z,IX,2,WB_WDI,P1Y,0,A,PU,Annual,Norway,Gini index,Total,All age ranges or no breakdown by age,Total,0-100 scale,Not Applicable,Not Applicable,Not Applicable,Not Applicable,Index,Two,World Development Indicators (WDI),Annual,Units,Normal value,Public
datastructure,WB.DATA360:DS_DATA360(1.3),I,A,PAK,WB_WDI_SI_POV_GINI,_T,_T,_T,0_TO_100,_Z,_Z,_Z,2005,31.3,_Z,IX,2,WB_WDI,P1Y,0,A,PU,Annual,Pakistan,Gini index,Total,All age ranges or no breakdown by age,Total,0-100 scale,Not Applicable,Not Applicable,Not Applicable,Not Applicable,Index,Two,World Development Indicators (WDI),Annual,Units,Normal value,Public
datastructure,WB.DATA360:DS_DATA360(1.3),I,A,PAN,WB_WDI_SI_POV_GINI,_T,_T,_T,0_TO_100,_Z,_Z,_Z,2005,53.8,_Z,IX,2,WB_WDI,P1Y,0,A,PU,Annual,Panama,Gini index,Total,All age ranges or no breakdown by age,Total,0-100 scale,Not Applicable,Not Applicable,Not Applicable,Not Applicable,Index,Two,World Development Indicators (WDI),Annual,Units,Normal value,Public
datastructure,WB.DATA360:DS_DATA360(1.3),I,A,PRY,WB_WDI_SI_POV_GINI,_T,_T,_T,0_TO_100,_Z,_Z,_Z,2005,51.4,_Z,IX,2,WB_WDI,P1Y,0,A,PU,Annual,Paraguay,Gini index,Total,All age ranges or no breakdown by age,Total,0-100 scale,Not Applicable,Not Applicable,Not Applicable,Not Applicable,Index,Two,World Development Indicators (WDI),Annual,Units,Normal value,Public
datastructure,WB.DATA360:DS_DATA360(1.3),I,A,PER,WB_WDI_SI_POV_GINI,_T,_T,_T,0_TO_100,_Z,_Z,_Z,2005,50.4,_Z,IX,2,WB_WDI,P1Y,0,A,PU,Annual,Peru,Gini index,Total,All age ranges or no breakdown by age,Total,0-100 scale,Not Applicable,Not Applicable,Not Applicable,Not Applicable,Index,Two,World Development Indicators (WDI),Annual,Units,Normal value,Public
datastructure,WB.DATA360:DS_DATA360(1.3),I,A,POL,WB_WDI_SI_POV_GINI,_T,_T,_T,0_TO_100,_Z,_Z,_Z,2005,35.8,_Z,IX,2,WB_WDI,P1Y,0,A,PU,Annual,Poland,Gini index,Total,All age ranges or no breakdown by age,Total,0-100 scale,Not Applicable,Not Applicable,Not Applicable,Not Applicable,Index,Two,World Development Indicators (WDI),Annual,Units,Normal value,Public
datastructure,WB.DATA360:DS_DATA360(1.3),I,A,PRT,WB_WDI_SI_POV_GINI,_T,_T,_T,0_TO_100,_Z,_Z,_Z,2005,38.5,_Z,IX,2,WB_WDI,P1Y,0,A,PU,Annual,Portugal,Gini index,Total,All age ranges or no breakdown by age,Total,0-100 scale,Not Applicable,Not Applicable,Not Applicable,Not Applicable,Index,Two,World Development Indicators (WDI),Annual,Units,Normal value,Public
datastructure,WB.DATA360:DS_DATA360(1.3),I,A,SVK,WB_WDI_SI_POV_GINI,_T,_T,_T,0_TO_100,_Z,_Z,_Z,2015,26.5,_Z,IX,2,WB_WDI,P1Y,0,A,PU,Annual,Slovak Republic,Gini index,Total,All age ranges or no breakdown by age,Total,0-100 scale,Not Applicable,Not Applicable,Not Applicable,Not Applicable,Index,Two,World Development Indicators (WDI),Annual,Units,Normal value,Public
datastructure,WB.DATA360:DS_DATA360(1.3),I,A,SVN,WB_WDI_SI_POV_GINI,_T,_T,_T,0_TO_100,_Z,_Z,_Z,2015,25.4,_Z,IX,2,WB_WDI,P1Y,0,A,PU,Annual,Slovenia,Gini index,Total,All age ranges or no breakdown by age,Total,0-100 scale,Not Applicable,Not Applicable,Not Applicable,Not Applicable,Index,Two,World Development Indicators (WDI),Annual,Units,Normal value,Public
datastructure,WB.DATA360:DS_DATA360(1.3),I,A,ESP,WB_WDI_SI_POV_GINI,_T,_T,_T,0_TO_100,_Z,_Z,_Z,2015,36.2,_Z,IX,2,WB_WDI,P1Y,0,A,PU,Annual,Spain,Gini index,Total,All age ranges or no breakdown by age,Total,0-100 scale,Not Applicable,Not Applicable,Not Applicable,Not Applicable,Index,Two,World Development Indicators (WDI),Annual,Units,Normal value,Public
datastructure,WB.DATA360:DS_DATA360(1.3),I,A,LCA,WB_WDI_SI_POV_GINI,_T,_T,_T,0_TO_100,_Z,_Z,_Z,2015,43.7,_Z,IX,2,WB_WDI,P1Y,0,A,PU,Annual,St. Lucia,Gini index,Total,All age ranges or no breakdown by age,Total,0-100 scale,Not Applicable,Not Applicable,Not Applicable,Not Applicable,Index,Two,World Development Indicators (WDI),Annual,Units,Normal value,Public
datastructure,WB.DATA360:DS_DATA360(1.3),I,A,CYP,WB_WDI_SI_POV_GINI,_T,_T,_T,0_TO_100,_Z,_Z,_Z,2023,31.8,_Z,IX,2,WB_WDI,P1Y,0,A,PU,Annual,Cyprus,Gini index,Total,All age ranges or no breakdown by age,Total,0-100 scale,Not Applicable,Not Applicable,Not Applicable,Not Applicable,Index,Two,World Development Indicators (WDI),Annual,Units,Normal value,Public
datastructure,WB.DATA360:DS_DATA360(1.3),I,A,CZE,WB_WDI_SI_POV_GINI,_T,_T,_T,0_TO_100,_Z,_Z,_Z,2023,25.7,_Z,IX,2,WB_WDI,P1Y,0,A,PU,Annual,Czechia,Gini index,Total,All age ranges or no breakdown by age,Total,0-100 scale,Not Applicable,Not Applicable,Not Applicable,Not Applicable,Index,Two,World Development Indicators (WDI),Annual,Units,Normal value,Public
datastructure,WB.DATA360:DS_DATA360(1.3),I,A,DNK,WB_WDI_SI_POV_GINI,_T,_T,_T,0_TO_100,_Z,_Z,_Z,2023,29.9,_Z,IX,2,WB_WDI,P1Y,0,A,PU,Annual,Denmark,Gini index,Total,All age ranges or no breakdown by age,Total,0-100 scale,Not Applicable,Not Applicable,Not Applicable,Not Applicable,Index,Two,World Development Indicators (WDI),Annual,Units,Normal value,Public
datastructure,WB.DATA360:DS_DATA360(1.3),I,A,DOM,WB_WDI_SI_POV_GINI,_T,_T,_T,0_TO_100,_Z,_Z,_Z,2023,38.4,_Z,IX,2,WB_WDI,P1Y,0,A,PU,Annual,Dominican Republic,Gini index,Total,All age ranges or no breakdown by age,Total,0-100 scale,Not Applicable,Not Applicable,Not Applicable,Not Applicable,Index,Two,World Development Indicators (WDI),Annual,Units,Normal value,Public
datastructure,WB.DATA360:DS_DATA360(1.3),I,A,ECU,WB_WDI_SI_POV_GINI,_T,_T,_T,0_TO_100,_Z,_Z,_Z,2023,44.6,_Z,IX,2,WB_WDI,P1Y,0,A,PU,Annual,Ecuador,Gini index,Total,All age ranges or no breakdown by age,Total,0-100 scale,Not Applicable,Not Applicable,Not Applicable,Not Applicable,Index,Two,World Development Indicators (WDI),Annual,Units,Normal value,Public
datastructure,WB.DATA360:DS_DATA360(1.3),I,A,SLV,WB_WDI_SI_POV_GINI,_T,_T,_T,0_TO_100,_Z,_Z,_Z,2023,39.8,_Z,IX,2,WB_WDI,P1Y,0,A,PU,Annual,El Salvador,Gini index,Total,All age ranges or no breakdown by age,Total,0-100 scale,Not Applicable,Not Applicable,Not Applicable,Not Applicable,Index,Two,World Development Indicators (WDI),Annual,Units,Normal value,Public
datastructure,WB.DATA360:DS_DATA360(1.3),I,A,EST,WB_WDI_SI_POV_GINI,_T,_T,_T,0_TO_100,_Z,_Z,_Z,2023,30.7,_Z,IX,2,WB_WDI,P1Y,0,A,PU,Annual,Estonia,Gini index,Total,All age ranges or no breakdown by age,Total,0-100 scale,Not Applicable,Not Applicable,Not Applicable,Not Applicable,Index,Two,World Development Indicators (WDI),Annual,Units,Normal value,Public
datastructure,WB.DATA360:DS_DATA360(1.3),I,A,HND,WB_WDI_SI_POV_GINI,_T,_T,_T,0_TO_100,_Z,_Z,_Z,1997,52.7,_Z,IX,2,WB_WDI,P1Y,0,A,PU,Annual,Honduras,Gini index,Total,All age ranges or no breakdown by age,Total,0-100 scale,Not Applicable,Not Applicable,Not Applicable,Not Applicable,Index,Two,World Development Indicators (WDI),Annual,Units,Normal value,Public
datastructure,WB.DATA360:DS_DATA360(1.3),I,A,ISR,WB_WDI_SI_POV_GINI,_T,_T,_T,0_TO_100,_Z,_Z,_Z,1997,38.1,_Z,IX,2,WB_WDI,P1Y,0,A,PU,Annual,Israel,Gini index,Total,All age ranges or no breakdown by age,Total,0-100 scale,Not Applicable,Not Applicable,Not Applicable,Not Applicable,Index,Two,World Development Indicators (WDI),Annual,Units,Normal value,Public
datastructure,WB.DATA360:DS_DATA360(1.3),I,A,DNK,WB_WDI_SI_POV_GINI,_T,_T,_T,0_TO_100,_Z,_Z,_Z,2006,25.9,_Z,IX,2,WB_WDI,P1Y,0,A,PU,Annual,Denmark,Gini index,Total,All age ranges or no breakdown by age,Total,0-100 scale,Not Applicable,Not Applicable,Not Applicable,Not Applicable,Index,Two,World Development Indicators (WDI),Annual,Units,Normal value,Public
datastructure,WB.DATA360:DS_DATA360(1.3),I,A,DOM,WB_WDI_SI_POV_GINI,_T,_T,_T,0_TO_100,_Z,_Z,_Z,2006,52.0,_Z,IX,2,WB_WDI,P1Y,0,A,PU,Annual,Dominican Republic,Gini index,Total,All age ranges or no breakdown by age,Total,0-100 scale,Not Applicable,Not Applicable,Not Applicable,Not Applicable,Index,Two,World Development Indicators (WDI),Annual,Units,Normal value,Public
datastructure,WB.DATA360:DS_DATA360(1.3),I,A,ECU,WB_WDI_SI_POV_GINI,_T,_T,_T,0_TO_100,_Z,_Z,_Z,2006,52.3,_Z,IX,2,WB_WDI,P1Y,0,A,PU,Annual,Ecuador,Gini index,Total,All age ranges or no breakdown by age,Total,0-100 scale,Not Applicable,Not Applicable,Not Applicable,Not Applicable,Index,Two,World Development Indicators (WDI),Annual,Units,Normal value,Public
datastructure,WB.DATA360:DS_DATA360(1.3),I,A,SLV,WB_WDI_SI_POV_GINI,_T,_T,_T,0_TO_100,_Z,_Z,_Z,2006,45.7,_Z,IX,2,WB_WDI,P1Y,0,A,PU,Annual,El Salvador,Gini index,Total,All age ranges or no breakdown by age,Total,0-100 scale,Not Applicable,Not Applicable,Not Applicable,Not Applicable,Index,Two,World Development Indicators (WDI),Annual,Units,Normal value,Public
datastructure,WB.DATA360:DS_DATA360(1.3),I,A,EST,WB_WDI_SI_POV_GINI,_T,_T,_T,0_TO_100,_Z,_Z,_Z,2006,33.7,_Z,IX,2,WB_WDI,P1Y,0,A,PU,Annual,Estonia,Gini index,Total,All age ranges or no breakdown by age,Total,0-100 scale,Not Applicable,Not Applicable,Not Applicable,Not Applicable,Index,Two,World Development Indicators (WDI),Annual,Units,Normal value,Public
datastructure,WB.DATA360:DS_DATA360(1.3),I,A,GNQ,WB_WDI_SI_POV_GINI,_T,_T,_T,0_TO_100,_Z,_Z,_Z,2022,38.5,_Z,IX,2,WB_WDI,P1Y,0,A,PU,Annual,Equatorial Guinea,Gini index,Total,All age ranges or no breakdown by age,Total,0-100 scale,Not Applicable,Not Applicable,Not Applicable,Not Applicable,Index,Two,World Development Indicators (WDI),Annual,Units,Normal value,Public
datastructure,WB.DATA360:DS_DATA360(1.3),I,A,EST,WB_WDI_SI_POV_GINI,_T,_T,_T,0_TO_100,_Z,_Z,_Z,2022,32.3,_Z,IX,2,WB_WDI,P1Y,0,A,PU,Annual,Estonia,Gini index,Total,All age ranges or no breakdown by age,Total,0-100 scale,Not Applicable,Not Applicable,Not Applicable,Not Applicable,Index,Two,World Development Indicators (WDI),Annual,Units,Normal value,Public
datastructure,WB.DATA360:DS_DATA360(1.3),I,A,FIN,WB_WDI_SI_POV_GINI,_T,_T,_T,0_TO_100,_Z,_Z,_Z,2022,27.9,_Z,IX,2,WB_WDI,P1Y,0,A,PU,Annual,Finland,Gini index,Total,All age ranges or no breakdown by age,Total,0-100 scale,Not Applicable,Not Applicable,Not Applicable,Not Applicable,Index,Two,World Development Indicators (WDI),Annual,Units,Normal value,Public
datastructure,WB.DATA360:DS_DATA360(1.3),I,A,FRA,WB_WDI_SI_POV_GINI,_T,_T,_T,0_TO_100,_Z,_Z,_Z,2022,31.2,_Z,IX,2,WB_WDI,P1Y,0,A,PU,Annual,France,Gini index,Total,All age ranges or no breakdown by age,Total,0-100 scale,Not Applicable,Not Applicable,Not Applicable,Not Applicable,Index,Two,World Development Indicators (WDI),Annual,Units,Normal value,Public
datastructure,WB.DATA360:DS_DATA360(1.3),I,A,GEO,WB_WDI_SI_POV_GINI,_T,_T,_T,0_TO_100,_Z,_Z,_Z,2022,33.5,_Z,IX,2,WB_WDI,P1Y,0,A,PU,Annual,Georgia,Gini index,Total,All age ranges or no breakdown by age,Total,0-100 scale,Not Applicable,Not Applicable,Not Applicable,Not Applicable,Index,Two,World Development Indicators (WDI),Annual,Units,Normal value,Public
datastructure,WB.DATA360:DS_DATA360(1.3),I,A,DEU,WB_WDI_SI_POV_GINI,_T,_T,_T,0_TO_100,_Z,_Z,_Z,2022,33.7,_Z,IX,2,WB_WDI,P1Y,0,A,PU,Annual,Germany,Gini index,Total,All age ranges or no breakdown by age,Total,0-100 scale,Not Applicable,Not Applicable,Not Applicable,Not Applicable,Index,Two,World Development Indicators (WDI),Annual,Units,Normal value,Public
datastructure,WB.DATA360:DS_DATA360(1.3),I,A,GRC,WB_WDI_SI_POV_GINI,_T,_T,_T,0_TO_100,_Z,_Z,_Z,2022,33.4,_Z,IX,2,WB_WDI,P1Y,0,A,PU,Annual,Greece,Gini index,Total,All age ranges or no breakdown by age,Total,0-100 scale,Not Applicable,Not Applicable,Not Applicable,Not Applicable,Index,Two,World Development Indicators (WDI),Annual,Units,Normal value,Public
datastructure,WB.DATA360:DS_DATA360(1.3),I,A,ITA,WB_WDI_SI_POV_GINI,_T,_T,_T,0_TO_100,_Z,_Z,_Z,1998,36.7,_Z,IX,2,WB_WDI,P1Y,0,A,PU,Annual,Italy,Gini index,Total,All age ranges or no breakdown by age,Total,0-100 scale,Not Applicable,Not Applicable,Not Applicable,Not Applicable,Index,Two,World Development Indicators (WDI),Annual,Units,Normal value,Public
datastructure,WB.DATA360:DS_DATA360(1.3),I,A,KGZ,WB_WDI_SI_POV_GINI,_T,_T,_T,0_TO_100,_Z,_Z,_Z,1998,46.3,_Z,IX,2,WB_WDI,P1Y,0,A,PU,Annual,Kyrgyz Republic,Gini index,Total,All age ranges or no breakdown by age,Total,0-100 scale,Not Applicable,Not Applicable,Not Applicable,Not Applicable,Index,Two,World Development Indicators (WDI),Annual,Units,Normal value,Public
datastructure,WB.DATA360:DS_DATA360(1.3),I,A,ESP,WB_WDI_SI_POV_GINI,_T,_T,_T,0_TO_100,_Z,_Z,_Z,1998,34.6,_Z,IX,2,WB_WDI,P1Y,0,A,PU,Annual,Spain,Gini index,Total,All age ranges or no breakdown by age,Total,0-100 scale,Not Applicable,Not Applicable,Not Applicable,Not Applicable,Index,Two,World Development Indicators (WDI),Annual,Units,Normal value,Public
datastructure,WB.DATA360:DS_DATA360(1.3),I,A,THA,WB_WDI_SI_POV_GINI,_T,_T,_T,0_TO_100,_Z,_Z,_Z,1998,41.5,_Z,IX,2,WB_WDI,P1Y,0,A,PU,Annual,Thailand,Gini index,Total,All age ranges or no breakdown by age,Total,0-100 scale,Not Applicable,Not Applicable,Not Applicable,Not Applicable,Index,Two,World Development Indicators (WDI),Annual,Units,Normal value,Public
datastructure,WB.DATA360:DS_DATA360(1.3),I,A,GIN,WB_WDI_SI_POV_GINI,_T,_T,_T,0_TO_100,_Z,_Z,_Z,1991,45.6,_Z,IX,2,WB_WDI,P1Y,0,A,PU,Annual,Guinea,Gini index,Total,All age ranges or no breakdown by age,Total,0-100 scale,Not Applicable,Not Applicable,Not Applicable,Not Applicable,Index,Two,World Development Indicators (WDI),Annual,Units,Normal value,Public
datastructure,WB.DATA360:DS_DATA360(1.3),I,A,GNB,WB_WDI_SI_POV_GINI,_T,_T,_T,0_TO_100,_Z,_Z,_Z,1991,55.8,_Z,IX,2,WB_WDI,P1Y,0,A,PU,Annual,Guinea-Bissau,Gini index,Total,All age ranges or no breakdown by age,Total,0-100 scale,Not Applicable,Not Applicable,Not Applicable,Not Applicable,Index,Two,World Development Indicators (WDI),Annual,Units,Normal value,Public
datastructure,WB.DATA360:DS_DATA360(1.3),I,A,HND,WB_WDI_SI_POV_GINI,_T,_T,_T,0_TO_100,_Z,_Z,_Z,1991,51.8,_Z,IX,2,WB_WDI,P1Y,0,A,PU,Annual,Honduras,Gini index,Total,All age ranges or no breakdown by age,Total,0-100 scale,Not Applicable,Not Applicable,Not Applicable,Not Applicable,Index,Two,World Development Indicators (WDI),Annual,Units,Normal value,Public
datastructure,WB.DATA360:DS_DATA360(1.3),I,A,HUN,WB_WDI_SI_POV_GINI,_T,_T,_T,0_TO_100,_Z,_Z,_Z,1991,29.6,_Z,IX,2,WB_WDI,P1Y,0,A,PU,Annual,Hungary,Gini index,Total,All age ranges or no breakdown by age,Total,0-100 scale,Not Applicable,Not Applicable,Not Applicable,Not Applicable,Index,Two,World Development Indicators (WDI),Annual,Units,Normal value,Public
datastructure,WB.DATA360:DS_DATA360(1.3),I,A,IRN,WB_WDI_SI_POV_GINI,_T,_T,_T,0_TO_100,_Z,_Z,_Z,1994,43.0,_Z,IX,2,WB_WDI,P1Y,0,A,PU,Annual,"Iran, Islamic Rep.",Gini index,Total,All age ranges or no breakdown by age,Total,0-100 scale,Not Applicable,Not Applicable,Not Applicable,Not Applicable,Index,Two,World Development Indicators (WDI),Annual,Units,Normal value,Public
datastructure,WB.DATA360:DS_DATA360(1.3),I,A,IRL,WB_WDI_SI_POV_GINI,_T,_T,_T,0_TO_100,_Z,_Z,_Z,1994,36.9,_Z,IX,2,WB_WDI,P1Y,0,A,PU,Annual,Ireland,Gini index,Total,All age ranges or no breakdown by age,Total,0-100 scale,Not Applicable,Not Applicable,Not Applicable,Not Applicable,Index,Two,World Development Indicators (WDI),Annual,Units,Normal value,Public
datastructure,WB.DATA360:DS_DATA360(1.3),I,A,KEN,WB_WDI_SI_POV_GINI,_T,_T,_T,0_TO_100,_Z,_Z,_Z,1994,43.1,_Z,IX,2,WB_WDI,P1Y,0,A,PU,Annual,Kenya,Gini index,Total,All age ranges or no breakdown by age,Total,0-100 scale,Not Applicable,Not Applicable,Not Applicable,Not Applicable,Index,Two,World Development Indicators (WDI),Annual,Units,Normal value,Public
datastructure,WB.DATA360:DS_DATA360(1.3),I,A,CZE,WB_WDI_SI_POV_GINI,_T,_T,_T,0_TO_100,_Z,_Z,_Z,2021,26.2,_Z,IX,2,WB_WDI,P1Y,0,A,PU,Annual,Czechia,Gini index,Total,All age ranges or no breakdown by age,Total,0-100 scale,Not Applicable,Not Applicable,Not Applicable,Not Applicable,Index,Two,World Development Indicators (WDI),Annual,Units,Normal value,Public
datastructure,WB.DATA360:DS_DATA360(1.3),I,A,DNK,WB_WDI_SI_POV_GINI,_T,_T,_T,0_TO_100,_Z,_Z,_Z,2021,28.3,_Z,IX,2,WB_WDI,P1Y,0,A,PU,Annual,Denmark,Gini index,Total,All age ranges or no breakdown by age,Total,0-100 scale,Not Applicable,Not Applicable,Not Applicable,Not Applicable,Index,Two,World Development Indicators (WDI),Annual,Units,Normal value,Public
datastructure,WB.DATA360:DS_DATA360(1.3),I,A,DOM,WB_WDI_SI_POV_GINI,_T,_T,_T,0_TO_100,_Z,_Z,_Z,2021,38.5,_Z,IX,2,WB_WDI,P1Y,0,A,PU,Annual,Dominican Republic,Gini index,Total,All age ranges or no breakdown by age,Total,0-100 scale,Not Applicable,Not Applicable,Not Applicable,Not Applicable,Index,Two,World Development Indicators (WDI),Annual,Units,Normal value,Public
datastructure,WB.DATA360:DS_DATA360(1.3),I,A,ECU,WB_WDI_SI_POV_GINI,_T,_T,_T,0_TO_100,_Z,_Z,_Z,2021,45.8,_Z,IX,2,WB_WDI,P1Y,0,A,PU,Annual,Ecuador,Gini index,Total,All age ranges or no breakdown by age,Total,0-100 scale,Not Applicable,Not Applicable,Not Applicable,Not Applicable,Index,Two,World Development Indicators (WDI),Annual,Units,Normal value,Public
datastructure,WB.DATA360:DS_DATA360(1.3),I,A,EGY,WB_WDI_SI_POV_GINI,_T,_T,_T,0_TO_100,_Z,_Z,_Z,2021,28.5,_Z,IX,2,WB_WDI,P1Y,0,A,PU,Annual,"Egypt, Arab Rep.",Gini index,Total,All age ranges or no breakdown by age,Total,0-100 scale,Not Applicable,Not Applicable,Not Applicable,Not Applicable,Index,Two,World Development Indicators (WDI),Annual,Units,Normal value,Public
datastructure,WB.DATA360:DS_DATA360(1.3),I,A,SLV,WB_WDI_SI_POV_GINI,_T,_T,_T,0_TO_100,_Z,_Z,_Z,2021,39.0,_Z,IX,2,WB_WDI,P1Y,0,A,PU,Annual,El Salvador,Gini index,Total,All age ranges or no breakdown by age,Total,0-100 scale,Not Applicable,Not Applicable,Not Applicable,Not Applicable,Index,Two,World Development Indicators (WDI),Annual,Units,Normal value,Public
datastructure,WB.DATA360:DS_DATA360(1.3),I,A,EST,WB_WDI_SI_POV_GINI,_T,_T,_T,0_TO_100,_Z,_Z,_Z,2021,31.8,_Z,IX,2,WB_WDI,P1Y,0,A,PU,Annual,Estonia,Gini index,Total,All age ranges or no breakdown by age,Total,0-100 scale,Not Applicable,Not Applicable,Not Applicable,Not Applicable,Index,Two,World Development Indicators (WDI),Annual,Units,Normal value,Public
datastructure,WB.DATA360:DS_DATA360(1.3),I,A,CRI,WB_WDI_SI_POV_GINI,_T,_T,_T,0_TO_100,_Z,_Z,_Z,2015,48.4,_Z,IX,2,WB_WDI,P1Y,0,A,PU,Annual,Costa Rica,Gini index,Total,All age ranges or no breakdown by age,Total,0-100 scale,Not Applicable,Not Applicable,Not Applicable,Not Applicable,Index,Two,World Development Indicators (WDI),Annual,Units,Normal value,Public
datastructure,WB.DATA360:DS_DATA360(1.3),I,A,CIV,WB_WDI_SI_POV_GINI,_T,_T,_T,0_TO_100,_Z,_Z,_Z,2015,41.5,_Z,IX,2,WB_WDI,P1Y,0,A,PU,Annual,Côte d’Ivoire,Gini index,Total,All age ranges or no breakdown by age,Total,0-100 scale,Not Applicable,Not Applicable,Not Applicable,Not Applicable,Index,Two,World Development Indicators (WDI),Annual,Units,Normal value,Public
datastructure,WB.DATA360:DS_DATA360(1.3),I,A,HRV,WB_WDI_SI_POV_GINI,_T,_T,_T,0_TO_100,_Z,_Z,_Z,2015,31.1,_Z,IX,2,WB_WDI,P1Y,0,A,PU,Annual,Croatia,Gini index,Total,All age ranges or no breakdown by age,Total,0-100 scale,Not Applicable,Not Applicable,Not Applicable,Not Applicable,Index,Two,World Development Indicators (WDI),Annual,Units,Normal value,Public
datastructure,WB.DATA360:DS_DATA360(1.3),I,A,CYP,WB_WDI_SI_POV_GINI,_T,_T,_T,0_TO_100,_Z,_Z,_Z,2015,34.0,_Z,IX,2,WB_WDI,P1Y,0,A,PU,Annual,Cyprus,Gini index,Total,All age ranges or no breakdown by age,Total,0-100 scale,Not Applicable,Not Applicable,Not Applicable,Not Applicable,Index,Two,World Development Indicators (WDI),Annual,Units,Normal value,Public
datastructure,WB.DATA360:DS_DATA360(1.3),I,A,CZE,WB_WDI_SI_POV_GINI,_T,_T,_T,0_TO_100,_Z,_Z,_Z,2015,25.9,_Z,IX,2,WB_WDI,P1Y,0,A,PU,Annual,Czechia,Gini index,Total,All age ranges or no breakdown by age,Total,0-100 scale,Not Applicable,Not Applicable,Not Applicable,Not Applicable,Index,Two,World Development Indicators (WDI),Annual,Units,Normal value,Public
datastructure,WB.DATA360:DS_DATA360(1.3),I,A,DNK,WB_WDI_SI_POV_GINI,_T,_T,_T,0_TO_100,_Z,_Z,_Z,2015,28.2,_Z,IX,2,WB_WDI,P1Y,0,A,PU,Annual,Denmark,Gini index,Total,All age ranges or no breakdown by age,Total,0-100 scale,Not Applicable,Not Applicable,Not Applicable,Not Applicable,Index,Two,World Development Indicators (WDI),Annual,Units,Normal value,Public
datastructure,WB.DATA360:DS_DATA360(1.3),I,A,DOM,WB_WDI_SI_POV_GINI,_T,_T,_T,0_TO_100,_Z,_Z,_Z,2015,45.2,_Z,IX,2,WB_WDI,P1Y,0,A,PU,Annual,Dominican Republic,Gini index,Total,All age ranges or no breakdown by age,Total,0-100 scale,Not Applicable,Not Applicable,Not Applicable,Not Applicable,Index,Two,World Development Indicators (WDI),Annual,Units,Normal value,Public
datastructure,WB.DATA360:DS_DATA360(1.3),I,A,ECU,WB_WDI_SI_POV_GINI,_T,_T,_T,0_TO_100,_Z,_Z,_Z,2015,46.0,_Z,IX,2,WB_WDI,P1Y,0,A,PU,Annual,Ecuador,Gini index,Total,All age ranges or no breakdown by age,Total,0-100 scale,Not Applicable,Not Applicable,Not Applicable,Not Applicable,Index,Two,World Development Indicators (WDI),Annual,Units,Normal value,Public
datastructure,WB.DATA360:DS_DATA360(1.3),I,A,SVK,WB_WDI_SI_POV_GINI,_T,_T,_T,0_TO_100,_Z,_Z,_Z,2005,29.3,_Z,IX,2,WB_WDI,P1Y,0,A,PU,Annual,Slovak Republic,Gini index,Total,All age ranges or no breakdown by age,Total,0-100 scale,Not Applicable,Not Applicable,Not Applicable,Not Applicable,Index,Two,World Development Indicators (WDI),Annual,Units,Normal value,Public
datastructure,WB.DATA360:DS_DATA360(1.3),I,A,SVN,WB_WDI_SI_POV_GINI,_T,_T,_T,0_TO_100,_Z,_Z,_Z,2005,24.6,_Z,IX,2,WB_WDI,P1Y,0,A,PU,Annual,Slovenia,Gini index,Total,All age ranges or no breakdown by age,Total,0-100 scale,Not Applicable,Not Applicable,Not Applicable,Not Applicable,Index,Two,World Development Indicators (WDI),Annual,Units,Normal value,Public
datastructure,WB.DATA360:DS_DATA360(1.3),I,A,SLB,WB_WDI_SI_POV_GINI,_T,_T,_T,0_TO_100,_Z,_Z,_Z,2005,46.1,_Z,IX,2,WB_WDI,P1Y,0,A,PU,Annual,Solomon Islands,Gini index,Total,All age ranges or no breakdown by age,Total,0-100 scale,Not Applicable,Not Applicable,Not Applicable,Not Applicable,Index,Two,World Development Indicators (WDI),Annual,Units,Normal value,Public
datastructure,WB.DATA360:DS_DATA360(1.3),I,A,ZAF,WB_WDI_SI_POV_GINI,_T,_T,_T,0_TO_100,_Z,_Z,_Z,2005,65.0,_Z,IX,2,WB_WDI,P1Y,0,A,PU,Annual,South Africa,Gini index,Total,All age ranges or no breakdown by age,Total,0-100 scale,Not Applicable,Not Applicable,Not Applicable,Not Applicable,Index,Two,World Development Indicators (WDI),Annual,Units,Normal value,Public
datastructure,WB.DATA360:DS_DATA360(1.3),I,A,ESP,WB_WDI_SI_POV_GINI,_T,_T,_T,0_TO_100,_Z,_Z,_Z,2005,32.4,_Z,IX,2,WB_WDI,P1Y,0,A,PU,Annual,Spain,Gini index,Total,All age ranges or no breakdown by age,Total,0-100 scale,Not Applicable,Not Applicable,Not Applicable,Not Applicable,Index,Two,World Development Indicators (WDI),Annual,Units,Normal value,Public
datastructure,WB.DATA360:DS_DATA360(1.3),I,A,HND,WB_WDI_SI_POV_GINI,_T,_T,_T,0_TO_100,_Z,_Z,_Z,1990,55.9,_Z,IX,2,WB_WDI,P1Y,0,A,PU,Annual,Honduras,Gini index,Total,All age ranges or no breakdown by age,Total,0-100 scale,Not Applicable,Not Applicable,Not Applicable,Not Applicable,Index,Two,World Development Indicators (WDI),Annual,Units,Normal value,Public
datastructure,WB.DATA360:DS_DATA360(1.3),I,A,IDN,WB_WDI_SI_POV_GINI,_T,_T,_T,0_TO_100,_Z,_Z,_Z,1990,31.1,_Z,IX,2,WB_WDI,P1Y,0,A,PU,Annual,Indonesia,Gini index,Total,All age ranges or no breakdown by age,Total,0-100 scale,Not Applicable,Not Applicable,Not Applicable,Not Applicable,Index,Two,World Development Indicators (WDI),Annual,Units,Normal value,Public
datastructure,WB.DATA360:DS_DATA360(1.3),I,A,IRN,WB_WDI_SI_POV_GINI,_T,_T,_T,0_TO_100,_Z,_Z,_Z,1990,43.6,_Z,IX,2,WB_WDI,P1Y,0,A,PU,Annual,"Iran, Islamic Rep.",Gini index,Total,All age ranges or no breakdown by age,Total,0-100 scale,Not Applicable,Not Applicable,Not Applicable,Not Applicable,Index,Two,World Development Indicators (WDI),Annual,Units,Normal value,Public
datastructure,WB.DATA360:DS_DATA360(1.3),I,A,JAM,WB_WDI_SI_POV_GINI,_T,_T,_T,0_TO_100,_Z,_Z,_Z,1990,41.1,_Z,IX,2,WB_WDI,P1Y,0,A,PU,Annual,Jamaica,Gini index,Total,All age ranges or no breakdown by age,Total,0-100 scale,Not Applicable,Not Applicable,Not Applicable,Not Applicable,Index,Two,World Development Indicators (WDI),Annual,Units,Normal value,Public
datastructure,WB.DATA360:DS_DATA360(1.3),I,A,IDN,WB_WDI_SI_POV_GINI,_T,_T,_T,0_TO_100,_Z,_Z,_Z,1996,34.2,_Z,IX,2,WB_WDI,P1Y,0,A,PU,Annual,Indonesia,Gini index,Total,All age ranges or no breakdown by age,Total,0-100 scale,Not Applicable,Not Applicable,Not Applicable,Not Applicable,Index,Two,World Development Indicators (WDI),Annual,Units,Normal value,Public
datastructure,WB.DATA360:DS_DATA360(1.3),I,A,IRL,WB_WDI_SI_POV_GINI,_T,_T,_T,0_TO_100,_Z,_Z,_Z,1996,35.6,_Z,IX,2,WB_WDI,P1Y,0,A,PU,Annual,Ireland,Gini index,Total,All age ranges or no breakdown by age,Total,0-100 scale,Not Applicable,Not Applicable,Not Applicable,Not Applicable,Index,Two,World Development Indicators (WDI),Annual,Units,Normal value,Public
datastructure,WB.DATA360:DS_DATA360(1.3),I,A,JAM,WB_WDI_SI_POV_GINI,_T,_T,_T,0_TO_100,_Z,_Z,_Z,1996,40.4,_Z,IX,2,WB_WDI,P1Y,0,A,PU,Annual,Jamaica,Gini index,Total,All age ranges or no breakdown by age,Total,0-100 scale,Not Applicable,Not Applicable,Not Applicable,Not Applicable,Index,Two,World Development Indicators (WDI),Annual,Units,Normal value,Public
datastructure,WB.DATA360:DS_DATA360(1.3),I,A,KAZ,WB_WDI_SI_POV_GINI,_T,_T,_T,0_TO_100,_Z,_Z,_Z,1996,35.4,_Z,IX,2,WB_WDI,P1Y,0,A,PU,Annual,Kazakhstan,Gini index,Total,All age ranges or no breakdown by age,Total,0-100 scale,Not Applicable,Not Applicable,Not Applicable,Not Applicable,Index,Two,World Development Indicators (WDI),Annual,Units,Normal value,Public
datastructure,WB.DATA360:DS_DATA360(1.3),I,A,MEX,WB_WDI_SI_POV_GINI,_T,_T,_T,0_TO_100,_Z,_Z,_Z,2005,50.9,_Z,IX,2,WB_WDI,P1Y,0,A,PU,Annual,Mexico,Gini index,Total,All age ranges or no breakdown by age,Total,0-100 scale,Not Applicable,Not Applicable,Not Applicable,Not Applicable,Index,Two,World Development Indicators (WDI),Annual,Units,Normal value,Public
datastructure,WB.DATA360:DS_DATA360(1.3),I,A,FSM,WB_WDI_SI_POV_GINI,_T,_T,_T,0_TO_100,_Z,_Z,_Z,2005,42.4,_Z,IX,2,WB_WDI,P1Y,0,A,PU,Annual,"Micronesia, Fed. Sts.",Gini index,Total,All age ranges or no breakdown by age,Total,0-100 scale,Not Applicable,Not Applicable,Not Applicable,Not Applicable,Index,Two,World Development Indicators (WDI),Annual,Units,Normal value,Public
datastructure,WB.DATA360:DS_DATA360(1.3),I,A,MDA,WB_WDI_SI_POV_GINI,_T,_T,_T,0_TO_100,_Z,_Z,_Z,2005,36.3,_Z,IX,2,WB_WDI,P1Y,0,A,PU,Annual,Moldova,Gini index,Total,All age ranges or no breakdown by age,Total,0-100 scale,Not Applicable,Not Applicable,Not Applicable,Not Applicable,Index,Two,World Development Indicators (WDI),Annual,Units,Normal value,Public
datastructure,WB.DATA360:DS_DATA360(1.3),I,A,MNE,WB_WDI_SI_POV_GINI,_T,_T,_T,0_TO_100,_Z,_Z,_Z,2005,30.2,_Z,IX,2,WB_WDI,P1Y,0,A,PU,Annual,Montenegro,Gini index,Total,All age ranges or no breakdown by age,Total,0-100 scale,Not Applicable,Not Applicable,Not Applicable,Not Applicable,Index,Two,World Development Indicators (WDI),Annual,Units,Normal value,Public
datastructure,WB.DATA360:DS_DATA360(1.3),I,A,SLV,WB_WDI_SI_POV_GINI,_T,_T,_T,0_TO_100,_Z,_Z,_Z,1998,54.4,_Z,IX,2,WB_WDI,P1Y,0,A,PU,Annual,El Salvador,Gini index,Total,All age ranges or no breakdown by age,Total,0-100 scale,Not Applicable,Not Applicable,Not Applicable,Not Applicable,Index,Two,World Development Indicators (WDI),Annual,Units,Normal value,Public
datastructure,WB.DATA360:DS_DATA360(1.3),I,A,EST,WB_WDI_SI_POV_GINI,_T,_T,_T,0_TO_100,_Z,_Z,_Z,1998,37.6,_Z,IX,2,WB_WDI,P1Y,0,A,PU,Annual,Estonia,Gini index,Total,All age ranges or no breakdown by age,Total,0-100 scale,Not Applicable,Not Applicable,Not Applicable,Not Applicable,Index,Two,World Development Indicators (WDI),Annual,Units,Normal value,Public
datastructure,WB.DATA360:DS_DATA360(1.3),I,A,FRA,WB_WDI_SI_POV_GINI,_T,_T,_T,0_TO_100,_Z,_Z,_Z,1998,31.7,_Z,IX,2,WB_WDI,P1Y,0,A,PU,Annual,France,Gini index,Total,All age ranges or no breakdown by age,Total,0-100 scale,Not Applicable,Not Applicable,Not Applicable,Not Applicable,Index,Two,World Development Indicators (WDI),Annual,Units,Normal value,Public
datastructure,WB.DATA360:DS_DATA360(1.3),I,A,GMB,WB_WDI_SI_POV_GINI,_T,_T,_T,0_TO_100,_Z,_Z,_Z,1998,48.3,_Z,IX,2,WB_WDI,P1Y,0,A,PU,Annual,"Gambia, The",Gini index,Total,All age ranges or no breakdown by age,Total,0-100 scale,Not Applicable,Not Applicable,Not Applicable,Not Applicable,Index,Two,World Development Indicators (WDI),Annual,Units,Normal value,Public
datastructure,WB.DATA360:DS_DATA360(1.3),I,A,GEO,WB_WDI_SI_POV_GINI,_T,_T,_T,0_TO_100,_Z,_Z,_Z,1998,41.2,_Z,IX,2,WB_WDI,P1Y,0,A,PU,Annual,Georgia,Gini index,Total,All age ranges or no breakdown by age,Total,0-100 scale,Not Applicable,Not Applicable,Not Applicable,Not Applicable,Index,Two,World Development Indicators (WDI),Annual,Units,Normal value,Public
datastructure,WB.DATA360:DS_DATA360(1.3),I,A,DEU,WB_WDI_SI_POV_GINI,_T,_T,_T,0_TO_100,_Z,_Z,_Z,1998,28.1,_Z,IX,2,WB_WDI,P1Y,0,A,PU,Annual,Germany,Gini index,Total,All age ranges or no breakdown by age,Total,0-100 scale,Not Applicable,Not Applicable,Not Applicable,Not Applicable,Index,Two,World Development Indicators (WDI),Annual,Units,Normal value,Public
datastructure,WB.DATA360:DS_DATA360(1.3),I,A,GHA,WB_WDI_SI_POV_GINI,_T,_T,_T,0_TO_100,_Z,_Z,_Z,1998,40.1,_Z,IX,2,WB_WDI,P1Y,0,A,PU,Annual,Ghana,Gini index,Total,All age ranges or no breakdown by age,Total,0-100 scale,Not Applicable,Not Applicable,Not Applicable,Not Applicable,Index,Two,World Development Indicators (WDI),Annual,Units,Normal value,Public
datastructure,WB.DATA360:DS_DATA360(1.3),I,A,CHL,WB_WDI_SI_POV_GINI,_T,_T,_T,0_TO_100,_Z,_Z,_Z,1994,56.4,_Z,IX,2,WB_WDI,P1Y,0,A,PU,Annual,Chile,Gini index,Total,All age ranges or no breakdown by age,Total,0-100 scale,Not Applicable,Not Applicable,Not Applicable,Not Applicable,Index,Two,World Development Indicators (WDI),Annual,Units,Normal value,Public
datastructure,WB.DATA360:DS_DATA360(1.3),I,A,CRI,WB_WDI_SI_POV_GINI,_T,_T,_T,0_TO_100,_Z,_Z,_Z,1994,46.7,_Z,IX,2,WB_WDI,P1Y,0,A,PU,Annual,Costa Rica,Gini index,Total,All age ranges or no breakdown by age,Total,0-100 scale,Not Applicable,Not Applicable,Not Applicable,Not Applicable,Index,Two,World Development Indicators (WDI),Annual,Units,Normal value,Public
datastructure,WB.DATA360:DS_DATA360(1.3),I,A,CHL,WB_WDI_SI_POV_GINI,_T,_T,_T,0_TO_100,_Z,_Z,_Z,1996,54.9,_Z,IX,2,WB_WDI,P1Y,0,A,PU,Annual,Chile,Gini index,Total,All age ranges or no breakdown by age,Total,0-100 scale,Not Applicable,Not Applicable,Not Applicable,Not Applicable,Index,Two,World Development Indicators (WDI),Annual,Units,Normal value,Public
datastructure,WB.DATA360:DS_DATA360(1.3),I,A,CHN,WB_WDI_SI_POV_GINI,_T,_T,_T,0_TO_100,_Z,_Z,_Z,1996,35.2,_Z,IX,2,WB_WDI,P1Y,0,A,PU,Annual,China,Gini index,Total,All age ranges or no breakdown by age,Total,0-100 scale,Not Applicable,Not Applicable,Not Applicable,Not Applicable,Index,Two,World Development Indicators (WDI),Annual,Units,Normal value,Public
datastructure,WB.DATA360:DS_DATA360(1.3),I,A,COL,WB_WDI_SI_POV_GINI,_T,_T,_T,0_TO_100,_Z,_Z,_Z,1996,56.8,_Z,IX,2,WB_WDI,P1Y,0,A,PU,Annual,Colombia,Gini index,Total,All age ranges or no breakdown by age,Total,0-100 scale,Not Applicable,Not Applicable,Not Applicable,Not Applicable,Index,Two,World Development Indicators (WDI),Annual,Units,Normal value,Public
datastructure,WB.DATA360:DS_DATA360(1.3),I,A,CRI,WB_WDI_SI_POV_GINI,_T,_T,_T,0_TO_100,_Z,_Z,_Z,1996,46.5,_Z,IX,2,WB_WDI,P1Y,0,A,PU,Annual,Costa Rica,Gini index,Total,All age ranges or no breakdown by age,Total,0-100 scale,Not Applicable,Not Applicable,Not Applicable,Not Applicable,Index,Two,World Development Indicators (WDI),Annual,Units,Normal value,Public
datastructure,WB.DATA360:DS_DATA360(1.3),I,A,CZE,WB_WDI_SI_POV_GINI,_T,_T,_T,0_TO_100,_Z,_Z,_Z,1996,25.8,_Z,IX,2,WB_WDI,P1Y,0,A,PU,Annual,Czechia,Gini index,Total,All age ranges or no breakdown by age,Total,0-100 scale,Not Applicable,Not Applicable,Not Applicable,Not Applicable,Index,Two,World Development Indicators (WDI),Annual,Units,Normal value,Public
datastructure,WB.DATA360:DS_DATA360(1.3),I,A,CAN,WB_WDI_SI_POV_GINI,_T,_T,_T,0_TO_100,_Z,_Z,_Z,1997,33.1,_Z,IX,2,WB_WDI,P1Y,0,A,PU,Annual,Canada,Gini index,Total,All age ranges or no breakdown by age,Total,0-100 scale,Not Applicable,Not Applicable,Not Applicable,Not Applicable,Index,Two,World Development Indicators (WDI),Annual,Units,Normal value,Public
datastructure,WB.DATA360:DS_DATA360(1.3),I,A,CRI,WB_WDI_SI_POV_GINI,_T,_T,_T,0_TO_100,_Z,_Z,_Z,1997,45.6,_Z,IX,2,WB_WDI,P1Y,0,A,PU,Annual,Costa Rica,Gini index,Total,All age ranges or no breakdown by age,Total,0-100 scale,Not Applicable,Not Applicable,Not Applicable,Not Applicable,Index,Two,World Development Indicators (WDI),Annual,Units,Normal value,Public
datastructure,WB.DATA360:DS_DATA360(1.3),I,A,DEU,WB_WDI_SI_POV_GINI,_T,_T,_T,0_TO_100,_Z,_Z,_Z,1992,29.0,_Z,IX,2,WB_WDI,P1Y,0,A,PU,Annual,Germany,Gini index,Total,All age ranges or no breakdown by age,Total,0-100 scale,Not Applicable,Not Applicable,Not Applicable,Not Applicable,Index,Two,World Development Indicators (WDI),Annual,Units,Normal value,Public
datastructure,WB.DATA360:DS_DATA360(1.3),I,A,HRV,WB_WDI_SI_POV_GINI,_T,_T,_T,0_TO_100,_Z,_Z,_Z,2022,30.0,_Z,IX,2,WB_WDI,P1Y,0,A,PU,Annual,Croatia,Gini index,Total,All age ranges or no breakdown by age,Total,0-100 scale,Not Applicable,Not Applicable,Not Applicable,Not Applicable,Index,Two,World Development Indicators (WDI),Annual,Units,Normal value,Public
datastructure,WB.DATA360:DS_DATA360(1.3),I,A,CYP,WB_WDI_SI_POV_GINI,_T,_T,_T,0_TO_100,_Z,_Z,_Z,2022,31.5,_Z,IX,2,WB_WDI,P1Y,0,A,PU,Annual,Cyprus,Gini index,Total,All age ranges or no breakdown by age,Total,0-100 scale,Not Applicable,Not Applicable,Not Applicable,Not Applicable,Index,Two,World Development Indicators (WDI),Annual,Units,Normal value,Public
datastructure,WB.DATA360:DS_DATA360(1.3),I,A,CZE,WB_WDI_SI_POV_GINI,_T,_T,_T,0_TO_100,_Z,_Z,_Z,2022,25.9,_Z,IX,2,WB_WDI,P1Y,0,A,PU,Annual,Czechia,Gini index,Total,All age ranges or no breakdown by age,Total,0-100 scale,Not Applicable,Not Applicable,Not Applicable,Not Applicable,Index,Two,World Development Indicators (WDI),Annual,Units,Normal value,Public
datastructure,WB.DATA360:DS_DATA360(1.3),I,A,DNK,WB_WDI_SI_POV_GINI,_T,_T,_T,0_TO_100,_Z,_Z,_Z,2022,29.3,_Z,IX,2,WB_WDI,P1Y,0,A,PU,Annual,Denmark,Gini index,Total,All age ranges or no breakdown by age,Total,0-100 scale,Not Applicable,Not Applicable,Not Applicable,Not Applicable,Index,Two,World Development Indicators (WDI),Annual,Units,Normal value,Public
datastructure,WB.DATA360:DS_DATA360(1.3),I,A,DOM,WB_WDI_SI_POV_GINI,_T,_T,_T,0_TO_100,_Z,_Z,_Z,2022,37.0,_Z,IX,2,WB_WDI,P1Y,0,A,PU,Annual,Dominican Republic,Gini index,Total,All age ranges or no breakdown by age,Total,0-100 scale,Not Applicable,Not Applicable,Not Applicable,Not Applicable,Index,Two,World Development Indicators (WDI),Annual,Units,Normal value,Public
datastructure,WB.DATA360:DS_DATA360(1.3),I,A,ECU,WB_WDI_SI_POV_GINI,_T,_T,_T,0_TO_100,_Z,_Z,_Z,2022,45.5,_Z,IX,2,WB_WDI,P1Y,0,A,PU,Annual,Ecuador,Gini index,Total,All age ranges or no breakdown by age,Total,0-100 scale,Not Applicable,Not Applicable,Not Applicable,Not Applicable,Index,Two,World Development Indicators (WDI),Annual,Units,Normal value,Public
datastructure,WB.DATA360:DS_DATA360(1.3),I,A,SLV,WB_WDI_SI_POV_GINI,_T,_T,_T,0_TO_100,_Z,_Z,_Z,2022,38.8,_Z,IX,2,WB_WDI,P1Y,0,A,PU,Annual,El Salvador,Gini index,Total,All age ranges or no breakdown by age,Total,0-100 scale,Not Applicable,Not Applicable,Not Applicable,Not Applicable,Index,Two,World Development Indicators (WDI),Annual,Units,Normal value,Public
datastructure,WB.DATA360:DS_DATA360(1.3),I,A,TUN,WB_WDI_SI_POV_GINI,_T,_T,_T,0_TO_100,_Z,_Z,_Z,1985,43.4,_Z,IX,2,WB_WDI,P1Y,0,A,PU,Annual,Tunisia,Gini index,Total,All age ranges or no breakdown by age,Total,0-100 scale,Not Applicable,Not Applicable,Not Applicable,Not Applicable,Index,Two,World Development Indicators (WDI),Annual,Units,Normal value,Public
datastructure,WB.DATA360:DS_DATA360(1.3),I,A,GBR,WB_WDI_SI_POV_GINI,_T,_T,_T,0_TO_100,_Z,_Z,_Z,1985,30.4,_Z,IX,2,WB_WDI,P1Y,0,A,PU,Annual,United Kingdom,Gini index,Total,All age ranges or no breakdown by age,Total,0-100 scale,Not Applicable,Not Applicable,Not Applicable,Not Applicable,Index,Two,World Development Indicators (WDI),Annual,Units,Normal value,Public
datastructure,WB.DATA360:DS_DATA360(1.3),I,A,USA,WB_WDI_SI_POV_GINI,_T,_T,_T,0_TO_100,_Z,_Z,_Z,1985,37.6,_Z,IX,2,WB_WDI,P1Y,0,A,PU,Annual,United States,Gini index,Total,All age ranges or no breakdown by age,Total,0-100 scale,Not Applicable,Not Applicable,Not Applicable,Not Applicable,Index,Two,World Development Indicators (WDI),Annual,Units,Normal value,Public
datastructure,WB.DATA360:DS_DATA360(1.3),I,A,GUY,WB_WDI_SI_POV_GINI,_T,_T,_T,0_TO_100,_Z,_Z,_Z,1992,39.5,_Z,IX,2,WB_WDI,P1Y,0,A,PU,Annual,Guyana,Gini index,Total,All age ranges or no breakdown by age,Total,0-100 scale,Not Applicable,Not Applicable,Not Applicable,Not Applicable,Index,Two,World Development Indicators (WDI),Annual,Units,Normal value,Public
datastructure,WB.DATA360:DS_DATA360(1.3),I,A,HND,WB_WDI_SI_POV_GINI,_T,_T,_T,0_TO_100,_Z,_Z,_Z,1992,51.8,_Z,IX,2,WB_WDI,P1Y,0,A,PU,Annual,Honduras,Gini index,Total,All age ranges or no breakdown by age,Total,0-100 scale,Not Applicable,Not Applicable,Not Applicable,Not Applicable,Index,Two,World Development Indicators (WDI),Annual,Units,Normal value,Public
datastructure,WB.DATA360:DS_DATA360(1.3),I,A,ISR,WB_WDI_SI_POV_GINI,_T,_T,_T,0_TO_100,_Z,_Z,_Z,1992,35.5,_Z,IX,2,WB_WDI,P1Y,0,A,PU,Annual,Israel,Gini index,Total,All age ranges or no breakdown by age,Total,0-100 scale,Not Applicable,Not Applicable,Not Applicable,Not Applicable,Index,Two,World Development Indicators (WDI),Annual,Units,Normal value,Public
datastructure,WB.DATA360:DS_DATA360(1.3),I,A,GNB,WB_WDI_SI_POV_GINI,_T,_T,_T,0_TO_100,_Z,_Z,_Z,1993,43.6,_Z,IX,2,WB_WDI,P1Y,0,A,PU,Annual,Guinea-Bissau,Gini index,Total,All age ranges or no breakdown by age,Total,0-100 scale,Not Applicable,Not Applicable,Not Applicable,Not Applicable,Index,Two,World Development Indicators (WDI),Annual,Units,Normal value,Public
datastructure,WB.DATA360:DS_DATA360(1.3),I,A,HND,WB_WDI_SI_POV_GINI,_T,_T,_T,0_TO_100,_Z,_Z,_Z,1993,53.4,_Z,IX,2,WB_WDI,P1Y,0,A,PU,Annual,Honduras,Gini index,Total,All age ranges or no breakdown by age,Total,0-100 scale,Not Applicable,Not Applicable,Not Applicable,Not Applicable,Index,Two,World Development Indicators (WDI),Annual,Units,Normal value,Public
datastructure,WB.DATA360:DS_DATA360(1.3),I,A,HUN,WB_WDI_SI_POV_GINI,_T,_T,_T,0_TO_100,_Z,_Z,_Z,1993,27.9,_Z,IX,2,WB_WDI,P1Y,0,A,PU,Annual,Hungary,Gini index,Total,All age ranges or no breakdown by age,Total,0-100 scale,Not Applicable,Not Applicable,Not Applicable,Not Applicable,Index,Two,World Development Indicators (WDI),Annual,Units,Normal value,Public
datastructure,WB.DATA360:DS_DATA360(1.3),I,A,IND,WB_WDI_SI_POV_GINI,_T,_T,_T,0_TO_100,_Z,_Z,_Z,1993,26.1,_Z,IX,2,WB_WDI,P1Y,0,A,PU,Annual,India,Gini index,Total,All age ranges or no breakdown by age,Total,0-100 scale,Not Applicable,Not Applicable,Not Applicable,Not Applicable,Index,Two,World Development Indicators (WDI),Annual,Units,Normal value,Public
datastructure,WB.DATA360:DS_DATA360(1.3),I,A,IDN,WB_WDI_SI_POV_GINI,_T,_T,_T,0_TO_100,_Z,_Z,_Z,1993,31.8,_Z,IX,2,WB_WDI,P1Y,0,A,PU,Annual,Indonesia,Gini index,Total,All age ranges or no breakdown by age,Total,0-100 scale,Not Applicable,Not Applicable,Not Applicable,Not Applicable,Index,Two,World Development Indicators (WDI),Annual,Units,Normal value,Public
datastructure,WB.DATA360:DS_DATA360(1.3),I,A,GTM,WB_WDI_SI_POV_GINI,_T,_T,_T,0_TO_100,_Z,_Z,_Z,1998,49.4,_Z,IX,2,WB_WDI,P1Y,0,A,PU,Annual,Guatemala,Gini index,Total,All age ranges or no breakdown by age,Total,0-100 scale,Not Applicable,Not Applicable,Not Applicable,Not Applicable,Index,Two,World Development Indicators (WDI),Annual,Units,Normal value,Public
datastructure,WB.DATA360:DS_DATA360(1.3),I,A,GUY,WB_WDI_SI_POV_GINI,_T,_T,_T,0_TO_100,_Z,_Z,_Z,1998,45.1,_Z,IX,2,WB_WDI,P1Y,0,A,PU,Annual,Guyana,Gini index,Total,All age ranges or no breakdown by age,Total,0-100 scale,Not Applicable,Not Applicable,Not Applicable,Not Applicable,Index,Two,World Development Indicators (WDI),Annual,Units,Normal value,Public
datastructure,WB.DATA360:DS_DATA360(1.3),I,A,HND,WB_WDI_SI_POV_GINI,_T,_T,_T,0_TO_100,_Z,_Z,_Z,1998,57.3,_Z,IX,2,WB_WDI,P1Y,0,A,PU,Annual,Honduras,Gini index,Total,All age ranges or no breakdown by age,Total,0-100 scale,Not Applicable,Not Applicable,Not Applicable,Not Applicable,Index,Two,World Development Indicators (WDI),Annual,Units,Normal value,Public
datastructure,WB.DATA360:DS_DATA360(1.3),I,A,HUN,WB_WDI_SI_POV_GINI,_T,_T,_T,0_TO_100,_Z,_Z,_Z,1998,26.4,_Z,IX,2,WB_WDI,P1Y,0,A,PU,Annual,Hungary,Gini index,Total,All age ranges or no breakdown by age,Total,0-100 scale,Not Applicable,Not Applicable,Not Applicable,Not Applicable,Index,Two,World Development Indicators (WDI),Annual,Units,Normal value,Public
datastructure,WB.DATA360:DS_DATA360(1.3),I,A,IDN,WB_WDI_SI_POV_GINI,_T,_T,_T,0_TO_100,_Z,_Z,_Z,1998,30.9,_Z,IX,2,WB_WDI,P1Y,0,A,PU,Annual,Indonesia,Gini index,Total,All age ranges or no breakdown by age,Total,0-100 scale,Not Applicable,Not Applicable,Not Applicable,Not Applicable,Index,Two,World Development Indicators (WDI),Annual,Units,Normal value,Public
datastructure,WB.DATA360:DS_DATA360(1.3),I,A,IRN,WB_WDI_SI_POV_GINI,_T,_T,_T,0_TO_100,_Z,_Z,_Z,1998,44.1,_Z,IX,2,WB_WDI,P1Y,0,A,PU,Annual,"Iran, Islamic Rep.",Gini index,Total,All age ranges or no breakdown by age,Total,0-100 scale,Not Applicable,Not Applicable,Not Applicable,Not Applicable,Index,Two,World Development Indicators (WDI),Annual,Units,Normal value,Public
datastructure,WB.DATA360:DS_DATA360(1.3),I,A,BWA,WB_WDI_SI_POV_GINI,_T,_T,_T,0_TO_100,_Z,_Z,_Z,1993,60.1,_Z,IX,2,WB_WDI,P1Y,0,A,PU,Annual,Botswana,Gini index,Total,All age ranges or no breakdown by age,Total,0-100 scale,Not Applicable,Not Applicable,Not Applicable,Not Applicable,Index,Two,World Development Indicators (WDI),Annual,Units,Normal value,Public
datastructure,WB.DATA360:DS_DATA360(1.3),I,A,BRA,WB_WDI_SI_POV_GINI,_T,_T,_T,0_TO_100,_Z,_Z,_Z,1993,60.1,_Z,IX,2,WB_WDI,P1Y,0,A,PU,Annual,Brazil,Gini index,Total,All age ranges or no breakdown by age,Total,0-100 scale,Not Applicable,Not Applicable,Not Applicable,Not Applicable,Index,Two,World Development Indicators (WDI),Annual,Units,Normal value,Public
datastructure,WB.DATA360:DS_DATA360(1.3),I,A,CAN,WB_WDI_SI_POV_GINI,_T,_T,_T,0_TO_100,_Z,_Z,_Z,1993,31.7,_Z,IX,2,WB_WDI,P1Y,0,A,PU,Annual,Canada,Gini index,Total,All age ranges or no breakdown by age,Total,0-100 scale,Not Applicable,Not Applicable,Not Applicable,Not Applicable,Index,Two,World Development Indicators (WDI),Annual,Units,Normal value,Public
datastructure,WB.DATA360:DS_DATA360(1.3),I,A,CHN,WB_WDI_SI_POV_GINI,_T,_T,_T,0_TO_100,_Z,_Z,_Z,1993,33.9,_Z,IX,2,WB_WDI,P1Y,0,A,PU,Annual,China,Gini index,Total,All age ranges or no breakdown by age,Total,0-100 scale,Not Applicable,Not Applicable,Not Applicable,Not Applicable,Index,Two,World Development Indicators (WDI),Annual,Units,Normal value,Public
datastructure,WB.DATA360:DS_DATA360(1.3),I,A,ALB,WB_WDI_SI_POV_GINI,_T,_T,_T,0_TO_100,_Z,_Z,_Z,2002,31.7,_Z,IX,2,WB_WDI,P1Y,0,A,PU,Annual,Albania,Gini index,Total,All age ranges or no breakdown by age,Total,0-100 scale,Not Applicable,Not Applicable,Not Applicable,Not Applicable,Index,Two,World Development Indicators (WDI),Annual,Units,Normal value,Public
datastructure,WB.DATA360:DS_DATA360(1.3),I,A,SEN,WB_WDI_SI_POV_GINI,_T,_T,_T,0_TO_100,_Z,_Z,_Z,1994,39.2,_Z,IX,2,WB_WDI,P1Y,0,A,PU,Annual,Senegal,Gini index,Total,All age ranges or no breakdown by age,Total,0-100 scale,Not Applicable,Not Applicable,Not Applicable,Not Applicable,Index,Two,World Development Indicators (WDI),Annual,Units,Normal value,Public
datastructure,WB.DATA360:DS_DATA360(1.3),I,A,ESP,WB_WDI_SI_POV_GINI,_T,_T,_T,0_TO_100,_Z,_Z,_Z,1994,35.1,_Z,IX,2,WB_WDI,P1Y,0,A,PU,Annual,Spain,Gini index,Total,All age ranges or no breakdown by age,Total,0-100 scale,Not Applicable,Not Applicable,Not Applicable,Not Applicable,Index,Two,World Development Indicators (WDI),Annual,Units,Normal value,Public
datastructure,WB.DATA360:DS_DATA360(1.3),I,A,UKR,WB_WDI_SI_POV_GINI,_T,_T,_T,0_TO_100,_Z,_Z,_Z,1993,28.9,_Z,IX,2,WB_WDI,P1Y,0,A,PU,Annual,Ukraine,Gini index,Total,All age ranges or no breakdown by age,Total,0-100 scale,Not Applicable,Not Applicable,Not Applicable,Not Applicable,Index,Two,World Development Indicators (WDI),Annual,Units,Normal value,Public
datastructure,WB.DATA360:DS_DATA360(1.3),I,A,GBR,WB_WDI_SI_POV_GINI,_T,_T,_T,0_TO_100,_Z,_Z,_Z,1993,35.1,_Z,IX,2,WB_WDI,P1Y,0,A,PU,Annual,United Kingdom,Gini index,Total,All age ranges or no breakdown by age,Total,0-100 scale,Not Applicable,Not Applicable,Not Applicable,Not Applicable,Index,Two,World Development Indicators (WDI),Annual,Units,Normal value,Public
datastructure,WB.DATA360:DS_DATA360(1.3),I,A,USA,WB_WDI_SI_POV_GINI,_T,_T,_T,0_TO_100,_Z,_Z,_Z,1993,40.4,_Z,IX,2,WB_WDI,P1Y,0,A,PU,Annual,United States,Gini index,Total,All age ranges or no breakdown by age,Total,0-100 scale,Not Applicable,Not Applicable,Not Applicable,Not Applicable,Index,Two,World Development Indicators (WDI),Annual,Units,Normal value,Public
datastructure,WB.DATA360:DS_DATA360(1.3),I,A,ROU,WB_WDI_SI_POV_GINI,_T,_T,_T,0_TO_100,_Z,_Z,_Z,1998,31.1,_Z,IX,2,WB_WDI,P1Y,0,A,PU,Annual,Romania,Gini index,Total,All age ranges or no breakdown by age,Total,0-100 scale,Not Applicable,Not Applicable,Not Applicable,Not Applicable,Index,Two,World Development Indicators (WDI),Annual,Units,Normal value,Public
datastructure,WB.DATA360:DS_DATA360(1.3),I,A,RUS,WB_WDI_SI_POV_GINI,_T,_T,_T,0_TO_100,_Z,_Z,_Z,1998,38.1,_Z,IX,2,WB_WDI,P1Y,0,A,PU,Annual,Russian Federation,Gini index,Total,All age ranges or no breakdown by age,Total,0-100 scale,Not Applicable,Not Applicable,Not Applicable,Not Applicable,Index,Two,World Development Indicators (WDI),Annual,Units,Normal value,Public
datastructure,WB.DATA360:DS_DATA360(1.3),I,A,SVN,WB_WDI_SI_POV_GINI,_T,_T,_T,0_TO_100,_Z,_Z,_Z,1998,28.4,_Z,IX,2,WB_WDI,P1Y,0,A,PU,Annual,Slovenia,Gini index,Total,All age ranges or no breakdown by age,Total,0-100 scale,Not Applicable,Not Applicable,Not Applicable,Not Applicable,Index,Two,World Development Indicators (WDI),Annual,Units,Normal value,Public
datastructure,WB.DATA360:DS_DATA360(1.3),I,A,THA,WB_WDI_SI_POV_GINI,_T,_T,_T,0_TO_100,_Z,_Z,_Z,1996,42.9,_Z,IX,2,WB_WDI,P1Y,0,A,PU,Annual,Thailand,Gini index,Total,All age ranges or no breakdown by age,Total,0-100 scale,Not Applicable,Not Applicable,Not Applicable,Not Applicable,Index,Two,World Development Indicators (WDI),Annual,Units,Normal value,Public
datastructure,WB.DATA360:DS_DATA360(1.3),I,A,UGA,WB_WDI_SI_POV_GINI,_T,_T,_T,0_TO_100,_Z,_Z,_Z,1996,39.0,_Z,IX,2,WB_WDI,P1Y,0,A,PU,Annual,Uganda,Gini index,Total,All age ranges or no breakdown by age,Total,0-100 scale,Not Applicable,Not Applicable,Not Applicable,Not Applicable,Index,Two,World Development Indicators (WDI),Annual,Units,Normal value,Public
datastructure,WB.DATA360:DS_DATA360(1.3),I,A,UKR,WB_WDI_SI_POV_GINI,_T,_T,_T,0_TO_100,_Z,_Z,_Z,1996,35.2,_Z,IX,2,WB_WDI,P1Y,0,A,PU,Annual,Ukraine,Gini index,Total,All age ranges or no breakdown by age,Total,0-100 scale,Not Applicable,Not Applicable,Not Applicable,Not Applicable,Index,Two,World Development Indicators (WDI),Annual,Units,Normal value,Public
datastructure,WB.DATA360:DS_DATA360(1.3),I,A,GBR,WB_WDI_SI_POV_GINI,_T,_T,_T,0_TO_100,_Z,_Z,_Z,1996,35.3,_Z,IX,2,WB_WDI,P1Y,0,A,PU,Annual,United Kingdom,Gini index,Total,All age ranges or no breakdown by age,Total,0-100 scale,Not Applicable,Not Applicable,Not Applicable,Not Applicable,Index,Two,World Development Indicators (WDI),Annual,Units,Normal value,Public
datastructure,WB.DATA360:DS_DATA360(1.3),I,A,USA,WB_WDI_SI_POV_GINI,_T,_T,_T,0_TO_100,_Z,_Z,_Z,1996,40.3,_Z,IX,2,WB_WDI,P1Y,0,A,PU,Annual,United States,Gini index,Total,All age ranges or no breakdown by age,Total,0-100 scale,Not Applicable,Not Applicable,Not Applicable,Not Applicable,Index,Two,World Development Indicators (WDI),Annual,Units,Normal value,Public
datastructure,WB.DATA360:DS_DATA360(1.3),I,A,URY,WB_WDI_SI_POV_GINI,_T,_T,_T,0_TO_100,_Z,_Z,_Z,1996,40.8,_Z,IX,2,WB_WDI,P1Y,0,A,PU,Annual,Uruguay,Gini index,Total,All age ranges or no breakdown by age,Total,0-100 scale,Not Applicable,Not Applicable,Not Applicable,Not Applicable,Index,Two,World Development Indicators (WDI),Annual,Units,Normal value,Public
datastructure,WB.DATA360:DS_DATA360(1.3),I,A,IRL,WB_WDI_SI_POV_GINI,_T,_T,_T,0_TO_100,_Z,_Z,_Z,1995,37.0,_Z,IX,2,WB_WDI,P1Y,0,A,PU,Annual,Ireland,Gini index,Total,All age ranges or no breakdown by age,Total,0-100 scale,Not Applicable,Not Applicable,Not Applicable,Not Applicable,Index,Two,World Development Indicators (WDI),Annual,Units,Normal value,Public
datastructure,WB.DATA360:DS_DATA360(1.3),I,A,ITA,WB_WDI_SI_POV_GINI,_T,_T,_T,0_TO_100,_Z,_Z,_Z,1995,35.2,_Z,IX,2,WB_WDI,P1Y,0,A,PU,Annual,Italy,Gini index,Total,All age ranges or no breakdown by age,Total,0-100 scale,Not Applicable,Not Applicable,Not Applicable,Not Applicable,Index,Two,World Development Indicators (WDI),Annual,Units,Normal value,Public
datastructure,WB.DATA360:DS_DATA360(1.3),I,A,LTU,WB_WDI_SI_POV_GINI,_T,_T,_T,0_TO_100,_Z,_Z,_Z,1999,32.0,_Z,IX,2,WB_WDI,P1Y,0,A,PU,Annual,Lithuania,Gini index,Total,All age ranges or no breakdown by age,Total,0-100 scale,Not Applicable,Not Applicable,Not Applicable,Not Applicable,Index,Two,World Development Indicators (WDI),Annual,Units,Normal value,Public
datastructure,WB.DATA360:DS_DATA360(1.3),I,A,LUX,WB_WDI_SI_POV_GINI,_T,_T,_T,0_TO_100,_Z,_Z,_Z,1999,30.1,_Z,IX,2,WB_WDI,P1Y,0,A,PU,Annual,Luxembourg,Gini index,Total,All age ranges or no breakdown by age,Total,0-100 scale,Not Applicable,Not Applicable,Not Applicable,Not Applicable,Index,Two,World Development Indicators (WDI),Annual,Units,Normal value,Public
datastructure,WB.DATA360:DS_DATA360(1.3),I,A,MDG,WB_WDI_SI_POV_GINI,_T,_T,_T,0_TO_100,_Z,_Z,_Z,1999,38.6,_Z,IX,2,WB_WDI,P1Y,0,A,PU,Annual,Madagascar,Gini index,Total,All age ranges or no breakdown by age,Total,0-100 scale,Not Applicable,Not Applicable,Not Applicable,Not Applicable,Index,Two,World Development Indicators (WDI),Annual,Units,Normal value,Public
datastructure,WB.DATA360:DS_DATA360(1.3),I,A,GBR,WB_WDI_SI_POV_GINI,_T,_T,_T,0_TO_100,_Z,_Z,_Z,1994,36.0,_Z,IX,2,WB_WDI,P1Y,0,A,PU,Annual,United Kingdom,Gini index,Total,All age ranges or no breakdown by age,Total,0-100 scale,Not Applicable,Not Applicable,Not Applicable,Not Applicable,Index,Two,World Development Indicators (WDI),Annual,Units,Normal value,Public
datastructure,WB.DATA360:DS_DATA360(1.3),I,A,USA,WB_WDI_SI_POV_GINI,_T,_T,_T,0_TO_100,_Z,_Z,_Z,1994,40.0,_Z,IX,2,WB_WDI,P1Y,0,A,PU,Annual,United States,Gini index,Total,All age ranges or no breakdown by age,Total,0-100 scale,Not Applicable,Not Applicable,Not Applicable,Not Applicable,Index,Two,World Development Indicators (WDI),Annual,Units,Normal value,Public
datastructure,WB.DATA360:DS_DATA360(1.3),I,A,THA,WB_WDI_SI_POV_GINI,_T,_T,_T,0_TO_100,_Z,_Z,_Z,1994,43.5,_Z,IX,2,WB_WDI,P1Y,0,A,PU,Annual,Thailand,Gini index,Total,All age ranges or no breakdown by age,Total,0-100 scale,Not Applicable,Not Applicable,Not Applicable,Not Applicable,Index,Two,World Development Indicators (WDI),Annual,Units,Normal value,Public
datastructure,WB.DATA360:DS_DATA360(1.3),I,A,TUR,WB_WDI_SI_POV_GINI,_T,_T,_T,0_TO_100,_Z,_Z,_Z,1994,41.3,_Z,IX,2,WB_WDI,P1Y,0,A,PU,Annual,Türkiye,Gini index,Total,All age ranges or no breakdown by age,Total,0-100 scale,Not Applicable,Not Applicable,Not Applicable,Not Applicable,Index,Two,World Development Indicators (WDI),Annual,Units,Normal value,Public
datastructure,WB.DATA360:DS_DATA360(1.3),I,A,MEX,WB_WDI_SI_POV_GINI,_T,_T,_T,0_TO_100,_Z,_Z,_Z,1994,53.4,_Z,IX,2,WB_WDI,P1Y,0,A,PU,Annual,Mexico,Gini index,Total,All age ranges or no breakdown by age,Total,0-100 scale,Not Applicable,Not Applicable,Not Applicable,Not Applicable,Index,Two,World Development Indicators (WDI),Annual,Units,Normal value,Public
datastructure,WB.DATA360:DS_DATA360(1.3),I,A,NER,WB_WDI_SI_POV_GINI,_T,_T,_T,0_TO_100,_Z,_Z,_Z,1994,41.5,_Z,IX,2,WB_WDI,P1Y,0,A,PU,Annual,Niger,Gini index,Total,All age ranges or no breakdown by age,Total,0-100 scale,Not Applicable,Not Applicable,Not Applicable,Not Applicable,Index,Two,World Development Indicators (WDI),Annual,Units,Normal value,Public
datastructure,WB.DATA360:DS_DATA360(1.3),I,A,SWE,WB_WDI_SI_POV_GINI,_T,_T,_T,0_TO_100,_Z,_Z,_Z,1992,24.9,_Z,IX,2,WB_WDI,P1Y,0,A,PU,Annual,Sweden,Gini index,Total,All age ranges or no breakdown by age,Total,0-100 scale,Not Applicable,Not Applicable,Not Applicable,Not Applicable,Index,Two,World Development Indicators (WDI),Annual,Units,Normal value,Public
datastructure,WB.DATA360:DS_DATA360(1.3),I,A,CHE,WB_WDI_SI_POV_GINI,_T,_T,_T,0_TO_100,_Z,_Z,_Z,1992,33.9,_Z,IX,2,WB_WDI,P1Y,0,A,PU,Annual,Switzerland,Gini index,Total,All age ranges or no breakdown by age,Total,0-100 scale,Not Applicable,Not Applicable,Not Applicable,Not Applicable,Index,Two,World Development Indicators (WDI),Annual,Units,Normal value,Public
datastructure,WB.DATA360:DS_DATA360(1.3),I,A,THA,WB_WDI_SI_POV_GINI,_T,_T,_T,0_TO_100,_Z,_Z,_Z,1992,47.9,_Z,IX,2,WB_WDI,P1Y,0,A,PU,Annual,Thailand,Gini index,Total,All age ranges or no breakdown by age,Total,0-100 scale,Not Applicable,Not Applicable,Not Applicable,Not Applicable,Index,Two,World Development Indicators (WDI),Annual,Units,Normal value,Public
datastructure,WB.DATA360:DS_DATA360(1.3),I,A,TZA,WB_WDI_SI_POV_GINI,_T,_T,_T,0_TO_100,_Z,_Z,_Z,1991,35.3,_Z,IX,2,WB_WDI,P1Y,0,A,PU,Annual,Tanzania,Gini index,Total,All age ranges or no breakdown by age,Total,0-100 scale,Not Applicable,Not Applicable,Not Applicable,Not Applicable,Index,Two,World Development Indicators (WDI),Annual,Units,Normal value,Public
datastructure,WB.DATA360:DS_DATA360(1.3),I,A,URY,WB_WDI_SI_POV_GINI,_T,_T,_T,0_TO_100,_Z,_Z,_Z,1981,43.6,_Z,IX,2,WB_WDI,P1Y,0,A,PU,Annual,Uruguay,Gini index,Total,All age ranges or no breakdown by age,Total,0-100 scale,Not Applicable,Not Applicable,Not Applicable,Not Applicable,Index,Two,World Development Indicators (WDI),Annual,Units,Normal value,Public
datastructure,WB.DATA360:DS_DATA360(1.3),I,A,VEN,WB_WDI_SI_POV_GINI,_T,_T,_T,0_TO_100,_Z,_Z,_Z,1981,55.6,_Z,IX,2,WB_WDI,P1Y,0,A,PU,Annual,"Venezuela, RB",Gini index,Total,All age ranges or no breakdown by age,Total,0-100 scale,Not Applicable,Not Applicable,Not Applicable,Not Applicable,Index,Two,World Development Indicators (WDI),Annual,Units,Normal value,Public
datastructure,WB.DATA360:DS_DATA360(1.3),I,A,PAN,WB_WDI_SI_POV_GINI,_T,_T,_T,0_TO_100,_Z,_Z,_Z,1997,58.1,_Z,IX,2,WB_WDI,P1Y,0,A,PU,Annual,Panama,Gini index,Total,All age ranges or no breakdown by age,Total,0-100 scale,Not Applicable,Not Applicable,Not Applicable,Not Applicable,Index,Two,World Development Indicators (WDI),Annual,Units,Normal value,Public
datastructure,WB.DATA360:DS_DATA360(1.3),I,A,ROU,WB_WDI_SI_POV_GINI,_T,_T,_T,0_TO_100,_Z,_Z,_Z,1999,29.4,_Z,IX,2,WB_WDI,P1Y,0,A,PU,Annual,Romania,Gini index,Total,All age ranges or no breakdown by age,Total,0-100 scale,Not Applicable,Not Applicable,Not Applicable,Not Applicable,Index,Two,World Development Indicators (WDI),Annual,Units,Normal value,Public
datastructure,WB.DATA360:DS_DATA360(1.3),I,A,RUS,WB_WDI_SI_POV_GINI,_T,_T,_T,0_TO_100,_Z,_Z,_Z,1999,37.4,_Z,IX,2,WB_WDI,P1Y,0,A,PU,Annual,Russian Federation,Gini index,Total,All age ranges or no breakdown by age,Total,0-100 scale,Not Applicable,Not Applicable,Not Applicable,Not Applicable,Index,Two,World Development Indicators (WDI),Annual,Units,Normal value,Public
datastructure,WB.DATA360:DS_DATA360(1.3),I,A,SYC,WB_WDI_SI_POV_GINI,_T,_T,_T,0_TO_100,_Z,_Z,_Z,1999,42.8,_Z,IX,2,WB_WDI,P1Y,0,A,PU,Annual,Seychelles,Gini index,Total,All age ranges or no breakdown by age,Total,0-100 scale,Not Applicable,Not Applicable,Not Applicable,Not Applicable,Index,Two,World Development Indicators (WDI),Annual,Units,Normal value,Public
datastructure,WB.DATA360:DS_DATA360(1.3),I,A,SVN,WB_WDI_SI_POV_GINI,_T,_T,_T,0_TO_100,_Z,_Z,_Z,1999,24.0,_Z,IX,2,WB_WDI,P1Y,0,A,PU,Annual,Slovenia,Gini index,Total,All age ranges or no breakdown by age,Total,0-100 scale,Not Applicable,Not Applicable,Not Applicable,Not Applicable,Index,Two,World Development Indicators (WDI),Annual,Units,Normal value,Public
datastructure,WB.DATA360:DS_DATA360(1.3),I,A,NER,WB_WDI_SI_POV_GINI,_T,_T,_T,0_TO_100,_Z,_Z,_Z,1992,36.0,_Z,IX,2,WB_WDI,P1Y,0,A,PU,Annual,Niger,Gini index,Total,All age ranges or no breakdown by age,Total,0-100 scale,Not Applicable,Not Applicable,Not Applicable,Not Applicable,Index,Two,World Development Indicators (WDI),Annual,Units,Normal value,Public
datastructure,WB.DATA360:DS_DATA360(1.3),I,A,NGA,WB_WDI_SI_POV_GINI,_T,_T,_T,0_TO_100,_Z,_Z,_Z,1992,44.9,_Z,IX,2,WB_WDI,P1Y,0,A,PU,Annual,Nigeria,Gini index,Total,All age ranges or no breakdown by age,Total,0-100 scale,Not Applicable,Not Applicable,Not Applicable,Not Applicable,Index,Two,World Development Indicators (WDI),Annual,Units,Normal value,Public
datastructure,WB.DATA360:DS_DATA360(1.3),I,A,CRI,WB_WDI_SI_POV_GINI,_T,_T,_T,0_TO_100,_Z,_Z,_Z,1995,45.7,_Z,IX,2,WB_WDI,P1Y,0,A,PU,Annual,Costa Rica,Gini index,Total,All age ranges or no breakdown by age,Total,0-100 scale,Not Applicable,Not Applicable,Not Applicable,Not Applicable,Index,Two,World Development Indicators (WDI),Annual,Units,Normal value,Public
datastructure,WB.DATA360:DS_DATA360(1.3),I,A,CIV,WB_WDI_SI_POV_GINI,_T,_T,_T,0_TO_100,_Z,_Z,_Z,1995,40.6,_Z,IX,2,WB_WDI,P1Y,0,A,PU,Annual,Côte d’Ivoire,Gini index,Total,All age ranges or no breakdown by age,Total,0-100 scale,Not Applicable,Not Applicable,Not Applicable,Not Applicable,Index,Two,World Development Indicators (WDI),Annual,Units,Normal value,Public
datastructure,WB.DATA360:DS_DATA360(1.3),I,A,DNK,WB_WDI_SI_POV_GINI,_T,_T,_T,0_TO_100,_Z,_Z,_Z,1995,23.0,_Z,IX,2,WB_WDI,P1Y,0,A,PU,Annual,Denmark,Gini index,Total,All age ranges or no breakdown by age,Total,0-100 scale,Not Applicable,Not Applicable,Not Applicable,Not Applicable,Index,Two,World Development Indicators (WDI),Annual,Units,Normal value,Public
datastructure,WB.DATA360:DS_DATA360(1.3),I,A,ECU,WB_WDI_SI_POV_GINI,_T,_T,_T,0_TO_100,_Z,_Z,_Z,1995,50.8,_Z,IX,2,WB_WDI,P1Y,0,A,PU,Annual,Ecuador,Gini index,Total,All age ranges or no breakdown by age,Total,0-100 scale,Not Applicable,Not Applicable,Not Applicable,Not Applicable,Index,Two,World Development Indicators (WDI),Annual,Units,Normal value,Public
datastructure,WB.DATA360:DS_DATA360(1.3),I,A,ETH,WB_WDI_SI_POV_GINI,_T,_T,_T,0_TO_100,_Z,_Z,_Z,1999,30.0,_Z,IX,2,WB_WDI,P1Y,0,A,PU,Annual,Ethiopia,Gini index,Total,All age ranges or no breakdown by age,Total,0-100 scale,Not Applicable,Not Applicable,Not Applicable,Not Applicable,Index,Two,World Development Indicators (WDI),Annual,Units,Normal value,Public
datastructure,WB.DATA360:DS_DATA360(1.3),I,A,FRA,WB_WDI_SI_POV_GINI,_T,_T,_T,0_TO_100,_Z,_Z,_Z,1999,32.5,_Z,IX,2,WB_WDI,P1Y,0,A,PU,Annual,France,Gini index,Total,All age ranges or no breakdown by age,Total,0-100 scale,Not Applicable,Not Applicable,Not Applicable,Not Applicable,Index,Two,World Development Indicators (WDI),Annual,Units,Normal value,Public
datastructure,WB.DATA360:DS_DATA360(1.3),I,A,GEO,WB_WDI_SI_POV_GINI,_T,_T,_T,0_TO_100,_Z,_Z,_Z,1999,40.1,_Z,IX,2,WB_WDI,P1Y,0,A,PU,Annual,Georgia,Gini index,Total,All age ranges or no breakdown by age,Total,0-100 scale,Not Applicable,Not Applicable,Not Applicable,Not Applicable,Index,Two,World Development Indicators (WDI),Annual,Units,Normal value,Public
datastructure,WB.DATA360:DS_DATA360(1.3),I,A,DEU,WB_WDI_SI_POV_GINI,_T,_T,_T,0_TO_100,_Z,_Z,_Z,1999,29.0,_Z,IX,2,WB_WDI,P1Y,0,A,PU,Annual,Germany,Gini index,Total,All age ranges or no breakdown by age,Total,0-100 scale,Not Applicable,Not Applicable,Not Applicable,Not Applicable,Index,Two,World Development Indicators (WDI),Annual,Units,Normal value,Public
datastructure,WB.DATA360:DS_DATA360(1.3),I,A,MNG,WB_WDI_SI_POV_GINI,_T,_T,_T,0_TO_100,_Z,_Z,_Z,1995,33.2,_Z,IX,2,WB_WDI,P1Y,0,A,PU,Annual,Mongolia,Gini index,Total,All age ranges or no breakdown by age,Total,0-100 scale,Not Applicable,Not Applicable,Not Applicable,Not Applicable,Index,Two,World Development Indicators (WDI),Annual,Units,Normal value,Public
datastructure,WB.DATA360:DS_DATA360(1.3),I,A,NPL,WB_WDI_SI_POV_GINI,_T,_T,_T,0_TO_100,_Z,_Z,_Z,1995,35.2,_Z,IX,2,WB_WDI,P1Y,0,A,PU,Annual,Nepal,Gini index,Total,All age ranges or no breakdown by age,Total,0-100 scale,Not Applicable,Not Applicable,Not Applicable,Not Applicable,Index,Two,World Development Indicators (WDI),Annual,Units,Normal value,Public
datastructure,WB.DATA360:DS_DATA360(1.3),I,A,AUT,WB_WDI_SI_POV_GINI,_T,_T,_T,0_TO_100,_Z,_Z,_Z,1998,31.3,_Z,IX,2,WB_WDI,P1Y,0,A,PU,Annual,Austria,Gini index,Total,All age ranges or no breakdown by age,Total,0-100 scale,Not Applicable,Not Applicable,Not Applicable,Not Applicable,Index,Two,World Development Indicators (WDI),Annual,Units,Normal value,Public
datastructure,WB.DATA360:DS_DATA360(1.3),I,A,BLR,WB_WDI_SI_POV_GINI,_T,_T,_T,0_TO_100,_Z,_Z,_Z,1998,32.0,_Z,IX,2,WB_WDI,P1Y,0,A,PU,Annual,Belarus,Gini index,Total,All age ranges or no breakdown by age,Total,0-100 scale,Not Applicable,Not Applicable,Not Applicable,Not Applicable,Index,Two,World Development Indicators (WDI),Annual,Units,Normal value,Public
datastructure,WB.DATA360:DS_DATA360(1.3),I,A,BLZ,WB_WDI_SI_POV_GINI,_T,_T,_T,0_TO_100,_Z,_Z,_Z,1998,54.9,_Z,IX,2,WB_WDI,P1Y,0,A,PU,Annual,Belize,Gini index,Total,All age ranges or no breakdown by age,Total,0-100 scale,Not Applicable,Not Applicable,Not Applicable,Not Applicable,Index,Two,World Development Indicators (WDI),Annual,Units,Normal value,Public
datastructure,WB.DATA360:DS_DATA360(1.3),I,A,BRA,WB_WDI_SI_POV_GINI,_T,_T,_T,0_TO_100,_Z,_Z,_Z,1995,59.5,_Z,IX,2,WB_WDI,P1Y,0,A,PU,Annual,Brazil,Gini index,Total,All age ranges or no breakdown by age,Total,0-100 scale,Not Applicable,Not Applicable,Not Applicable,Not Applicable,Index,Two,World Development Indicators (WDI),Annual,Units,Normal value,Public
datastructure,WB.DATA360:DS_DATA360(1.3),I,A,BGR,WB_WDI_SI_POV_GINI,_T,_T,_T,0_TO_100,_Z,_Z,_Z,1995,32.8,_Z,IX,2,WB_WDI,P1Y,0,A,PU,Annual,Bulgaria,Gini index,Total,All age ranges or no breakdown by age,Total,0-100 scale,Not Applicable,Not Applicable,Not Applicable,Not Applicable,Index,Two,World Development Indicators (WDI),Annual,Units,Normal value,Public
datastructure,WB.DATA360:DS_DATA360(1.3),I,A,CAN,WB_WDI_SI_POV_GINI,_T,_T,_T,0_TO_100,_Z,_Z,_Z,1995,31.5,_Z,IX,2,WB_WDI,P1Y,0,A,PU,Annual,Canada,Gini index,Total,All age ranges or no breakdown by age,Total,0-100 scale,Not Applicable,Not Applicable,Not Applicable,Not Applicable,Index,Two,World Development Indicators (WDI),Annual,Units,Normal value,Public
datastructure,WB.DATA360:DS_DATA360(1.3),I,A,ITA,WB_WDI_SI_POV_GINI,_T,_T,_T,0_TO_100,_Z,_Z,_Z,1993,35.1,_Z,IX,2,WB_WDI,P1Y,0,A,PU,Annual,Italy,Gini index,Total,All age ranges or no breakdown by age,Total,0-100 scale,Not Applicable,Not Applicable,Not Applicable,Not Applicable,Index,Two,World Development Indicators (WDI),Annual,Units,Normal value,Public
datastructure,WB.DATA360:DS_DATA360(1.3),I,A,JAM,WB_WDI_SI_POV_GINI,_T,_T,_T,0_TO_100,_Z,_Z,_Z,1993,35.7,_Z,IX,2,WB_WDI,P1Y,0,A,PU,Annual,Jamaica,Gini index,Total,All age ranges or no breakdown by age,Total,0-100 scale,Not Applicable,Not Applicable,Not Applicable,Not Applicable,Index,Two,World Development Indicators (WDI),Annual,Units,Normal value,Public
datastructure,WB.DATA360:DS_DATA360(1.3),I,A,KAZ,WB_WDI_SI_POV_GINI,_T,_T,_T,0_TO_100,_Z,_Z,_Z,1993,32.7,_Z,IX,2,WB_WDI,P1Y,0,A,PU,Annual,Kazakhstan,Gini index,Total,All age ranges or no breakdown by age,Total,0-100 scale,Not Applicable,Not Applicable,Not Applicable,Not Applicable,Index,Two,World Development Indicators (WDI),Annual,Units,Normal value,Public
datastructure,WB.DATA360:DS_DATA360(1.3),I,A,LVA,WB_WDI_SI_POV_GINI,_T,_T,_T,0_TO_100,_Z,_Z,_Z,1993,27.0,_Z,IX,2,WB_WDI,P1Y,0,A,PU,Annual,Latvia,Gini index,Total,All age ranges or no breakdown by age,Total,0-100 scale,Not Applicable,Not Applicable,Not Applicable,Not Applicable,Index,Two,World Development Indicators (WDI),Annual,Units,Normal value,Public
datastructure,WB.DATA360:DS_DATA360(1.3),I,A,TUN,WB_WDI_SI_POV_GINI,_T,_T,_T,0_TO_100,_Z,_Z,_Z,1995,41.7,_Z,IX,2,WB_WDI,P1Y,0,A,PU,Annual,Tunisia,Gini index,Total,All age ranges or no breakdown by age,Total,0-100 scale,Not Applicable,Not Applicable,Not Applicable,Not Applicable,Index,Two,World Development Indicators (WDI),Annual,Units,Normal value,Public
datastructure,WB.DATA360:DS_DATA360(1.3),I,A,UKR,WB_WDI_SI_POV_GINI,_T,_T,_T,0_TO_100,_Z,_Z,_Z,1995,39.2,_Z,IX,2,WB_WDI,P1Y,0,A,PU,Annual,Ukraine,Gini index,Total,All age ranges or no breakdown by age,Total,0-100 scale,Not Applicable,Not Applicable,Not Applicable,Not Applicable,Index,Two,World Development Indicators (WDI),Annual,Units,Normal value,Public
datastructure,WB.DATA360:DS_DATA360(1.3),I,A,GBR,WB_WDI_SI_POV_GINI,_T,_T,_T,0_TO_100,_Z,_Z,_Z,1995,35.5,_Z,IX,2,WB_WDI,P1Y,0,A,PU,Annual,United Kingdom,Gini index,Total,All age ranges or no breakdown by age,Total,0-100 scale,Not Applicable,Not Applicable,Not Applicable,Not Applicable,Index,Two,World Development Indicators (WDI),Annual,Units,Normal value,Public
datastructure,WB.DATA360:DS_DATA360(1.3),I,A,USA,WB_WDI_SI_POV_GINI,_T,_T,_T,0_TO_100,_Z,_Z,_Z,1995,39.9,_Z,IX,2,WB_WDI,P1Y,0,A,PU,Annual,United States,Gini index,Total,All age ranges or no breakdown by age,Total,0-100 scale,Not Applicable,Not Applicable,Not Applicable,Not Applicable,Index,Two,World Development Indicators (WDI),Annual,Units,Normal value,Public
datastructure,WB.DATA360:DS_DATA360(1.3),I,A,URY,WB_WDI_SI_POV_GINI,_T,_T,_T,0_TO_100,_Z,_Z,_Z,1995,40.9,_Z,IX,2,WB_WDI,P1Y,0,A,PU,Annual,Uruguay,Gini index,Total,All age ranges or no breakdown by age,Total,0-100 scale,Not Applicable,Not Applicable,Not Applicable,Not Applicable,Index,Two,World Development Indicators (WDI),Annual,Units,Normal value,Public
datastructure,WB.DATA360:DS_DATA360(1.3),I,A,VEN,WB_WDI_SI_POV_GINI,_T,_T,_T,0_TO_100,_Z,_Z,_Z,1995,47.2,_Z,IX,2,WB_WDI,P1Y,0,A,PU,Annual,"Venezuela, RB",Gini index,Total,All age ranges or no breakdown by age,Total,0-100 scale,Not Applicable,Not Applicable,Not Applicable,Not Applicable,Index,Two,World Development Indicators (WDI),Annual,Units,Normal value,Public
datastructure,WB.DATA360:DS_DATA360(1.3),I,A,NGA,WB_WDI_SI_POV_GINI,_T,_T,_T,0_TO_100,_Z,_Z,_Z,1996,51.9,_Z,IX,2,WB_WDI,P1Y,0,A,PU,Annual,Nigeria,Gini index,Total,All age ranges or no breakdown by age,Total,0-100 scale,Not Applicable,Not Applicable,Not Applicable,Not Applicable,Index,Two,World Development Indicators (WDI),Annual,Units,Normal value,Public
datastructure,WB.DATA360:DS_DATA360(1.3),I,A,PAK,WB_WDI_SI_POV_GINI,_T,_T,_T,0_TO_100,_Z,_Z,_Z,1996,28.7,_Z,IX,2,WB_WDI,P1Y,0,A,PU,Annual,Pakistan,Gini index,Total,All age ranges or no breakdown by age,Total,0-100 scale,Not Applicable,Not Applicable,Not Applicable,Not Applicable,Index,Two,World Development Indicators (WDI),Annual,Units,Normal value,Public
datastructure,WB.DATA360:DS_DATA360(1.3),I,A,PNG,WB_WDI_SI_POV_GINI,_T,_T,_T,0_TO_100,_Z,_Z,_Z,1996,45.8,_Z,IX,2,WB_WDI,P1Y,0,A,PU,Annual,Papua New Guinea,Gini index,Total,All age ranges or no breakdown by age,Total,0-100 scale,Not Applicable,Not Applicable,Not Applicable,Not Applicable,Index,Two,World Development Indicators (WDI),Annual,Units,Normal value,Public
datastructure,WB.DATA360:DS_DATA360(1.3),I,A,POL,WB_WDI_SI_POV_GINI,_T,_T,_T,0_TO_100,_Z,_Z,_Z,1993,26.7,_Z,IX,2,WB_WDI,P1Y,0,A,PU,Annual,Poland,Gini index,Total,All age ranges or no breakdown by age,Total,0-100 scale,Not Applicable,Not Applicable,Not Applicable,Not Applicable,Index,Two,World Development Indicators (WDI),Annual,Units,Normal value,Public
datastructure,WB.DATA360:DS_DATA360(1.3),I,A,RUS,WB_WDI_SI_POV_GINI,_T,_T,_T,0_TO_100,_Z,_Z,_Z,1993,45.4,_Z,IX,2,WB_WDI,P1Y,0,A,PU,Annual,Russian Federation,Gini index,Total,All age ranges or no breakdown by age,Total,0-100 scale,Not Applicable,Not Applicable,Not Applicable,Not Applicable,Index,Two,World Development Indicators (WDI),Annual,Units,Normal value,Public
datastructure,WB.DATA360:DS_DATA360(1.3),I,A,TTO,WB_WDI_SI_POV_GINI,_T,_T,_T,0_TO_100,_Z,_Z,_Z,1992,40.2,_Z,IX,2,WB_WDI,P1Y,0,A,PU,Annual,Trinidad and Tobago,Gini index,Total,All age ranges or no breakdown by age,Total,0-100 scale,Not Applicable,Not Applicable,Not Applicable,Not Applicable,Index,Two,World Development Indicators (WDI),Annual,Units,Normal value,Public
datastructure,WB.DATA360:DS_DATA360(1.3),I,A,UGA,WB_WDI_SI_POV_GINI,_T,_T,_T,0_TO_100,_Z,_Z,_Z,1992,41.4,_Z,IX,2,WB_WDI,P1Y,0,A,PU,Annual,Uganda,Gini index,Total,All age ranges or no breakdown by age,Total,0-100 scale,Not Applicable,Not Applicable,Not Applicable,Not Applicable,Index,Two,World Development Indicators (WDI),Annual,Units,Normal value,Public
datastructure,WB.DATA360:DS_DATA360(1.3),I,A,UKR,WB_WDI_SI_POV_GINI,_T,_T,_T,0_TO_100,_Z,_Z,_Z,1992,29.7,_Z,IX,2,WB_WDI,P1Y,0,A,PU,Annual,Ukraine,Gini index,Total,All age ranges or no breakdown by age,Total,0-100 scale,Not Applicable,Not Applicable,Not Applicable,Not Applicable,Index,Two,World Development Indicators (WDI),Annual,Units,Normal value,Public
datastructure,WB.DATA360:DS_DATA360(1.3),I,A,GBR,WB_WDI_SI_POV_GINI,_T,_T,_T,0_TO_100,_Z,_Z,_Z,1992,35.0,_Z,IX,2,WB_WDI,P1Y,0,A,PU,Annual,United Kingdom,Gini index,Total,All age ranges or no breakdown by age,Total,0-100 scale,Not Applicable,Not Applicable,Not Applicable,Not Applicable,Index,Two,World Development Indicators (WDI),Annual,Units,Normal value,Public
datastructure,WB.DATA360:DS_DATA360(1.3),I,A,USA,WB_WDI_SI_POV_GINI,_T,_T,_T,0_TO_100,_Z,_Z,_Z,1992,38.4,_Z,IX,2,WB_WDI,P1Y,0,A,PU,Annual,United States,Gini index,Total,All age ranges or no breakdown by age,Total,0-100 scale,Not Applicable,Not Applicable,Not Applicable,Not Applicable,Index,Two,World Development Indicators (WDI),Annual,Units,Normal value,Public
datastructure,WB.DATA360:DS_DATA360(1.3),I,A,URY,WB_WDI_SI_POV_GINI,_T,_T,_T,0_TO_100,_Z,_Z,_Z,1992,41.5,_Z,IX,2,WB_WDI,P1Y,0,A,PU,Annual,Uruguay,Gini index,Total,All age ranges or no breakdown by age,Total,0-100 scale,Not Applicable,Not Applicable,Not Applicable,Not Applicable,Index,Two,World Development Indicators (WDI),Annual,Units,Normal value,Public
datastructure,WB.DATA360:DS_DATA360(1.3),I,A,VEN,WB_WDI_SI_POV_GINI,_T,_T,_T,0_TO_100,_Z,_Z,_Z,1992,42.1,_Z,IX,2,WB_WDI,P1Y,0,A,PU,Annual,"Venezuela, RB",Gini index,Total,All age ranges or no breakdown by age,Total,0-100 scale,Not Applicable,Not Applicable,Not Applicable,Not Applicable,Index,Two,World Development Indicators (WDI),Annual,Units,Normal value,Public
datastructure,WB.DATA360:DS_DATA360(1.3),I,A,VNM,WB_WDI_SI_POV_GINI,_T,_T,_T,0_TO_100,_Z,_Z,_Z,1992,35.7,_Z,IX,2,WB_WDI,P1Y,0,A,PU,Annual,Vietnam,Gini index,Total,All age ranges or no breakdown by age,Total,0-100 scale,Not Applicable,Not Applicable,Not Applicable,Not Applicable,Index,Two,World Development Indicators (WDI),Annual,Units,Normal value,Public
datastructure,WB.DATA360:DS_DATA360(1.3),I,A,CAN,WB_WDI_SI_POV_GINI,_T,_T,_T,0_TO_100,_Z,_Z,_Z,1991,31.9,_Z,IX,2,WB_WDI,P1Y,0,A,PU,Annual,Canada,Gini index,Total,All age ranges or no breakdown by age,Total,0-100 scale,Not Applicable,Not Applicable,Not Applicable,Not Applicable,Index,Two,World Development Indicators (WDI),Annual,Units,Normal value,Public
datastructure,WB.DATA360:DS_DATA360(1.3),I,A,JOR,WB_WDI_SI_POV_GINI,_T,_T,_T,0_TO_100,_Z,_Z,_Z,1997,36.4,_Z,IX,2,WB_WDI,P1Y,0,A,PU,Annual,Jordan,Gini index,Total,All age ranges or no breakdown by age,Total,0-100 scale,Not Applicable,Not Applicable,Not Applicable,Not Applicable,Index,Two,World Development Indicators (WDI),Annual,Units,Normal value,Public
datastructure,WB.DATA360:DS_DATA360(1.3),I,A,KEN,WB_WDI_SI_POV_GINI,_T,_T,_T,0_TO_100,_Z,_Z,_Z,1997,45.0,_Z,IX,2,WB_WDI,P1Y,0,A,PU,Annual,Kenya,Gini index,Total,All age ranges or no breakdown by age,Total,0-100 scale,Not Applicable,Not Applicable,Not Applicable,Not Applicable,Index,Two,World Development Indicators (WDI),Annual,Units,Normal value,Public
datastructure,WB.DATA360:DS_DATA360(1.3),I,A,LAO,WB_WDI_SI_POV_GINI,_T,_T,_T,0_TO_100,_Z,_Z,_Z,1997,34.9,_Z,IX,2,WB_WDI,P1Y,0,A,PU,Annual,Lao PDR,Gini index,Total,All age ranges or no breakdown by age,Total,0-100 scale,Not Applicable,Not Applicable,Not Applicable,Not Applicable,Index,Two,World Development Indicators (WDI),Annual,Units,Normal value,Public
datastructure,WB.DATA360:DS_DATA360(1.3),I,A,LVA,WB_WDI_SI_POV_GINI,_T,_T,_T,0_TO_100,_Z,_Z,_Z,1997,34.4,_Z,IX,2,WB_WDI,P1Y,0,A,PU,Annual,Latvia,Gini index,Total,All age ranges or no breakdown by age,Total,0-100 scale,Not Applicable,Not Applicable,Not Applicable,Not Applicable,Index,Two,World Development Indicators (WDI),Annual,Units,Normal value,Public
datastructure,WB.DATA360:DS_DATA360(1.3),I,A,LUX,WB_WDI_SI_POV_GINI,_T,_T,_T,0_TO_100,_Z,_Z,_Z,1997,29.6,_Z,IX,2,WB_WDI,P1Y,0,A,PU,Annual,Luxembourg,Gini index,Total,All age ranges or no breakdown by age,Total,0-100 scale,Not Applicable,Not Applicable,Not Applicable,Not Applicable,Index,Two,World Development Indicators (WDI),Annual,Units,Normal value,Public
datastructure,WB.DATA360:DS_DATA360(1.3),I,A,NAM,WB_WDI_SI_POV_GINI,_T,_T,_T,0_TO_100,_Z,_Z,_Z,1993,71.1,_Z,IX,2,WB_WDI,P1Y,0,A,PU,Annual,Namibia,Gini index,Total,All age ranges or no breakdown by age,Total,0-100 scale,Not Applicable,Not Applicable,Not Applicable,Not Applicable,Index,Two,World Development Indicators (WDI),Annual,Units,Normal value,Public
datastructure,WB.DATA360:DS_DATA360(1.3),I,A,NLD,WB_WDI_SI_POV_GINI,_T,_T,_T,0_TO_100,_Z,_Z,_Z,1993,30.4,_Z,IX,2,WB_WDI,P1Y,0,A,PU,Annual,Netherlands,Gini index,Total,All age ranges or no breakdown by age,Total,0-100 scale,Not Applicable,Not Applicable,Not Applicable,Not Applicable,Index,Two,World Development Indicators (WDI),Annual,Units,Normal value,Public
datastructure,WB.DATA360:DS_DATA360(1.3),I,A,NIC,WB_WDI_SI_POV_GINI,_T,_T,_T,0_TO_100,_Z,_Z,_Z,1993,57.1,_Z,IX,2,WB_WDI,P1Y,0,A,PU,Annual,Nicaragua,Gini index,Total,All age ranges or no breakdown by age,Total,0-100 scale,Not Applicable,Not Applicable,Not Applicable,Not Applicable,Index,Two,World Development Indicators (WDI),Annual,Units,Normal value,Public
datastructure,WB.DATA360:DS_DATA360(1.3),I,A,GRC,WB_WDI_SI_POV_GINI,_T,_T,_T,0_TO_100,_Z,_Z,_Z,1995,36.5,_Z,IX,2,WB_WDI,P1Y,0,A,PU,Annual,Greece,Gini index,Total,All age ranges or no breakdown by age,Total,0-100 scale,Not Applicable,Not Applicable,Not Applicable,Not Applicable,Index,Two,World Development Indicators (WDI),Annual,Units,Normal value,Public
datastructure,WB.DATA360:DS_DATA360(1.3),I,A,HND,WB_WDI_SI_POV_GINI,_T,_T,_T,0_TO_100,_Z,_Z,_Z,1995,55.5,_Z,IX,2,WB_WDI,P1Y,0,A,PU,Annual,Honduras,Gini index,Total,All age ranges or no breakdown by age,Total,0-100 scale,Not Applicable,Not Applicable,Not Applicable,Not Applicable,Index,Two,World Development Indicators (WDI),Annual,Units,Normal value,Public
datastructure,WB.DATA360:DS_DATA360(1.3),I,A,LVA,WB_WDI_SI_POV_GINI,_T,_T,_T,0_TO_100,_Z,_Z,_Z,1998,33.3,_Z,IX,2,WB_WDI,P1Y,0,A,PU,Annual,Latvia,Gini index,Total,All age ranges or no breakdown by age,Total,0-100 scale,Not Applicable,Not Applicable,Not Applicable,Not Applicable,Index,Two,World Development Indicators (WDI),Annual,Units,Normal value,Public
datastructure,WB.DATA360:DS_DATA360(1.3),I,A,LTU,WB_WDI_SI_POV_GINI,_T,_T,_T,0_TO_100,_Z,_Z,_Z,1998,32.1,_Z,IX,2,WB_WDI,P1Y,0,A,PU,Annual,Lithuania,Gini index,Total,All age ranges or no breakdown by age,Total,0-100 scale,Not Applicable,Not Applicable,Not Applicable,Not Applicable,Index,Two,World Development Indicators (WDI),Annual,Units,Normal value,Public
datastructure,WB.DATA360:DS_DATA360(1.3),I,A,LUX,WB_WDI_SI_POV_GINI,_T,_T,_T,0_TO_100,_Z,_Z,_Z,1998,30.6,_Z,IX,2,WB_WDI,P1Y,0,A,PU,Annual,Luxembourg,Gini index,Total,All age ranges or no breakdown by age,Total,0-100 scale,Not Applicable,Not Applicable,Not Applicable,Not Applicable,Index,Two,World Development Indicators (WDI),Annual,Units,Normal value,Public
datastructure,WB.DATA360:DS_DATA360(1.3),I,A,BLZ,WB_WDI_SI_POV_GINI,_T,_T,_T,0_TO_100,_Z,_Z,_Z,1994,60.9,_Z,IX,2,WB_WDI,P1Y,0,A,PU,Annual,Belize,Gini index,Total,All age ranges or no breakdown by age,Total,0-100 scale,Not Applicable,Not Applicable,Not Applicable,Not Applicable,Index,Two,World Development Indicators (WDI),Annual,Units,Normal value,Public
datastructure,WB.DATA360:DS_DATA360(1.3),I,A,BGR,WB_WDI_SI_POV_GINI,_T,_T,_T,0_TO_100,_Z,_Z,_Z,1994,24.3,_Z,IX,2,WB_WDI,P1Y,0,A,PU,Annual,Bulgaria,Gini index,Total,All age ranges or no breakdown by age,Total,0-100 scale,Not Applicable,Not Applicable,Not Applicable,Not Applicable,Index,Two,World Development Indicators (WDI),Annual,Units,Normal value,Public
datastructure,WB.DATA360:DS_DATA360(1.3),I,A,BFA,WB_WDI_SI_POV_GINI,_T,_T,_T,0_TO_100,_Z,_Z,_Z,1994,48.0,_Z,IX,2,WB_WDI,P1Y,0,A,PU,Annual,Burkina Faso,Gini index,Total,All age ranges or no breakdown by age,Total,0-100 scale,Not Applicable,Not Applicable,Not Applicable,Not Applicable,Index,Two,World Development Indicators (WDI),Annual,Units,Normal value,Public
datastructure,WB.DATA360:DS_DATA360(1.3),I,A,CAN,WB_WDI_SI_POV_GINI,_T,_T,_T,0_TO_100,_Z,_Z,_Z,1994,31.3,_Z,IX,2,WB_WDI,P1Y,0,A,PU,Annual,Canada,Gini index,Total,All age ranges or no breakdown by age,Total,0-100 scale,Not Applicable,Not Applicable,Not Applicable,Not Applicable,Index,Two,World Development Indicators (WDI),Annual,Units,Normal value,Public
datastructure,WB.DATA360:DS_DATA360(1.3),I,A,EST,WB_WDI_SI_POV_GINI,_T,_T,_T,0_TO_100,_Z,_Z,_Z,1993,39.4,_Z,IX,2,WB_WDI,P1Y,0,A,PU,Annual,Estonia,Gini index,Total,All age ranges or no breakdown by age,Total,0-100 scale,Not Applicable,Not Applicable,Not Applicable,Not Applicable,Index,Two,World Development Indicators (WDI),Annual,Units,Normal value,Public
datastructure,WB.DATA360:DS_DATA360(1.3),I,A,DEU,WB_WDI_SI_POV_GINI,_T,_T,_T,0_TO_100,_Z,_Z,_Z,1993,28.4,_Z,IX,2,WB_WDI,P1Y,0,A,PU,Annual,Germany,Gini index,Total,All age ranges or no breakdown by age,Total,0-100 scale,Not Applicable,Not Applicable,Not Applicable,Not Applicable,Index,Two,World Development Indicators (WDI),Annual,Units,Normal value,Public
datastructure,WB.DATA360:DS_DATA360(1.3),I,A,NOR,WB_WDI_SI_POV_GINI,_T,_T,_T,0_TO_100,_Z,_Z,_Z,1991,25.2,_Z,IX,2,WB_WDI,P1Y,0,A,PU,Annual,Norway,Gini index,Total,All age ranges or no breakdown by age,Total,0-100 scale,Not Applicable,Not Applicable,Not Applicable,Not Applicable,Index,Two,World Development Indicators (WDI),Annual,Units,Normal value,Public
datastructure,WB.DATA360:DS_DATA360(1.3),I,A,PAN,WB_WDI_SI_POV_GINI,_T,_T,_T,0_TO_100,_Z,_Z,_Z,1991,58.0,_Z,IX,2,WB_WDI,P1Y,0,A,PU,Annual,Panama,Gini index,Total,All age ranges or no breakdown by age,Total,0-100 scale,Not Applicable,Not Applicable,Not Applicable,Not Applicable,Index,Two,World Development Indicators (WDI),Annual,Units,Normal value,Public
datastructure,WB.DATA360:DS_DATA360(1.3),I,A,FRA,WB_WDI_SI_POV_GINI,_T,_T,_T,0_TO_100,_Z,_Z,_Z,1997,31.9,_Z,IX,2,WB_WDI,P1Y,0,A,PU,Annual,France,Gini index,Total,All age ranges or no breakdown by age,Total,0-100 scale,Not Applicable,Not Applicable,Not Applicable,Not Applicable,Index,Two,World Development Indicators (WDI),Annual,Units,Normal value,Public
datastructure,WB.DATA360:DS_DATA360(1.3),I,A,GEO,WB_WDI_SI_POV_GINI,_T,_T,_T,0_TO_100,_Z,_Z,_Z,1997,40.7,_Z,IX,2,WB_WDI,P1Y,0,A,PU,Annual,Georgia,Gini index,Total,All age ranges or no breakdown by age,Total,0-100 scale,Not Applicable,Not Applicable,Not Applicable,Not Applicable,Index,Two,World Development Indicators (WDI),Annual,Units,Normal value,Public
datastructure,WB.DATA360:DS_DATA360(1.3),I,A,DEU,WB_WDI_SI_POV_GINI,_T,_T,_T,0_TO_100,_Z,_Z,_Z,1997,28.2,_Z,IX,2,WB_WDI,P1Y,0,A,PU,Annual,Germany,Gini index,Total,All age ranges or no breakdown by age,Total,0-100 scale,Not Applicable,Not Applicable,Not Applicable,Not Applicable,Index,Two,World Development Indicators (WDI),Annual,Units,Normal value,Public
datastructure,WB.DATA360:DS_DATA360(1.3),I,A,GBR,WB_WDI_SI_POV_GINI,_T,_T,_T,0_TO_100,_Z,_Z,_Z,1984,29.2,_Z,IX,2,WB_WDI,P1Y,0,A,PU,Annual,United Kingdom,Gini index,Total,All age ranges or no breakdown by age,Total,0-100 scale,Not Applicable,Not Applicable,Not Applicable,Not Applicable,Index,Two,World Development Indicators (WDI),Annual,Units,Normal value,Public
datastructure,WB.DATA360:DS_DATA360(1.3),I,A,USA,WB_WDI_SI_POV_GINI,_T,_T,_T,0_TO_100,_Z,_Z,_Z,1984,37.3,_Z,IX,2,WB_WDI,P1Y,0,A,PU,Annual,United States,Gini index,Total,All age ranges or no breakdown by age,Total,0-100 scale,Not Applicable,Not Applicable,Not Applicable,Not Applicable,Index,Two,World Development Indicators (WDI),Annual,Units,Normal value,Public
datastructure,WB.DATA360:DS_DATA360(1.3),I,A,PER,WB_WDI_SI_POV_GINI,_T,_T,_T,0_TO_100,_Z,_Z,_Z,1994,44.0,_Z,IX,2,WB_WDI,P1Y,0,A,PU,Annual,Peru,Gini index,Total,All age ranges or no breakdown by age,Total,0-100 scale,Not Applicable,Not Applicable,Not Applicable,Not Applicable,Index,Two,World Development Indicators (WDI),Annual,Units,Normal value,Public
datastructure,WB.DATA360:DS_DATA360(1.3),I,A,PHL,WB_WDI_SI_POV_GINI,_T,_T,_T,0_TO_100,_Z,_Z,_Z,1994,42.9,_Z,IX,2,WB_WDI,P1Y,0,A,PU,Annual,Philippines,Gini index,Total,All age ranges or no breakdown by age,Total,0-100 scale,Not Applicable,Not Applicable,Not Applicable,Not Applicable,Index,Two,World Development Indicators (WDI),Annual,Units,Normal value,Public
datastructure,WB.DATA360:DS_DATA360(1.3),I,A,ROU,WB_WDI_SI_POV_GINI,_T,_T,_T,0_TO_100,_Z,_Z,_Z,1994,28.2,_Z,IX,2,WB_WDI,P1Y,0,A,PU,Annual,Romania,Gini index,Total,All age ranges or no breakdown by age,Total,0-100 scale,Not Applicable,Not Applicable,Not Applicable,Not Applicable,Index,Two,World Development Indicators (WDI),Annual,Units,Normal value,Public
datastructure,WB.DATA360:DS_DATA360(1.3),I,A,SVN,WB_WDI_SI_POV_GINI,_T,_T,_T,0_TO_100,_Z,_Z,_Z,1997,24.1,_Z,IX,2,WB_WDI,P1Y,0,A,PU,Annual,Slovenia,Gini index,Total,All age ranges or no breakdown by age,Total,0-100 scale,Not Applicable,Not Applicable,Not Applicable,Not Applicable,Index,Two,World Development Indicators (WDI),Annual,Units,Normal value,Public
datastructure,WB.DATA360:DS_DATA360(1.3),I,A,ESP,WB_WDI_SI_POV_GINI,_T,_T,_T,0_TO_100,_Z,_Z,_Z,1997,35.3,_Z,IX,2,WB_WDI,P1Y,0,A,PU,Annual,Spain,Gini index,Total,All age ranges or no breakdown by age,Total,0-100 scale,Not Applicable,Not Applicable,Not Applicable,Not Applicable,Index,Two,World Development Indicators (WDI),Annual,Units,Normal value,Public
datastructure,WB.DATA360:DS_DATA360(1.3),I,A,JAM,WB_WDI_SI_POV_GINI,_T,_T,_T,0_TO_100,_Z,_Z,_Z,1988,43.2,_Z,IX,2,WB_WDI,P1Y,0,A,PU,Annual,Jamaica,Gini index,Total,All age ranges or no breakdown by age,Total,0-100 scale,Not Applicable,Not Applicable,Not Applicable,Not Applicable,Index,Two,World Development Indicators (WDI),Annual,Units,Normal value,Public
datastructure,WB.DATA360:DS_DATA360(1.3),I,A,POL,WB_WDI_SI_POV_GINI,_T,_T,_T,0_TO_100,_Z,_Z,_Z,1996,32.6,_Z,IX,2,WB_WDI,P1Y,0,A,PU,Annual,Poland,Gini index,Total,All age ranges or no breakdown by age,Total,0-100 scale,Not Applicable,Not Applicable,Not Applicable,Not Applicable,Index,Two,World Development Indicators (WDI),Annual,Units,Normal value,Public
datastructure,WB.DATA360:DS_DATA360(1.3),I,A,RUS,WB_WDI_SI_POV_GINI,_T,_T,_T,0_TO_100,_Z,_Z,_Z,1996,46.1,_Z,IX,2,WB_WDI,P1Y,0,A,PU,Annual,Russian Federation,Gini index,Total,All age ranges or no breakdown by age,Total,0-100 scale,Not Applicable,Not Applicable,Not Applicable,Not Applicable,Index,Two,World Development Indicators (WDI),Annual,Units,Normal value,Public
datastructure,WB.DATA360:DS_DATA360(1.3),I,A,SVK,WB_WDI_SI_POV_GINI,_T,_T,_T,0_TO_100,_Z,_Z,_Z,1996,26.3,_Z,IX,2,WB_WDI,P1Y,0,A,PU,Annual,Slovak Republic,Gini index,Total,All age ranges or no breakdown by age,Total,0-100 scale,Not Applicable,Not Applicable,Not Applicable,Not Applicable,Index,Two,World Development Indicators (WDI),Annual,Units,Normal value,Public
datastructure,WB.DATA360:DS_DATA360(1.3),I,A,ITA,WB_WDI_SI_POV_GINI,_T,_T,_T,0_TO_100,_Z,_Z,_Z,1991,31.1,_Z,IX,2,WB_WDI,P1Y,0,A,PU,Annual,Italy,Gini index,Total,All age ranges or no breakdown by age,Total,0-100 scale,Not Applicable,Not Applicable,Not Applicable,Not Applicable,Index,Two,World Development Indicators (WDI),Annual,Units,Normal value,Public
datastructure,WB.DATA360:DS_DATA360(1.3),I,A,LUX,WB_WDI_SI_POV_GINI,_T,_T,_T,0_TO_100,_Z,_Z,_Z,1991,27.2,_Z,IX,2,WB_WDI,P1Y,0,A,PU,Annual,Luxembourg,Gini index,Total,All age ranges or no breakdown by age,Total,0-100 scale,Not Applicable,Not Applicable,Not Applicable,Not Applicable,Index,Two,World Development Indicators (WDI),Annual,Units,Normal value,Public
datastructure,WB.DATA360:DS_DATA360(1.3),I,A,GBR,WB_WDI_SI_POV_GINI,_T,_T,_T,0_TO_100,_Z,_Z,_Z,1991,35.0,_Z,IX,2,WB_WDI,P1Y,0,A,PU,Annual,United Kingdom,Gini index,Total,All age ranges or no breakdown by age,Total,0-100 scale,Not Applicable,Not Applicable,Not Applicable,Not Applicable,Index,Two,World Development Indicators (WDI),Annual,Units,Normal value,Public
datastructure,WB.DATA360:DS_DATA360(1.3),I,A,USA,WB_WDI_SI_POV_GINI,_T,_T,_T,0_TO_100,_Z,_Z,_Z,1991,38.0,_Z,IX,2,WB_WDI,P1Y,0,A,PU,Annual,United States,Gini index,Total,All age ranges or no breakdown by age,Total,0-100 scale,Not Applicable,Not Applicable,Not Applicable,Not Applicable,Index,Two,World Development Indicators (WDI),Annual,Units,Normal value,Public
datastructure,WB.DATA360:DS_DATA360(1.3),I,A,CRI,WB_WDI_SI_POV_GINI,_T,_T,_T,0_TO_100,_Z,_Z,_Z,1993,45.9,_Z,IX,2,WB_WDI,P1Y,0,A,PU,Annual,Costa Rica,Gini index,Total,All age ranges or no breakdown by age,Total,0-100 scale,Not Applicable,Not Applicable,Not Applicable,Not Applicable,Index,Two,World Development Indicators (WDI),Annual,Units,Normal value,Public
datastructure,WB.DATA360:DS_DATA360(1.3),I,A,CZE,WB_WDI_SI_POV_GINI,_T,_T,_T,0_TO_100,_Z,_Z,_Z,1993,26.6,_Z,IX,2,WB_WDI,P1Y,0,A,PU,Annual,Czechia,Gini index,Total,All age ranges or no breakdown by age,Total,0-100 scale,Not Applicable,Not Applicable,Not Applicable,Not Applicable,Index,Two,World Development Indicators (WDI),Annual,Units,Normal value,Public
datastructure,WB.DATA360:DS_DATA360(1.3),I,A,COL,WB_WDI_SI_POV_GINI,_T,_T,_T,0_TO_100,_Z,_Z,_Z,1991,51.3,_Z,IX,2,WB_WDI,P1Y,0,A,PU,Annual,Colombia,Gini index,Total,All age ranges or no breakdown by age,Total,0-100 scale,Not Applicable,Not Applicable,Not Applicable,Not Applicable,Index,Two,World Development Indicators (WDI),Annual,Units,Normal value,Public
datastructure,WB.DATA360:DS_DATA360(1.3),I,A,CRI,WB_WDI_SI_POV_GINI,_T,_T,_T,0_TO_100,_Z,_Z,_Z,1991,46.6,_Z,IX,2,WB_WDI,P1Y,0,A,PU,Annual,Costa Rica,Gini index,Total,All age ranges or no breakdown by age,Total,0-100 scale,Not Applicable,Not Applicable,Not Applicable,Not Applicable,Index,Two,World Development Indicators (WDI),Annual,Units,Normal value,Public
datastructure,WB.DATA360:DS_DATA360(1.3),I,A,SVN,WB_WDI_SI_POV_GINI,_T,_T,_T,0_TO_100,_Z,_Z,_Z,1993,29.1,_Z,IX,2,WB_WDI,P1Y,0,A,PU,Annual,Slovenia,Gini index,Total,All age ranges or no breakdown by age,Total,0-100 scale,Not Applicable,Not Applicable,Not Applicable,Not Applicable,Index,Two,World Development Indicators (WDI),Annual,Units,Normal value,Public
datastructure,WB.DATA360:DS_DATA360(1.3),I,A,ZAF,WB_WDI_SI_POV_GINI,_T,_T,_T,0_TO_100,_Z,_Z,_Z,1993,59.3,_Z,IX,2,WB_WDI,P1Y,0,A,PU,Annual,South Africa,Gini index,Total,All age ranges or no breakdown by age,Total,0-100 scale,Not Applicable,Not Applicable,Not Applicable,Not Applicable,Index,Two,World Development Indicators (WDI),Annual,Units,Normal value,Public
datastructure,WB.DATA360:DS_DATA360(1.3),I,A,ESP,WB_WDI_SI_POV_GINI,_T,_T,_T,0_TO_100,_Z,_Z,_Z,1993,35.7,_Z,IX,2,WB_WDI,P1Y,0,A,PU,Annual,Spain,Gini index,Total,All age ranges or no breakdown by age,Total,0-100 scale,Not Applicable,Not Applicable,Not Applicable,Not Applicable,Index,Two,World Development Indicators (WDI),Annual,Units,Normal value,Public
datastructure,WB.DATA360:DS_DATA360(1.3),I,A,ESP,WB_WDI_SI_POV_GINI,_T,_T,_T,0_TO_100,_Z,_Z,_Z,1995,35.7,_Z,IX,2,WB_WDI,P1Y,0,A,PU,Annual,Spain,Gini index,Total,All age ranges or no breakdown by age,Total,0-100 scale,Not Applicable,Not Applicable,Not Applicable,Not Applicable,Index,Two,World Development Indicators (WDI),Annual,Units,Normal value,Public
datastructure,WB.DATA360:DS_DATA360(1.3),I,A,LKA,WB_WDI_SI_POV_GINI,_T,_T,_T,0_TO_100,_Z,_Z,_Z,1995,35.4,_Z,IX,2,WB_WDI,P1Y,0,A,PU,Annual,Sri Lanka,Gini index,Total,All age ranges or no breakdown by age,Total,0-100 scale,Not Applicable,Not Applicable,Not Applicable,Not Applicable,Index,Two,World Development Indicators (WDI),Annual,Units,Normal value,Public
datastructure,WB.DATA360:DS_DATA360(1.3),I,A,LCA,WB_WDI_SI_POV_GINI,_T,_T,_T,0_TO_100,_Z,_Z,_Z,1995,42.6,_Z,IX,2,WB_WDI,P1Y,0,A,PU,Annual,St. Lucia,Gini index,Total,All age ranges or no breakdown by age,Total,0-100 scale,Not Applicable,Not Applicable,Not Applicable,Not Applicable,Index,Two,World Development Indicators (WDI),Annual,Units,Normal value,Public
datastructure,WB.DATA360:DS_DATA360(1.3),I,A,SWE,WB_WDI_SI_POV_GINI,_T,_T,_T,0_TO_100,_Z,_Z,_Z,1995,25.2,_Z,IX,2,WB_WDI,P1Y,0,A,PU,Annual,Sweden,Gini index,Total,All age ranges or no breakdown by age,Total,0-100 scale,Not Applicable,Not Applicable,Not Applicable,Not Applicable,Index,Two,World Development Indicators (WDI),Annual,Units,Normal value,Public
datastructure,WB.DATA360:DS_DATA360(1.3),I,A,ARG,WB_WDI_SI_POV_GINI,_T,_T,_T,0_TO_100,_Z,_Z,_Z,1996,49.5,_Z,IX,2,WB_WDI,P1Y,0,A,PU,Annual,Argentina,Gini index,Total,All age ranges or no breakdown by age,Total,0-100 scale,Not Applicable,Not Applicable,Not Applicable,Not Applicable,Index,Two,World Development Indicators (WDI),Annual,Units,Normal value,Public
datastructure,WB.DATA360:DS_DATA360(1.3),I,A,ARM,WB_WDI_SI_POV_GINI,_T,_T,_T,0_TO_100,_Z,_Z,_Z,1996,44.4,_Z,IX,2,WB_WDI,P1Y,0,A,PU,Annual,Armenia,Gini index,Total,All age ranges or no breakdown by age,Total,0-100 scale,Not Applicable,Not Applicable,Not Applicable,Not Applicable,Index,Two,World Development Indicators (WDI),Annual,Units,Normal value,Public
datastructure,WB.DATA360:DS_DATA360(1.3),I,A,AUT,WB_WDI_SI_POV_GINI,_T,_T,_T,0_TO_100,_Z,_Z,_Z,1996,29.3,_Z,IX,2,WB_WDI,P1Y,0,A,PU,Annual,Austria,Gini index,Total,All age ranges or no breakdown by age,Total,0-100 scale,Not Applicable,Not Applicable,Not Applicable,Not Applicable,Index,Two,World Development Indicators (WDI),Annual,Units,Normal value,Public
datastructure,WB.DATA360:DS_DATA360(1.3),I,A,BLZ,WB_WDI_SI_POV_GINI,_T,_T,_T,0_TO_100,_Z,_Z,_Z,1996,56.6,_Z,IX,2,WB_WDI,P1Y,0,A,PU,Annual,Belize,Gini index,Total,All age ranges or no breakdown by age,Total,0-100 scale,Not Applicable,Not Applicable,Not Applicable,Not Applicable,Index,Two,World Development Indicators (WDI),Annual,Units,Normal value,Public
datastructure,WB.DATA360:DS_DATA360(1.3),I,A,SLV,WB_WDI_SI_POV_GINI,_T,_T,_T,0_TO_100,_Z,_Z,_Z,1991,53.8,_Z,IX,2,WB_WDI,P1Y,0,A,PU,Annual,El Salvador,Gini index,Total,All age ranges or no breakdown by age,Total,0-100 scale,Not Applicable,Not Applicable,Not Applicable,Not Applicable,Index,Two,World Development Indicators (WDI),Annual,Units,Normal value,Public
datastructure,WB.DATA360:DS_DATA360(1.3),I,A,FIN,WB_WDI_SI_POV_GINI,_T,_T,_T,0_TO_100,_Z,_Z,_Z,1991,22.9,_Z,IX,2,WB_WDI,P1Y,0,A,PU,Annual,Finland,Gini index,Total,All age ranges or no breakdown by age,Total,0-100 scale,Not Applicable,Not Applicable,Not Applicable,Not Applicable,Index,Two,World Development Indicators (WDI),Annual,Units,Normal value,Public
datastructure,WB.DATA360:DS_DATA360(1.3),I,A,DEU,WB_WDI_SI_POV_GINI,_T,_T,_T,0_TO_100,_Z,_Z,_Z,1991,29.3,_Z,IX,2,WB_WDI,P1Y,0,A,PU,Annual,Germany,Gini index,Total,All age ranges or no breakdown by age,Total,0-100 scale,Not Applicable,Not Applicable,Not Applicable,Not Applicable,Index,Two,World Development Indicators (WDI),Annual,Units,Normal value,Public
datastructure,WB.DATA360:DS_DATA360(1.3),I,A,GHA,WB_WDI_SI_POV_GINI,_T,_T,_T,0_TO_100,_Z,_Z,_Z,1991,38.4,_Z,IX,2,WB_WDI,P1Y,0,A,PU,Annual,Ghana,Gini index,Total,All age ranges or no breakdown by age,Total,0-100 scale,Not Applicable,Not Applicable,Not Applicable,Not Applicable,Index,Two,World Development Indicators (WDI),Annual,Units,Normal value,Public
datastructure,WB.DATA360:DS_DATA360(1.3),I,A,GEO,WB_WDI_SI_POV_GINI,_T,_T,_T,0_TO_100,_Z,_Z,_Z,1996,37.1,_Z,IX,2,WB_WDI,P1Y,0,A,PU,Annual,Georgia,Gini index,Total,All age ranges or no breakdown by age,Total,0-100 scale,Not Applicable,Not Applicable,Not Applicable,Not Applicable,Index,Two,World Development Indicators (WDI),Annual,Units,Normal value,Public
datastructure,WB.DATA360:DS_DATA360(1.3),I,A,DEU,WB_WDI_SI_POV_GINI,_T,_T,_T,0_TO_100,_Z,_Z,_Z,1996,28.3,_Z,IX,2,WB_WDI,P1Y,0,A,PU,Annual,Germany,Gini index,Total,All age ranges or no breakdown by age,Total,0-100 scale,Not Applicable,Not Applicable,Not Applicable,Not Applicable,Index,Two,World Development Indicators (WDI),Annual,Units,Normal value,Public
datastructure,WB.DATA360:DS_DATA360(1.3),I,A,HND,WB_WDI_SI_POV_GINI,_T,_T,_T,0_TO_100,_Z,_Z,_Z,1996,55.7,_Z,IX,2,WB_WDI,P1Y,0,A,PU,Annual,Honduras,Gini index,Total,All age ranges or no breakdown by age,Total,0-100 scale,Not Applicable,Not Applicable,Not Applicable,Not Applicable,Index,Two,World Development Indicators (WDI),Annual,Units,Normal value,Public
datastructure,WB.DATA360:DS_DATA360(1.3),I,A,ROU,WB_WDI_SI_POV_GINI,_T,_T,_T,0_TO_100,_Z,_Z,_Z,1995,31.2,_Z,IX,2,WB_WDI,P1Y,0,A,PU,Annual,Romania,Gini index,Total,All age ranges or no breakdown by age,Total,0-100 scale,Not Applicable,Not Applicable,Not Applicable,Not Applicable,Index,Two,World Development Indicators (WDI),Annual,Units,Normal value,Public
datastructure,WB.DATA360:DS_DATA360(1.3),I,A,CRI,WB_WDI_SI_POV_GINI,_T,_T,_T,0_TO_100,_Z,_Z,_Z,1998,45.6,_Z,IX,2,WB_WDI,P1Y,0,A,PU,Annual,Costa Rica,Gini index,Total,All age ranges or no breakdown by age,Total,0-100 scale,Not Applicable,Not Applicable,Not Applicable,Not Applicable,Index,Two,World Development Indicators (WDI),Annual,Units,Normal value,Public
datastructure,WB.DATA360:DS_DATA360(1.3),I,A,CIV,WB_WDI_SI_POV_GINI,_T,_T,_T,0_TO_100,_Z,_Z,_Z,1998,39.0,_Z,IX,2,WB_WDI,P1Y,0,A,PU,Annual,Côte d’Ivoire,Gini index,Total,All age ranges or no breakdown by age,Total,0-100 scale,Not Applicable,Not Applicable,Not Applicable,Not Applicable,Index,Two,World Development Indicators (WDI),Annual,Units,Normal value,Public
datastructure,WB.DATA360:DS_DATA360(1.3),I,A,HRV,WB_WDI_SI_POV_GINI,_T,_T,_T,0_TO_100,_Z,_Z,_Z,1998,28.7,_Z,IX,2,WB_WDI,P1Y,0,A,PU,Annual,Croatia,Gini index,Total,All age ranges or no breakdown by age,Total,0-100 scale,Not Applicable,Not Applicable,Not Applicable,Not Applicable,Index,Two,World Development Indicators (WDI),Annual,Units,Normal value,Public
datastructure,WB.DATA360:DS_DATA360(1.3),I,A,ECU,WB_WDI_SI_POV_GINI,_T,_T,_T,0_TO_100,_Z,_Z,_Z,1998,49.6,_Z,IX,2,WB_WDI,P1Y,0,A,PU,Annual,Ecuador,Gini index,Total,All age ranges or no breakdown by age,Total,0-100 scale,Not Applicable,Not Applicable,Not Applicable,Not Applicable,Index,Two,World Development Indicators (WDI),Annual,Units,Normal value,Public
datastructure,WB.DATA360:DS_DATA360(1.3),I,A,MEX,WB_WDI_SI_POV_GINI,_T,_T,_T,0_TO_100,_Z,_Z,_Z,1996,52.0,_Z,IX,2,WB_WDI,P1Y,0,A,PU,Annual,Mexico,Gini index,Total,All age ranges or no breakdown by age,Total,0-100 scale,Not Applicable,Not Applicable,Not Applicable,Not Applicable,Index,Two,World Development Indicators (WDI),Annual,Units,Normal value,Public
datastructure,WB.DATA360:DS_DATA360(1.3),I,A,MOZ,WB_WDI_SI_POV_GINI,_T,_T,_T,0_TO_100,_Z,_Z,_Z,1996,53.3,_Z,IX,2,WB_WDI,P1Y,0,A,PU,Annual,Mozambique,Gini index,Total,All age ranges or no breakdown by age,Total,0-100 scale,Not Applicable,Not Applicable,Not Applicable,Not Applicable,Index,Two,World Development Indicators (WDI),Annual,Units,Normal value,Public
datastructure,WB.DATA360:DS_DATA360(1.3),I,A,ARG,WB_WDI_SI_POV_GINI,_T,_T,_T,0_TO_100,_Z,_Z,_Z,1994,45.9,_Z,IX,2,WB_WDI,P1Y,0,A,PU,Annual,Argentina,Gini index,Total,All age ranges or no breakdown by age,Total,0-100 scale,Not Applicable,Not Applicable,Not Applicable,Not Applicable,Index,Two,World Development Indicators (WDI),Annual,Units,Normal value,Public
datastructure,WB.DATA360:DS_DATA360(1.3),I,A,AUT,WB_WDI_SI_POV_GINI,_T,_T,_T,0_TO_100,_Z,_Z,_Z,1994,30.8,_Z,IX,2,WB_WDI,P1Y,0,A,PU,Annual,Austria,Gini index,Total,All age ranges or no breakdown by age,Total,0-100 scale,Not Applicable,Not Applicable,Not Applicable,Not Applicable,Index,Two,World Development Indicators (WDI),Annual,Units,Normal value,Public
datastructure,WB.DATA360:DS_DATA360(1.3),I,A,LVA,WB_WDI_SI_POV_GINI,_T,_T,_T,0_TO_100,_Z,_Z,_Z,1996,31.6,_Z,IX,2,WB_WDI,P1Y,0,A,PU,Annual,Latvia,Gini index,Total,All age ranges or no breakdown by age,Total,0-100 scale,Not Applicable,Not Applicable,Not Applicable,Not Applicable,Index,Two,World Development Indicators (WDI),Annual,Units,Normal value,Public
datastructure,WB.DATA360:DS_DATA360(1.3),I,A,LTU,WB_WDI_SI_POV_GINI,_T,_T,_T,0_TO_100,_Z,_Z,_Z,1996,32.3,_Z,IX,2,WB_WDI,P1Y,0,A,PU,Annual,Lithuania,Gini index,Total,All age ranges or no breakdown by age,Total,0-100 scale,Not Applicable,Not Applicable,Not Applicable,Not Applicable,Index,Two,World Development Indicators (WDI),Annual,Units,Normal value,Public
datastructure,WB.DATA360:DS_DATA360(1.3),I,A,LUX,WB_WDI_SI_POV_GINI,_T,_T,_T,0_TO_100,_Z,_Z,_Z,1996,29.1,_Z,IX,2,WB_WDI,P1Y,0,A,PU,Annual,Luxembourg,Gini index,Total,All age ranges or no breakdown by age,Total,0-100 scale,Not Applicable,Not Applicable,Not Applicable,Not Applicable,Index,Two,World Development Indicators (WDI),Annual,Units,Normal value,Public
datastructure,WB.DATA360:DS_DATA360(1.3),I,A,HUN,WB_WDI_SI_POV_GINI,_T,_T,_T,0_TO_100,_Z,_Z,_Z,1987,20.9,_Z,IX,2,WB_WDI,P1Y,0,A,PU,Annual,Hungary,Gini index,Total,All age ranges or no breakdown by age,Total,0-100 scale,Not Applicable,Not Applicable,Not Applicable,Not Applicable,Index,Two,World Development Indicators (WDI),Annual,Units,Normal value,Public
datastructure,WB.DATA360:DS_DATA360(1.3),I,A,IND,WB_WDI_SI_POV_GINI,_T,_T,_T,0_TO_100,_Z,_Z,_Z,1987,27.5,_Z,IX,2,WB_WDI,P1Y,0,A,PU,Annual,India,Gini index,Total,All age ranges or no breakdown by age,Total,0-100 scale,Not Applicable,Not Applicable,Not Applicable,Not Applicable,Index,Two,World Development Indicators (WDI),Annual,Units,Normal value,Public
datastructure,WB.DATA360:DS_DATA360(1.3),I,A,IDN,WB_WDI_SI_POV_GINI,_T,_T,_T,0_TO_100,_Z,_Z,_Z,1987,30.4,_Z,IX,2,WB_WDI,P1Y,0,A,PU,Annual,Indonesia,Gini index,Total,All age ranges or no breakdown by age,Total,0-100 scale,Not Applicable,Not Applicable,Not Applicable,Not Applicable,Index,Two,World Development Indicators (WDI),Annual,Units,Normal value,Public
datastructure,WB.DATA360:DS_DATA360(1.3),I,A,IRL,WB_WDI_SI_POV_GINI,_T,_T,_T,0_TO_100,_Z,_Z,_Z,1987,35.5,_Z,IX,2,WB_WDI,P1Y,0,A,PU,Annual,Ireland,Gini index,Total,All age ranges or no breakdown by age,Total,0-100 scale,Not Applicable,Not Applicable,Not Applicable,Not Applicable,Index,Two,World Development Indicators (WDI),Annual,Units,Normal value,Public
datastructure,WB.DATA360:DS_DATA360(1.3),I,A,ITA,WB_WDI_SI_POV_GINI,_T,_T,_T,0_TO_100,_Z,_Z,_Z,1987,34.2,_Z,IX,2,WB_WDI,P1Y,0,A,PU,Annual,Italy,Gini index,Total,All age ranges or no breakdown by age,Total,0-100 scale,Not Applicable,Not Applicable,Not Applicable,Not Applicable,Index,Two,World Development Indicators (WDI),Annual,Units,Normal value,Public
datastructure,WB.DATA360:DS_DATA360(1.3),I,A,BEL,WB_WDI_SI_POV_GINI,_T,_T,_T,0_TO_100,_Z,_Z,_Z,1997,26.8,_Z,IX,2,WB_WDI,P1Y,0,A,PU,Annual,Belgium,Gini index,Total,All age ranges or no breakdown by age,Total,0-100 scale,Not Applicable,Not Applicable,Not Applicable,Not Applicable,Index,Two,World Development Indicators (WDI),Annual,Units,Normal value,Public
datastructure,WB.DATA360:DS_DATA360(1.3),I,A,BLZ,WB_WDI_SI_POV_GINI,_T,_T,_T,0_TO_100,_Z,_Z,_Z,1997,60.4,_Z,IX,2,WB_WDI,P1Y,0,A,PU,Annual,Belize,Gini index,Total,All age ranges or no breakdown by age,Total,0-100 scale,Not Applicable,Not Applicable,Not Applicable,Not Applicable,Index,Two,World Development Indicators (WDI),Annual,Units,Normal value,Public
datastructure,WB.DATA360:DS_DATA360(1.3),I,A,BOL,WB_WDI_SI_POV_GINI,_T,_T,_T,0_TO_100,_Z,_Z,_Z,1997,58.1,_Z,IX,2,WB_WDI,P1Y,0,A,PU,Annual,Bolivia,Gini index,Total,All age ranges or no breakdown by age,Total,0-100 scale,Not Applicable,Not Applicable,Not Applicable,Not Applicable,Index,Two,World Development Indicators (WDI),Annual,Units,Normal value,Public
datastructure,WB.DATA360:DS_DATA360(1.3),I,A,BRA,WB_WDI_SI_POV_GINI,_T,_T,_T,0_TO_100,_Z,_Z,_Z,1997,59.8,_Z,IX,2,WB_WDI,P1Y,0,A,PU,Annual,Brazil,Gini index,Total,All age ranges or no breakdown by age,Total,0-100 scale,Not Applicable,Not Applicable,Not Applicable,Not Applicable,Index,Two,World Development Indicators (WDI),Annual,Units,Normal value,Public
datastructure,WB.DATA360:DS_DATA360(1.3),I,A,BGR,WB_WDI_SI_POV_GINI,_T,_T,_T,0_TO_100,_Z,_Z,_Z,1997,26.4,_Z,IX,2,WB_WDI,P1Y,0,A,PU,Annual,Bulgaria,Gini index,Total,All age ranges or no breakdown by age,Total,0-100 scale,Not Applicable,Not Applicable,Not Applicable,Not Applicable,Index,Two,World Development Indicators (WDI),Annual,Units,Normal value,Public
datastructure,WB.DATA360:DS_DATA360(1.3),I,A,DOM,WB_WDI_SI_POV_GINI,_T,_T,_T,0_TO_100,_Z,_Z,_Z,1996,47.4,_Z,IX,2,WB_WDI,P1Y,0,A,PU,Annual,Dominican Republic,Gini index,Total,All age ranges or no breakdown by age,Total,0-100 scale,Not Applicable,Not Applicable,Not Applicable,Not Applicable,Index,Two,World Development Indicators (WDI),Annual,Units,Normal value,Public
datastructure,WB.DATA360:DS_DATA360(1.3),I,A,SLV,WB_WDI_SI_POV_GINI,_T,_T,_T,0_TO_100,_Z,_Z,_Z,1996,51.0,_Z,IX,2,WB_WDI,P1Y,0,A,PU,Annual,El Salvador,Gini index,Total,All age ranges or no breakdown by age,Total,0-100 scale,Not Applicable,Not Applicable,Not Applicable,Not Applicable,Index,Two,World Development Indicators (WDI),Annual,Units,Normal value,Public
datastructure,WB.DATA360:DS_DATA360(1.3),I,A,FRA,WB_WDI_SI_POV_GINI,_T,_T,_T,0_TO_100,_Z,_Z,_Z,1996,32.0,_Z,IX,2,WB_WDI,P1Y,0,A,PU,Annual,France,Gini index,Total,All age ranges or no breakdown by age,Total,0-100 scale,Not Applicable,Not Applicable,Not Applicable,Not Applicable,Index,Two,World Development Indicators (WDI),Annual,Units,Normal value,Public
datastructure,WB.DATA360:DS_DATA360(1.3),I,A,JOR,WB_WDI_SI_POV_GINI,_T,_T,_T,0_TO_100,_Z,_Z,_Z,1992,43.1,_Z,IX,2,WB_WDI,P1Y,0,A,PU,Annual,Jordan,Gini index,Total,All age ranges or no breakdown by age,Total,0-100 scale,Not Applicable,Not Applicable,Not Applicable,Not Applicable,Index,Two,World Development Indicators (WDI),Annual,Units,Normal value,Public
datastructure,WB.DATA360:DS_DATA360(1.3),I,A,KEN,WB_WDI_SI_POV_GINI,_T,_T,_T,0_TO_100,_Z,_Z,_Z,1992,56.9,_Z,IX,2,WB_WDI,P1Y,0,A,PU,Annual,Kenya,Gini index,Total,All age ranges or no breakdown by age,Total,0-100 scale,Not Applicable,Not Applicable,Not Applicable,Not Applicable,Index,Two,World Development Indicators (WDI),Annual,Units,Normal value,Public
datastructure,WB.DATA360:DS_DATA360(1.3),I,A,LAO,WB_WDI_SI_POV_GINI,_T,_T,_T,0_TO_100,_Z,_Z,_Z,1992,34.3,_Z,IX,2,WB_WDI,P1Y,0,A,PU,Annual,Lao PDR,Gini index,Total,All age ranges or no breakdown by age,Total,0-100 scale,Not Applicable,Not Applicable,Not Applicable,Not Applicable,Index,Two,World Development Indicators (WDI),Annual,Units,Normal value,Public
datastructure,WB.DATA360:DS_DATA360(1.3),I,A,LUX,WB_WDI_SI_POV_GINI,_T,_T,_T,0_TO_100,_Z,_Z,_Z,1992,27.3,_Z,IX,2,WB_WDI,P1Y,0,A,PU,Annual,Luxembourg,Gini index,Total,All age ranges or no breakdown by age,Total,0-100 scale,Not Applicable,Not Applicable,Not Applicable,Not Applicable,Index,Two,World Development Indicators (WDI),Annual,Units,Normal value,Public
datastructure,WB.DATA360:DS_DATA360(1.3),I,A,GBR,WB_WDI_SI_POV_GINI,_T,_T,_T,0_TO_100,_Z,_Z,_Z,1976,27.6,_Z,IX,2,WB_WDI,P1Y,0,A,PU,Annual,United Kingdom,Gini index,Total,All age ranges or no breakdown by age,Total,0-100 scale,Not Applicable,Not Applicable,Not Applicable,Not Applicable,Index,Two,World Development Indicators (WDI),Annual,Units,Normal value,Public
datastructure,WB.DATA360:DS_DATA360(1.3),I,A,USA,WB_WDI_SI_POV_GINI,_T,_T,_T,0_TO_100,_Z,_Z,_Z,1976,35.6,_Z,IX,2,WB_WDI,P1Y,0,A,PU,Annual,United States,Gini index,Total,All age ranges or no breakdown by age,Total,0-100 scale,Not Applicable,Not Applicable,Not Applicable,Not Applicable,Index,Two,World Development Indicators (WDI),Annual,Units,Normal value,Public
datastructure,WB.DATA360:DS_DATA360(1.3),I,A,BRA,WB_WDI_SI_POV_GINI,_T,_T,_T,0_TO_100,_Z,_Z,_Z,1996,59.8,_Z,IX,2,WB_WDI,P1Y,0,A,PU,Annual,Brazil,Gini index,Total,All age ranges or no breakdown by age,Total,0-100 scale,Not Applicable,Not Applicable,Not Applicable,Not Applicable,Index,Two,World Development Indicators (WDI),Annual,Units,Normal value,Public
datastructure,WB.DATA360:DS_DATA360(1.3),I,A,CMR,WB_WDI_SI_POV_GINI,_T,_T,_T,0_TO_100,_Z,_Z,_Z,1996,44.4,_Z,IX,2,WB_WDI,P1Y,0,A,PU,Annual,Cameroon,Gini index,Total,All age ranges or no breakdown by age,Total,0-100 scale,Not Applicable,Not Applicable,Not Applicable,Not Applicable,Index,Two,World Development Indicators (WDI),Annual,Units,Normal value,Public
datastructure,WB.DATA360:DS_DATA360(1.3),I,A,CAN,WB_WDI_SI_POV_GINI,_T,_T,_T,0_TO_100,_Z,_Z,_Z,1996,32.8,_Z,IX,2,WB_WDI,P1Y,0,A,PU,Annual,Canada,Gini index,Total,All age ranges or no breakdown by age,Total,0-100 scale,Not Applicable,Not Applicable,Not Applicable,Not Applicable,Index,Two,World Development Indicators (WDI),Annual,Units,Normal value,Public
datastructure,WB.DATA360:DS_DATA360(1.3),I,A,BEL,WB_WDI_SI_POV_GINI,_T,_T,_T,0_TO_100,_Z,_Z,_Z,1992,24.9,_Z,IX,2,WB_WDI,P1Y,0,A,PU,Annual,Belgium,Gini index,Total,All age ranges or no breakdown by age,Total,0-100 scale,Not Applicable,Not Applicable,Not Applicable,Not Applicable,Index,Two,World Development Indicators (WDI),Annual,Units,Normal value,Public
datastructure,WB.DATA360:DS_DATA360(1.3),I,A,BOL,WB_WDI_SI_POV_GINI,_T,_T,_T,0_TO_100,_Z,_Z,_Z,1992,49.1,_Z,IX,2,WB_WDI,P1Y,0,A,PU,Annual,Bolivia,Gini index,Total,All age ranges or no breakdown by age,Total,0-100 scale,Not Applicable,Not Applicable,Not Applicable,Not Applicable,Index,Two,World Development Indicators (WDI),Annual,Units,Normal value,Public
datastructure,WB.DATA360:DS_DATA360(1.3),I,A,ECU,WB_WDI_SI_POV_GINI,_T,_T,_T,0_TO_100,_Z,_Z,_Z,1994,53.3,_Z,IX,2,WB_WDI,P1Y,0,A,PU,Annual,Ecuador,Gini index,Total,All age ranges or no breakdown by age,Total,0-100 scale,Not Applicable,Not Applicable,Not Applicable,Not Applicable,Index,Two,World Development Indicators (WDI),Annual,Units,Normal value,Public
datastructure,WB.DATA360:DS_DATA360(1.3),I,A,SWZ,WB_WDI_SI_POV_GINI,_T,_T,_T,0_TO_100,_Z,_Z,_Z,1994,58.7,_Z,IX,2,WB_WDI,P1Y,0,A,PU,Annual,Eswatini,Gini index,Total,All age ranges or no breakdown by age,Total,0-100 scale,Not Applicable,Not Applicable,Not Applicable,Not Applicable,Index,Two,World Development Indicators (WDI),Annual,Units,Normal value,Public
datastructure,WB.DATA360:DS_DATA360(1.3),I,A,CRI,WB_WDI_SI_POV_GINI,_T,_T,_T,0_TO_100,_Z,_Z,_Z,1992,45.6,_Z,IX,2,WB_WDI,P1Y,0,A,PU,Annual,Costa Rica,Gini index,Total,All age ranges or no breakdown by age,Total,0-100 scale,Not Applicable,Not Applicable,Not Applicable,Not Applicable,Index,Two,World Development Indicators (WDI),Annual,Units,Normal value,Public
datastructure,WB.DATA360:DS_DATA360(1.3),I,A,CIV,WB_WDI_SI_POV_GINI,_T,_T,_T,0_TO_100,_Z,_Z,_Z,1992,39.4,_Z,IX,2,WB_WDI,P1Y,0,A,PU,Annual,Côte d’Ivoire,Gini index,Total,All age ranges or no breakdown by age,Total,0-100 scale,Not Applicable,Not Applicable,Not Applicable,Not Applicable,Index,Two,World Development Indicators (WDI),Annual,Units,Normal value,Public
datastructure,WB.DATA360:DS_DATA360(1.3),I,A,CZE,WB_WDI_SI_POV_GINI,_T,_T,_T,0_TO_100,_Z,_Z,_Z,1992,20.7,_Z,IX,2,WB_WDI,P1Y,0,A,PU,Annual,Czechia,Gini index,Total,All age ranges or no breakdown by age,Total,0-100 scale,Not Applicable,Not Applicable,Not Applicable,Not Applicable,Index,Two,World Development Indicators (WDI),Annual,Units,Normal value,Public
datastructure,WB.DATA360:DS_DATA360(1.3),I,A,DNK,WB_WDI_SI_POV_GINI,_T,_T,_T,0_TO_100,_Z,_Z,_Z,1992,24.7,_Z,IX,2,WB_WDI,P1Y,0,A,PU,Annual,Denmark,Gini index,Total,All age ranges or no breakdown by age,Total,0-100 scale,Not Applicable,Not Applicable,Not Applicable,Not Applicable,Index,Two,World Development Indicators (WDI),Annual,Units,Normal value,Public
datastructure,WB.DATA360:DS_DATA360(1.3),I,A,DOM,WB_WDI_SI_POV_GINI,_T,_T,_T,0_TO_100,_Z,_Z,_Z,1992,51.1,_Z,IX,2,WB_WDI,P1Y,0,A,PU,Annual,Dominican Republic,Gini index,Total,All age ranges or no breakdown by age,Total,0-100 scale,Not Applicable,Not Applicable,Not Applicable,Not Applicable,Index,Two,World Development Indicators (WDI),Annual,Units,Normal value,Public
datastructure,WB.DATA360:DS_DATA360(1.3),I,A,LTU,WB_WDI_SI_POV_GINI,_T,_T,_T,0_TO_100,_Z,_Z,_Z,1993,33.2,_Z,IX,2,WB_WDI,P1Y,0,A,PU,Annual,Lithuania,Gini index,Total,All age ranges or no breakdown by age,Total,0-100 scale,Not Applicable,Not Applicable,Not Applicable,Not Applicable,Index,Two,World Development Indicators (WDI),Annual,Units,Normal value,Public
datastructure,WB.DATA360:DS_DATA360(1.3),I,A,LUX,WB_WDI_SI_POV_GINI,_T,_T,_T,0_TO_100,_Z,_Z,_Z,1993,27.0,_Z,IX,2,WB_WDI,P1Y,0,A,PU,Annual,Luxembourg,Gini index,Total,All age ranges or no breakdown by age,Total,0-100 scale,Not Applicable,Not Applicable,Not Applicable,Not Applicable,Index,Two,World Development Indicators (WDI),Annual,Units,Normal value,Public
datastructure,WB.DATA360:DS_DATA360(1.3),I,A,MDG,WB_WDI_SI_POV_GINI,_T,_T,_T,0_TO_100,_Z,_Z,_Z,1993,45.2,_Z,IX,2,WB_WDI,P1Y,0,A,PU,Annual,Madagascar,Gini index,Total,All age ranges or no breakdown by age,Total,0-100 scale,Not Applicable,Not Applicable,Not Applicable,Not Applicable,Index,Two,World Development Indicators (WDI),Annual,Units,Normal value,Public
datastructure,WB.DATA360:DS_DATA360(1.3),I,A,MRT,WB_WDI_SI_POV_GINI,_T,_T,_T,0_TO_100,_Z,_Z,_Z,1993,49.5,_Z,IX,2,WB_WDI,P1Y,0,A,PU,Annual,Mauritania,Gini index,Total,All age ranges or no breakdown by age,Total,0-100 scale,Not Applicable,Not Applicable,Not Applicable,Not Applicable,Index,Two,World Development Indicators (WDI),Annual,Units,Normal value,Public
datastructure,WB.DATA360:DS_DATA360(1.3),I,A,EGY,WB_WDI_SI_POV_GINI,_T,_T,_T,0_TO_100,_Z,_Z,_Z,1995,30.1,_Z,IX,2,WB_WDI,P1Y,0,A,PU,Annual,"Egypt, Arab Rep.",Gini index,Total,All age ranges or no breakdown by age,Total,0-100 scale,Not Applicable,Not Applicable,Not Applicable,Not Applicable,Index,Two,World Development Indicators (WDI),Annual,Units,Normal value,Public
datastructure,WB.DATA360:DS_DATA360(1.3),I,A,SLV,WB_WDI_SI_POV_GINI,_T,_T,_T,0_TO_100,_Z,_Z,_Z,1995,49.8,_Z,IX,2,WB_WDI,P1Y,0,A,PU,Annual,El Salvador,Gini index,Total,All age ranges or no breakdown by age,Total,0-100 scale,Not Applicable,Not Applicable,Not Applicable,Not Applicable,Index,Two,World Development Indicators (WDI),Annual,Units,Normal value,Public
datastructure,WB.DATA360:DS_DATA360(1.3),I,A,EST,WB_WDI_SI_POV_GINI,_T,_T,_T,0_TO_100,_Z,_Z,_Z,1995,30.1,_Z,IX,2,WB_WDI,P1Y,0,A,PU,Annual,Estonia,Gini index,Total,All age ranges or no breakdown by age,Total,0-100 scale,Not Applicable,Not Applicable,Not Applicable,Not Applicable,Index,Two,World Development Indicators (WDI),Annual,Units,Normal value,Public
datastructure,WB.DATA360:DS_DATA360(1.3),I,A,ETH,WB_WDI_SI_POV_GINI,_T,_T,_T,0_TO_100,_Z,_Z,_Z,1995,44.6,_Z,IX,2,WB_WDI,P1Y,0,A,PU,Annual,Ethiopia,Gini index,Total,All age ranges or no breakdown by age,Total,0-100 scale,Not Applicable,Not Applicable,Not Applicable,Not Applicable,Index,Two,World Development Indicators (WDI),Annual,Units,Normal value,Public
datastructure,WB.DATA360:DS_DATA360(1.3),I,A,FIN,WB_WDI_SI_POV_GINI,_T,_T,_T,0_TO_100,_Z,_Z,_Z,1995,23.5,_Z,IX,2,WB_WDI,P1Y,0,A,PU,Annual,Finland,Gini index,Total,All age ranges or no breakdown by age,Total,0-100 scale,Not Applicable,Not Applicable,Not Applicable,Not Applicable,Index,Two,World Development Indicators (WDI),Annual,Units,Normal value,Public
datastructure,WB.DATA360:DS_DATA360(1.3),I,A,DEU,WB_WDI_SI_POV_GINI,_T,_T,_T,0_TO_100,_Z,_Z,_Z,1995,28.7,_Z,IX,2,WB_WDI,P1Y,0,A,PU,Annual,Germany,Gini index,Total,All age ranges or no breakdown by age,Total,0-100 scale,Not Applicable,Not Applicable,Not Applicable,Not Applicable,Index,Two,World Development Indicators (WDI),Annual,Units,Normal value,Public
datastructure,WB.DATA360:DS_DATA360(1.3),I,A,ESP,WB_WDI_SI_POV_GINI,_T,_T,_T,0_TO_100,_Z,_Z,_Z,1996,36.5,_Z,IX,2,WB_WDI,P1Y,0,A,PU,Annual,Spain,Gini index,Total,All age ranges or no breakdown by age,Total,0-100 scale,Not Applicable,Not Applicable,Not Applicable,Not Applicable,Index,Two,World Development Indicators (WDI),Annual,Units,Normal value,Public
datastructure,WB.DATA360:DS_DATA360(1.3),I,A,SYR,WB_WDI_SI_POV_GINI,_T,_T,_T,0_TO_100,_Z,_Z,_Z,1996,35.2,_Z,IX,2,WB_WDI,P1Y,0,A,PU,Annual,Syrian Arab Republic,Gini index,Total,All age ranges or no breakdown by age,Total,0-100 scale,Not Applicable,Not Applicable,Not Applicable,Not Applicable,Index,Two,World Development Indicators (WDI),Annual,Units,Normal value,Public
datastructure,WB.DATA360:DS_DATA360(1.3),I,A,NOR,WB_WDI_SI_POV_GINI,_T,_T,_T,0_TO_100,_Z,_Z,_Z,1995,26.0,_Z,IX,2,WB_WDI,P1Y,0,A,PU,Annual,Norway,Gini index,Total,All age ranges or no breakdown by age,Total,0-100 scale,Not Applicable,Not Applicable,Not Applicable,Not Applicable,Index,Two,World Development Indicators (WDI),Annual,Units,Normal value,Public
datastructure,WB.DATA360:DS_DATA360(1.3),I,A,PAN,WB_WDI_SI_POV_GINI,_T,_T,_T,0_TO_100,_Z,_Z,_Z,1995,57.6,_Z,IX,2,WB_WDI,P1Y,0,A,PU,Annual,Panama,Gini index,Total,All age ranges or no breakdown by age,Total,0-100 scale,Not Applicable,Not Applicable,Not Applicable,Not Applicable,Index,Two,World Development Indicators (WDI),Annual,Units,Normal value,Public
datastructure,WB.DATA360:DS_DATA360(1.3),I,A,PRY,WB_WDI_SI_POV_GINI,_T,_T,_T,0_TO_100,_Z,_Z,_Z,1995,58.1,_Z,IX,2,WB_WDI,P1Y,0,A,PU,Annual,Paraguay,Gini index,Total,All age ranges or no breakdown by age,Total,0-100 scale,Not Applicable,Not Applicable,Not Applicable,Not Applicable,Index,Two,World Development Indicators (WDI),Annual,Units,Normal value,Public
datastructure,WB.DATA360:DS_DATA360(1.3),I,A,POL,WB_WDI_SI_POV_GINI,_T,_T,_T,0_TO_100,_Z,_Z,_Z,1995,34.6,_Z,IX,2,WB_WDI,P1Y,0,A,PU,Annual,Poland,Gini index,Total,All age ranges or no breakdown by age,Total,0-100 scale,Not Applicable,Not Applicable,Not Applicable,Not Applicable,Index,Two,World Development Indicators (WDI),Annual,Units,Normal value,Public
datastructure,WB.DATA360:DS_DATA360(1.3),I,A,BRA,WB_WDI_SI_POV_GINI,_T,_T,_T,0_TO_100,_Z,_Z,_Z,1992,53.1,_Z,IX,2,WB_WDI,P1Y,0,A,PU,Annual,Brazil,Gini index,Total,All age ranges or no breakdown by age,Total,0-100 scale,Not Applicable,Not Applicable,Not Applicable,Not Applicable,Index,Two,World Development Indicators (WDI),Annual,Units,Normal value,Public
datastructure,WB.DATA360:DS_DATA360(1.3),I,A,BGR,WB_WDI_SI_POV_GINI,_T,_T,_T,0_TO_100,_Z,_Z,_Z,1992,30.7,_Z,IX,2,WB_WDI,P1Y,0,A,PU,Annual,Bulgaria,Gini index,Total,All age ranges or no breakdown by age,Total,0-100 scale,Not Applicable,Not Applicable,Not Applicable,Not Applicable,Index,Two,World Development Indicators (WDI),Annual,Units,Normal value,Public
datastructure,WB.DATA360:DS_DATA360(1.3),I,A,BDI,WB_WDI_SI_POV_GINI,_T,_T,_T,0_TO_100,_Z,_Z,_Z,1992,33.3,_Z,IX,2,WB_WDI,P1Y,0,A,PU,Annual,Burundi,Gini index,Total,All age ranges or no breakdown by age,Total,0-100 scale,Not Applicable,Not Applicable,Not Applicable,Not Applicable,Index,Two,World Development Indicators (WDI),Annual,Units,Normal value,Public
datastructure,WB.DATA360:DS_DATA360(1.3),I,A,CAN,WB_WDI_SI_POV_GINI,_T,_T,_T,0_TO_100,_Z,_Z,_Z,1992,31.6,_Z,IX,2,WB_WDI,P1Y,0,A,PU,Annual,Canada,Gini index,Total,All age ranges or no breakdown by age,Total,0-100 scale,Not Applicable,Not Applicable,Not Applicable,Not Applicable,Index,Two,World Development Indicators (WDI),Annual,Units,Normal value,Public
datastructure,WB.DATA360:DS_DATA360(1.3),I,A,CAF,WB_WDI_SI_POV_GINI,_T,_T,_T,0_TO_100,_Z,_Z,_Z,1992,59.7,_Z,IX,2,WB_WDI,P1Y,0,A,PU,Annual,Central African Republic,Gini index,Total,All age ranges or no breakdown by age,Total,0-100 scale,Not Applicable,Not Applicable,Not Applicable,Not Applicable,Index,Two,World Development Indicators (WDI),Annual,Units,Normal value,Public
datastructure,WB.DATA360:DS_DATA360(1.3),I,A,CHL,WB_WDI_SI_POV_GINI,_T,_T,_T,0_TO_100,_Z,_Z,_Z,1992,54.8,_Z,IX,2,WB_WDI,P1Y,0,A,PU,Annual,Chile,Gini index,Total,All age ranges or no breakdown by age,Total,0-100 scale,Not Applicable,Not Applicable,Not Applicable,Not Applicable,Index,Two,World Development Indicators (WDI),Annual,Units,Normal value,Public
datastructure,WB.DATA360:DS_DATA360(1.3),I,A,COL,WB_WDI_SI_POV_GINI,_T,_T,_T,0_TO_100,_Z,_Z,_Z,1992,51.3,_Z,IX,2,WB_WDI,P1Y,0,A,PU,Annual,Colombia,Gini index,Total,All age ranges or no breakdown by age,Total,0-100 scale,Not Applicable,Not Applicable,Not Applicable,Not Applicable,Index,Two,World Development Indicators (WDI),Annual,Units,Normal value,Public
datastructure,WB.DATA360:DS_DATA360(1.3),I,A,DEU,WB_WDI_SI_POV_GINI,_T,_T,_T,0_TO_100,_Z,_Z,_Z,1994,29.1,_Z,IX,2,WB_WDI,P1Y,0,A,PU,Annual,Germany,Gini index,Total,All age ranges or no breakdown by age,Total,0-100 scale,Not Applicable,Not Applicable,Not Applicable,Not Applicable,Index,Two,World Development Indicators (WDI),Annual,Units,Normal value,Public
datastructure,WB.DATA360:DS_DATA360(1.3),I,A,GIN,WB_WDI_SI_POV_GINI,_T,_T,_T,0_TO_100,_Z,_Z,_Z,1994,46.1,_Z,IX,2,WB_WDI,P1Y,0,A,PU,Annual,Guinea,Gini index,Total,All age ranges or no breakdown by age,Total,0-100 scale,Not Applicable,Not Applicable,Not Applicable,Not Applicable,Index,Two,World Development Indicators (WDI),Annual,Units,Normal value,Public
datastructure,WB.DATA360:DS_DATA360(1.3),I,A,HND,WB_WDI_SI_POV_GINI,_T,_T,_T,0_TO_100,_Z,_Z,_Z,1994,55.0,_Z,IX,2,WB_WDI,P1Y,0,A,PU,Annual,Honduras,Gini index,Total,All age ranges or no breakdown by age,Total,0-100 scale,Not Applicable,Not Applicable,Not Applicable,Not Applicable,Index,Two,World Development Indicators (WDI),Annual,Units,Normal value,Public
datastructure,WB.DATA360:DS_DATA360(1.3),I,A,HUN,WB_WDI_SI_POV_GINI,_T,_T,_T,0_TO_100,_Z,_Z,_Z,1994,33.3,_Z,IX,2,WB_WDI,P1Y,0,A,PU,Annual,Hungary,Gini index,Total,All age ranges or no breakdown by age,Total,0-100 scale,Not Applicable,Not Applicable,Not Applicable,Not Applicable,Index,Two,World Development Indicators (WDI),Annual,Units,Normal value,Public
datastructure,WB.DATA360:DS_DATA360(1.3),I,A,USA,WB_WDI_SI_POV_GINI,_T,_T,_T,0_TO_100,_Z,_Z,_Z,1974,35.5,_Z,IX,2,WB_WDI,P1Y,0,A,PU,Annual,United States,Gini index,Total,All age ranges or no breakdown by age,Total,0-100 scale,Not Applicable,Not Applicable,Not Applicable,Not Applicable,Index,Two,World Development Indicators (WDI),Annual,Units,Normal value,Public
datastructure,WB.DATA360:DS_DATA360(1.3),I,A,FRA,WB_WDI_SI_POV_GINI,_T,_T,_T,0_TO_100,_Z,_Z,_Z,1990,32.1,_Z,IX,2,WB_WDI,P1Y,0,A,PU,Annual,France,Gini index,Total,All age ranges or no breakdown by age,Total,0-100 scale,Not Applicable,Not Applicable,Not Applicable,Not Applicable,Index,Two,World Development Indicators (WDI),Annual,Units,Normal value,Public
datastructure,WB.DATA360:DS_DATA360(1.3),I,A,PRY,WB_WDI_SI_POV_GINI,_T,_T,_T,0_TO_100,_Z,_Z,_Z,1997,54.9,_Z,IX,2,WB_WDI,P1Y,0,A,PU,Annual,Paraguay,Gini index,Total,All age ranges or no breakdown by age,Total,0-100 scale,Not Applicable,Not Applicable,Not Applicable,Not Applicable,Index,Two,World Development Indicators (WDI),Annual,Units,Normal value,Public
datastructure,WB.DATA360:DS_DATA360(1.3),I,A,PER,WB_WDI_SI_POV_GINI,_T,_T,_T,0_TO_100,_Z,_Z,_Z,1997,53.3,_Z,IX,2,WB_WDI,P1Y,0,A,PU,Annual,Peru,Gini index,Total,All age ranges or no breakdown by age,Total,0-100 scale,Not Applicable,Not Applicable,Not Applicable,Not Applicable,Index,Two,World Development Indicators (WDI),Annual,Units,Normal value,Public
datastructure,WB.DATA360:DS_DATA360(1.3),I,A,PHL,WB_WDI_SI_POV_GINI,_T,_T,_T,0_TO_100,_Z,_Z,_Z,1997,46.0,_Z,IX,2,WB_WDI,P1Y,0,A,PU,Annual,Philippines,Gini index,Total,All age ranges or no breakdown by age,Total,0-100 scale,Not Applicable,Not Applicable,Not Applicable,Not Applicable,Index,Two,World Development Indicators (WDI),Annual,Units,Normal value,Public
datastructure,WB.DATA360:DS_DATA360(1.3),I,A,ROU,WB_WDI_SI_POV_GINI,_T,_T,_T,0_TO_100,_Z,_Z,_Z,1997,30.5,_Z,IX,2,WB_WDI,P1Y,0,A,PU,Annual,Romania,Gini index,Total,All age ranges or no breakdown by age,Total,0-100 scale,Not Applicable,Not Applicable,Not Applicable,Not Applicable,Index,Two,World Development Indicators (WDI),Annual,Units,Normal value,Public
datastructure,WB.DATA360:DS_DATA360(1.3),I,A,RUS,WB_WDI_SI_POV_GINI,_T,_T,_T,0_TO_100,_Z,_Z,_Z,1997,38.4,_Z,IX,2,WB_WDI,P1Y,0,A,PU,Annual,Russian Federation,Gini index,Total,All age ranges or no breakdown by age,Total,0-100 scale,Not Applicable,Not Applicable,Not Applicable,Not Applicable,Index,Two,World Development Indicators (WDI),Annual,Units,Normal value,Public
datastructure,WB.DATA360:DS_DATA360(1.3),I,A,MAR,WB_WDI_SI_POV_GINI,_T,_T,_T,0_TO_100,_Z,_Z,_Z,1990,39.2,_Z,IX,2,WB_WDI,P1Y,0,A,PU,Annual,Morocco,Gini index,Total,All age ranges or no breakdown by age,Total,0-100 scale,Not Applicable,Not Applicable,Not Applicable,Not Applicable,Index,Two,World Development Indicators (WDI),Annual,Units,Normal value,Public
datastructure,WB.DATA360:DS_DATA360(1.3),I,A,NLD,WB_WDI_SI_POV_GINI,_T,_T,_T,0_TO_100,_Z,_Z,_Z,1990,31.1,_Z,IX,2,WB_WDI,P1Y,0,A,PU,Annual,Netherlands,Gini index,Total,All age ranges or no breakdown by age,Total,0-100 scale,Not Applicable,Not Applicable,Not Applicable,Not Applicable,Index,Two,World Development Indicators (WDI),Annual,Units,Normal value,Public
datastructure,WB.DATA360:DS_DATA360(1.3),I,A,AUS,WB_WDI_SI_POV_GINI,_T,_T,_T,0_TO_100,_Z,_Z,_Z,1995,32.6,_Z,IX,2,WB_WDI,P1Y,0,A,PU,Annual,Australia,Gini index,Total,All age ranges or no breakdown by age,Total,0-100 scale,Not Applicable,Not Applicable,Not Applicable,Not Applicable,Index,Two,World Development Indicators (WDI),Annual,Units,Normal value,Public
datastructure,WB.DATA360:DS_DATA360(1.3),I,A,AUT,WB_WDI_SI_POV_GINI,_T,_T,_T,0_TO_100,_Z,_Z,_Z,1995,29.9,_Z,IX,2,WB_WDI,P1Y,0,A,PU,Annual,Austria,Gini index,Total,All age ranges or no breakdown by age,Total,0-100 scale,Not Applicable,Not Applicable,Not Applicable,Not Applicable,Index,Two,World Development Indicators (WDI),Annual,Units,Normal value,Public
datastructure,WB.DATA360:DS_DATA360(1.3),I,A,AZE,WB_WDI_SI_POV_GINI,_T,_T,_T,0_TO_100,_Z,_Z,_Z,1995,34.6,_Z,IX,2,WB_WDI,P1Y,0,A,PU,Annual,Azerbaijan,Gini index,Total,All age ranges or no breakdown by age,Total,0-100 scale,Not Applicable,Not Applicable,Not Applicable,Not Applicable,Index,Two,World Development Indicators (WDI),Annual,Units,Normal value,Public
datastructure,WB.DATA360:DS_DATA360(1.3),I,A,BGD,WB_WDI_SI_POV_GINI,_T,_T,_T,0_TO_100,_Z,_Z,_Z,1995,32.9,_Z,IX,2,WB_WDI,P1Y,0,A,PU,Annual,Bangladesh,Gini index,Total,All age ranges or no breakdown by age,Total,0-100 scale,Not Applicable,Not Applicable,Not Applicable,Not Applicable,Index,Two,World Development Indicators (WDI),Annual,Units,Normal value,Public
datastructure,WB.DATA360:DS_DATA360(1.3),I,A,BLR,WB_WDI_SI_POV_GINI,_T,_T,_T,0_TO_100,_Z,_Z,_Z,1995,28.7,_Z,IX,2,WB_WDI,P1Y,0,A,PU,Annual,Belarus,Gini index,Total,All age ranges or no breakdown by age,Total,0-100 scale,Not Applicable,Not Applicable,Not Applicable,Not Applicable,Index,Two,World Development Indicators (WDI),Annual,Units,Normal value,Public
datastructure,WB.DATA360:DS_DATA360(1.3),I,A,BEL,WB_WDI_SI_POV_GINI,_T,_T,_T,0_TO_100,_Z,_Z,_Z,1995,28.4,_Z,IX,2,WB_WDI,P1Y,0,A,PU,Annual,Belgium,Gini index,Total,All age ranges or no breakdown by age,Total,0-100 scale,Not Applicable,Not Applicable,Not Applicable,Not Applicable,Index,Two,World Development Indicators (WDI),Annual,Units,Normal value,Public
datastructure,WB.DATA360:DS_DATA360(1.3),I,A,BLZ,WB_WDI_SI_POV_GINI,_T,_T,_T,0_TO_100,_Z,_Z,_Z,1995,57.5,_Z,IX,2,WB_WDI,P1Y,0,A,PU,Annual,Belize,Gini index,Total,All age ranges or no breakdown by age,Total,0-100 scale,Not Applicable,Not Applicable,Not Applicable,Not Applicable,Index,Two,World Development Indicators (WDI),Annual,Units,Normal value,Public
datastructure,WB.DATA360:DS_DATA360(1.3),I,A,LSO,WB_WDI_SI_POV_GINI,_T,_T,_T,0_TO_100,_Z,_Z,_Z,1994,63.0,_Z,IX,2,WB_WDI,P1Y,0,A,PU,Annual,Lesotho,Gini index,Total,All age ranges or no breakdown by age,Total,0-100 scale,Not Applicable,Not Applicable,Not Applicable,Not Applicable,Index,Two,World Development Indicators (WDI),Annual,Units,Normal value,Public
datastructure,WB.DATA360:DS_DATA360(1.3),I,A,LUX,WB_WDI_SI_POV_GINI,_T,_T,_T,0_TO_100,_Z,_Z,_Z,1994,28.2,_Z,IX,2,WB_WDI,P1Y,0,A,PU,Annual,Luxembourg,Gini index,Total,All age ranges or no breakdown by age,Total,0-100 scale,Not Applicable,Not Applicable,Not Applicable,Not Applicable,Index,Two,World Development Indicators (WDI),Annual,Units,Normal value,Public
datastructure,WB.DATA360:DS_DATA360(1.3),I,A,MLI,WB_WDI_SI_POV_GINI,_T,_T,_T,0_TO_100,_Z,_Z,_Z,1994,50.1,_Z,IX,2,WB_WDI,P1Y,0,A,PU,Annual,Mali,Gini index,Total,All age ranges or no breakdown by age,Total,0-100 scale,Not Applicable,Not Applicable,Not Applicable,Not Applicable,Index,Two,World Development Indicators (WDI),Annual,Units,Normal value,Public
datastructure,WB.DATA360:DS_DATA360(1.3),I,A,PHL,WB_WDI_SI_POV_GINI,_T,_T,_T,0_TO_100,_Z,_Z,_Z,1991,43.8,_Z,IX,2,WB_WDI,P1Y,0,A,PU,Annual,Philippines,Gini index,Total,All age ranges or no breakdown by age,Total,0-100 scale,Not Applicable,Not Applicable,Not Applicable,Not Applicable,Index,Two,World Development Indicators (WDI),Annual,Units,Normal value,Public
datastructure,WB.DATA360:DS_DATA360(1.3),I,A,SEN,WB_WDI_SI_POV_GINI,_T,_T,_T,0_TO_100,_Z,_Z,_Z,1991,54.0,_Z,IX,2,WB_WDI,P1Y,0,A,PU,Annual,Senegal,Gini index,Total,All age ranges or no breakdown by age,Total,0-100 scale,Not Applicable,Not Applicable,Not Applicable,Not Applicable,Index,Two,World Development Indicators (WDI),Annual,Units,Normal value,Public
datastructure,WB.DATA360:DS_DATA360(1.3),I,A,MYS,WB_WDI_SI_POV_GINI,_T,_T,_T,0_TO_100,_Z,_Z,_Z,1992,47.7,_Z,IX,2,WB_WDI,P1Y,0,A,PU,Annual,Malaysia,Gini index,Total,All age ranges or no breakdown by age,Total,0-100 scale,Not Applicable,Not Applicable,Not Applicable,Not Applicable,Index,Two,World Development Indicators (WDI),Annual,Units,Normal value,Public
datastructure,WB.DATA360:DS_DATA360(1.3),I,A,MEX,WB_WDI_SI_POV_GINI,_T,_T,_T,0_TO_100,_Z,_Z,_Z,1992,52.3,_Z,IX,2,WB_WDI,P1Y,0,A,PU,Annual,Mexico,Gini index,Total,All age ranges or no breakdown by age,Total,0-100 scale,Not Applicable,Not Applicable,Not Applicable,Not Applicable,Index,Two,World Development Indicators (WDI),Annual,Units,Normal value,Public
datastructure,WB.DATA360:DS_DATA360(1.3),I,A,BLR,WB_WDI_SI_POV_GINI,_T,_T,_T,0_TO_100,_Z,_Z,_Z,1993,21.6,_Z,IX,2,WB_WDI,P1Y,0,A,PU,Annual,Belarus,Gini index,Total,All age ranges or no breakdown by age,Total,0-100 scale,Not Applicable,Not Applicable,Not Applicable,Not Applicable,Index,Two,World Development Indicators (WDI),Annual,Units,Normal value,Public
datastructure,WB.DATA360:DS_DATA360(1.3),I,A,BLZ,WB_WDI_SI_POV_GINI,_T,_T,_T,0_TO_100,_Z,_Z,_Z,1993,60.2,_Z,IX,2,WB_WDI,P1Y,0,A,PU,Annual,Belize,Gini index,Total,All age ranges or no breakdown by age,Total,0-100 scale,Not Applicable,Not Applicable,Not Applicable,Not Applicable,Index,Two,World Development Indicators (WDI),Annual,Units,Normal value,Public
datastructure,WB.DATA360:DS_DATA360(1.3),I,A,POL,WB_WDI_SI_POV_GINI,_T,_T,_T,0_TO_100,_Z,_Z,_Z,1992,29.3,_Z,IX,2,WB_WDI,P1Y,0,A,PU,Annual,Poland,Gini index,Total,All age ranges or no breakdown by age,Total,0-100 scale,Not Applicable,Not Applicable,Not Applicable,Not Applicable,Index,Two,World Development Indicators (WDI),Annual,Units,Normal value,Public
datastructure,WB.DATA360:DS_DATA360(1.3),I,A,ROU,WB_WDI_SI_POV_GINI,_T,_T,_T,0_TO_100,_Z,_Z,_Z,1992,25.5,_Z,IX,2,WB_WDI,P1Y,0,A,PU,Annual,Romania,Gini index,Total,All age ranges or no breakdown by age,Total,0-100 scale,Not Applicable,Not Applicable,Not Applicable,Not Applicable,Index,Two,World Development Indicators (WDI),Annual,Units,Normal value,Public
datastructure,WB.DATA360:DS_DATA360(1.3),I,A,SVK,WB_WDI_SI_POV_GINI,_T,_T,_T,0_TO_100,_Z,_Z,_Z,1992,20.2,_Z,IX,2,WB_WDI,P1Y,0,A,PU,Annual,Slovak Republic,Gini index,Total,All age ranges or no breakdown by age,Total,0-100 scale,Not Applicable,Not Applicable,Not Applicable,Not Applicable,Index,Two,World Development Indicators (WDI),Annual,Units,Normal value,Public
datastructure,WB.DATA360:DS_DATA360(1.3),I,A,ALB,WB_WDI_SI_POV_GINI,_T,_T,_T,0_TO_100,_Z,_Z,_Z,2005,30.6,_Z,IX,2,WB_WDI,P1Y,0,A,PU,Annual,Albania,Gini index,Total,All age ranges or no breakdown by age,Total,0-100 scale,Not Applicable,Not Applicable,Not Applicable,Not Applicable,Index,Two,World Development Indicators (WDI),Annual,Units,Normal value,Public
datastructure,WB.DATA360:DS_DATA360(1.3),I,A,ARG,WB_WDI_SI_POV_GINI,_T,_T,_T,0_TO_100,_Z,_Z,_Z,2005,47.8,_Z,IX,2,WB_WDI,P1Y,0,A,PU,Annual,Argentina,Gini index,Total,All age ranges or no breakdown by age,Total,0-100 scale,Not Applicable,Not Applicable,Not Applicable,Not Applicable,Index,Two,World Development Indicators (WDI),Annual,Units,Normal value,Public
datastructure,WB.DATA360:DS_DATA360(1.3),I,A,DOM,WB_WDI_SI_POV_GINI,_T,_T,_T,0_TO_100,_Z,_Z,_Z,1997,48.9,_Z,IX,2,WB_WDI,P1Y,0,A,PU,Annual,Dominican Republic,Gini index,Total,All age ranges or no breakdown by age,Total,0-100 scale,Not Applicable,Not Applicable,Not Applicable,Not Applicable,Index,Two,World Development Indicators (WDI),Annual,Units,Normal value,Public
datastructure,WB.DATA360:DS_DATA360(1.3),I,A,GBR,WB_WDI_SI_POV_GINI,_T,_T,_T,0_TO_100,_Z,_Z,_Z,1980,28.5,_Z,IX,2,WB_WDI,P1Y,0,A,PU,Annual,United Kingdom,Gini index,Total,All age ranges or no breakdown by age,Total,0-100 scale,Not Applicable,Not Applicable,Not Applicable,Not Applicable,Index,Two,World Development Indicators (WDI),Annual,Units,Normal value,Public
datastructure,WB.DATA360:DS_DATA360(1.3),I,A,USA,WB_WDI_SI_POV_GINI,_T,_T,_T,0_TO_100,_Z,_Z,_Z,1980,34.7,_Z,IX,2,WB_WDI,P1Y,0,A,PU,Annual,United States,Gini index,Total,All age ranges or no breakdown by age,Total,0-100 scale,Not Applicable,Not Applicable,Not Applicable,Not Applicable,Index,Two,World Development Indicators (WDI),Annual,Units,Normal value,Public
datastructure,WB.DATA360:DS_DATA360(1.3),I,A,GBR,WB_WDI_SI_POV_GINI,_T,_T,_T,0_TO_100,_Z,_Z,_Z,1986,31.9,_Z,IX,2,WB_WDI,P1Y,0,A,PU,Annual,United Kingdom,Gini index,Total,All age ranges or no breakdown by age,Total,0-100 scale,Not Applicable,Not Applicable,Not Applicable,Not Applicable,Index,Two,World Development Indicators (WDI),Annual,Units,Normal value,Public
datastructure,WB.DATA360:DS_DATA360(1.3),I,A,USA,WB_WDI_SI_POV_GINI,_T,_T,_T,0_TO_100,_Z,_Z,_Z,1986,37.6,_Z,IX,2,WB_WDI,P1Y,0,A,PU,Annual,United States,Gini index,Total,All age ranges or no breakdown by age,Total,0-100 scale,Not Applicable,Not Applicable,Not Applicable,Not Applicable,Index,Two,World Development Indicators (WDI),Annual,Units,Normal value,Public
datastructure,WB.DATA360:DS_DATA360(1.3),I,A,IRN,WB_WDI_SI_POV_GINI,_T,_T,_T,0_TO_100,_Z,_Z,_Z,1986,47.4,_Z,IX,2,WB_WDI,P1Y,0,A,PU,Annual,"Iran, Islamic Rep.",Gini index,Total,All age ranges or no breakdown by age,Total,0-100 scale,Not Applicable,Not Applicable,Not Applicable,Not Applicable,Index,Two,World Development Indicators (WDI),Annual,Units,Normal value,Public
datastructure,WB.DATA360:DS_DATA360(1.3),I,A,ISR,WB_WDI_SI_POV_GINI,_T,_T,_T,0_TO_100,_Z,_Z,_Z,1986,36.5,_Z,IX,2,WB_WDI,P1Y,0,A,PU,Annual,Israel,Gini index,Total,All age ranges or no breakdown by age,Total,0-100 scale,Not Applicable,Not Applicable,Not Applicable,Not Applicable,Index,Two,World Development Indicators (WDI),Annual,Units,Normal value,Public
datastructure,WB.DATA360:DS_DATA360(1.3),I,A,ITA,WB_WDI_SI_POV_GINI,_T,_T,_T,0_TO_100,_Z,_Z,_Z,1986,31.2,_Z,IX,2,WB_WDI,P1Y,0,A,PU,Annual,Italy,Gini index,Total,All age ranges or no breakdown by age,Total,0-100 scale,Not Applicable,Not Applicable,Not Applicable,Not Applicable,Index,Two,World Development Indicators (WDI),Annual,Units,Normal value,Public
datastructure,WB.DATA360:DS_DATA360(1.3),I,A,JOR,WB_WDI_SI_POV_GINI,_T,_T,_T,0_TO_100,_Z,_Z,_Z,1986,36.1,_Z,IX,2,WB_WDI,P1Y,0,A,PU,Annual,Jordan,Gini index,Total,All age ranges or no breakdown by age,Total,0-100 scale,Not Applicable,Not Applicable,Not Applicable,Not Applicable,Index,Two,World Development Indicators (WDI),Annual,Units,Normal value,Public
datastructure,WB.DATA360:DS_DATA360(1.3),I,A,LSO,WB_WDI_SI_POV_GINI,_T,_T,_T,0_TO_100,_Z,_Z,_Z,1986,56.0,_Z,IX,2,WB_WDI,P1Y,0,A,PU,Annual,Lesotho,Gini index,Total,All age ranges or no breakdown by age,Total,0-100 scale,Not Applicable,Not Applicable,Not Applicable,Not Applicable,Index,Two,World Development Indicators (WDI),Annual,Units,Normal value,Public
datastructure,WB.DATA360:DS_DATA360(1.3),I,A,ALB,WB_WDI_SI_POV_GINI,_T,_T,_T,0_TO_100,_Z,_Z,_Z,2017,33.1,_Z,IX,2,WB_WDI,P1Y,0,A,PU,Annual,Albania,Gini index,Total,All age ranges or no breakdown by age,Total,0-100 scale,Not Applicable,Not Applicable,Not Applicable,Not Applicable,Index,Two,World Development Indicators (WDI),Annual,Units,Normal value,Public
datastructure,WB.DATA360:DS_DATA360(1.3),I,A,THA,WB_WDI_SI_POV_GINI,_T,_T,_T,0_TO_100,_Z,_Z,_Z,1990,45.3,_Z,IX,2,WB_WDI,P1Y,0,A,PU,Annual,Thailand,Gini index,Total,All age ranges or no breakdown by age,Total,0-100 scale,Not Applicable,Not Applicable,Not Applicable,Not Applicable,Index,Two,World Development Indicators (WDI),Annual,Units,Normal value,Public
datastructure,WB.DATA360:DS_DATA360(1.3),I,A,TUN,WB_WDI_SI_POV_GINI,_T,_T,_T,0_TO_100,_Z,_Z,_Z,1990,40.1,_Z,IX,2,WB_WDI,P1Y,0,A,PU,Annual,Tunisia,Gini index,Total,All age ranges or no breakdown by age,Total,0-100 scale,Not Applicable,Not Applicable,Not Applicable,Not Applicable,Index,Two,World Development Indicators (WDI),Annual,Units,Normal value,Public
datastructure,WB.DATA360:DS_DATA360(1.3),I,A,GBR,WB_WDI_SI_POV_GINI,_T,_T,_T,0_TO_100,_Z,_Z,_Z,1990,35.7,_Z,IX,2,WB_WDI,P1Y,0,A,PU,Annual,United Kingdom,Gini index,Total,All age ranges or no breakdown by age,Total,0-100 scale,Not Applicable,Not Applicable,Not Applicable,Not Applicable,Index,Two,World Development Indicators (WDI),Annual,Units,Normal value,Public
datastructure,WB.DATA360:DS_DATA360(1.3),I,A,USA,WB_WDI_SI_POV_GINI,_T,_T,_T,0_TO_100,_Z,_Z,_Z,1990,38.3,_Z,IX,2,WB_WDI,P1Y,0,A,PU,Annual,United States,Gini index,Total,All age ranges or no breakdown by age,Total,0-100 scale,Not Applicable,Not Applicable,Not Applicable,Not Applicable,Index,Two,World Development Indicators (WDI),Annual,Units,Normal value,Public
datastructure,WB.DATA360:DS_DATA360(1.3),I,A,PAK,WB_WDI_SI_POV_GINI,_T,_T,_T,0_TO_100,_Z,_Z,_Z,1990,33.2,_Z,IX,2,WB_WDI,P1Y,0,A,PU,Annual,Pakistan,Gini index,Total,All age ranges or no breakdown by age,Total,0-100 scale,Not Applicable,Not Applicable,Not Applicable,Not Applicable,Index,Two,World Development Indicators (WDI),Annual,Units,Normal value,Public
datastructure,WB.DATA360:DS_DATA360(1.3),I,A,PRY,WB_WDI_SI_POV_GINI,_T,_T,_T,0_TO_100,_Z,_Z,_Z,1990,40.8,_Z,IX,2,WB_WDI,P1Y,0,A,PU,Annual,Paraguay,Gini index,Total,All age ranges or no breakdown by age,Total,0-100 scale,Not Applicable,Not Applicable,Not Applicable,Not Applicable,Index,Two,World Development Indicators (WDI),Annual,Units,Normal value,Public
datastructure,WB.DATA360:DS_DATA360(1.3),I,A,DOM,WB_WDI_SI_POV_GINI,_T,_T,_T,0_TO_100,_Z,_Z,_Z,1989,50.4,_Z,IX,2,WB_WDI,P1Y,0,A,PU,Annual,Dominican Republic,Gini index,Total,All age ranges or no breakdown by age,Total,0-100 scale,Not Applicable,Not Applicable,Not Applicable,Not Applicable,Index,Two,World Development Indicators (WDI),Annual,Units,Normal value,Public
datastructure,WB.DATA360:DS_DATA360(1.3),I,A,SLV,WB_WDI_SI_POV_GINI,_T,_T,_T,0_TO_100,_Z,_Z,_Z,1989,48.7,_Z,IX,2,WB_WDI,P1Y,0,A,PU,Annual,El Salvador,Gini index,Total,All age ranges or no breakdown by age,Total,0-100 scale,Not Applicable,Not Applicable,Not Applicable,Not Applicable,Index,Two,World Development Indicators (WDI),Annual,Units,Normal value,Public
datastructure,WB.DATA360:DS_DATA360(1.3),I,A,ESP,WB_WDI_SI_POV_GINI,_T,_T,_T,0_TO_100,_Z,_Z,_Z,1990,32.0,_Z,IX,2,WB_WDI,P1Y,0,A,PU,Annual,Spain,Gini index,Total,All age ranges or no breakdown by age,Total,0-100 scale,Not Applicable,Not Applicable,Not Applicable,Not Applicable,Index,Two,World Development Indicators (WDI),Annual,Units,Normal value,Public
datastructure,WB.DATA360:DS_DATA360(1.3),I,A,LKA,WB_WDI_SI_POV_GINI,_T,_T,_T,0_TO_100,_Z,_Z,_Z,1990,32.4,_Z,IX,2,WB_WDI,P1Y,0,A,PU,Annual,Sri Lanka,Gini index,Total,All age ranges or no breakdown by age,Total,0-100 scale,Not Applicable,Not Applicable,Not Applicable,Not Applicable,Index,Two,World Development Indicators (WDI),Annual,Units,Normal value,Public
datastructure,WB.DATA360:DS_DATA360(1.3),I,A,LVA,WB_WDI_SI_POV_GINI,_T,_T,_T,0_TO_100,_Z,_Z,_Z,1995,31.0,_Z,IX,2,WB_WDI,P1Y,0,A,PU,Annual,Latvia,Gini index,Total,All age ranges or no breakdown by age,Total,0-100 scale,Not Applicable,Not Applicable,Not Applicable,Not Applicable,Index,Two,World Development Indicators (WDI),Annual,Units,Normal value,Public
datastructure,WB.DATA360:DS_DATA360(1.3),I,A,LUX,WB_WDI_SI_POV_GINI,_T,_T,_T,0_TO_100,_Z,_Z,_Z,1995,28.3,_Z,IX,2,WB_WDI,P1Y,0,A,PU,Annual,Luxembourg,Gini index,Total,All age ranges or no breakdown by age,Total,0-100 scale,Not Applicable,Not Applicable,Not Applicable,Not Applicable,Index,Two,World Development Indicators (WDI),Annual,Units,Normal value,Public
datastructure,WB.DATA360:DS_DATA360(1.3),I,A,MYS,WB_WDI_SI_POV_GINI,_T,_T,_T,0_TO_100,_Z,_Z,_Z,1995,48.5,_Z,IX,2,WB_WDI,P1Y,0,A,PU,Annual,Malaysia,Gini index,Total,All age ranges or no breakdown by age,Total,0-100 scale,Not Applicable,Not Applicable,Not Applicable,Not Applicable,Index,Two,World Development Indicators (WDI),Annual,Units,Normal value,Public
datastructure,WB.DATA360:DS_DATA360(1.3),I,A,MRT,WB_WDI_SI_POV_GINI,_T,_T,_T,0_TO_100,_Z,_Z,_Z,1995,37.7,_Z,IX,2,WB_WDI,P1Y,0,A,PU,Annual,Mauritania,Gini index,Total,All age ranges or no breakdown by age,Total,0-100 scale,Not Applicable,Not Applicable,Not Applicable,Not Applicable,Index,Two,World Development Indicators (WDI),Annual,Units,Normal value,Public
datastructure,WB.DATA360:DS_DATA360(1.3),I,A,MDG,WB_WDI_SI_POV_GINI,_T,_T,_T,0_TO_100,_Z,_Z,_Z,1997,39.4,_Z,IX,2,WB_WDI,P1Y,0,A,PU,Annual,Madagascar,Gini index,Total,All age ranges or no breakdown by age,Total,0-100 scale,Not Applicable,Not Applicable,Not Applicable,Not Applicable,Index,Two,World Development Indicators (WDI),Annual,Units,Normal value,Public
datastructure,WB.DATA360:DS_DATA360(1.3),I,A,MWI,WB_WDI_SI_POV_GINI,_T,_T,_T,0_TO_100,_Z,_Z,_Z,1997,65.8,_Z,IX,2,WB_WDI,P1Y,0,A,PU,Annual,Malawi,Gini index,Total,All age ranges or no breakdown by age,Total,0-100 scale,Not Applicable,Not Applicable,Not Applicable,Not Applicable,Index,Two,World Development Indicators (WDI),Annual,Units,Normal value,Public
datastructure,WB.DATA360:DS_DATA360(1.3),I,A,MYS,WB_WDI_SI_POV_GINI,_T,_T,_T,0_TO_100,_Z,_Z,_Z,1997,49.1,_Z,IX,2,WB_WDI,P1Y,0,A,PU,Annual,Malaysia,Gini index,Total,All age ranges or no breakdown by age,Total,0-100 scale,Not Applicable,Not Applicable,Not Applicable,Not Applicable,Index,Two,World Development Indicators (WDI),Annual,Units,Normal value,Public
datastructure,WB.DATA360:DS_DATA360(1.3),I,A,MDA,WB_WDI_SI_POV_GINI,_T,_T,_T,0_TO_100,_Z,_Z,_Z,1997,36.9,_Z,IX,2,WB_WDI,P1Y,0,A,PU,Annual,Moldova,Gini index,Total,All age ranges or no breakdown by age,Total,0-100 scale,Not Applicable,Not Applicable,Not Applicable,Not Applicable,Index,Two,World Development Indicators (WDI),Annual,Units,Normal value,Public
datastructure,WB.DATA360:DS_DATA360(1.3),I,A,ARG,WB_WDI_SI_POV_GINI,_T,_T,_T,0_TO_100,_Z,_Z,_Z,1991,46.8,_Z,IX,2,WB_WDI,P1Y,0,A,PU,Annual,Argentina,Gini index,Total,All age ranges or no breakdown by age,Total,0-100 scale,Not Applicable,Not Applicable,Not Applicable,Not Applicable,Index,Two,World Development Indicators (WDI),Annual,Units,Normal value,Public
datastructure,WB.DATA360:DS_DATA360(1.3),I,A,BGD,WB_WDI_SI_POV_GINI,_T,_T,_T,0_TO_100,_Z,_Z,_Z,1991,27.6,_Z,IX,2,WB_WDI,P1Y,0,A,PU,Annual,Bangladesh,Gini index,Total,All age ranges or no breakdown by age,Total,0-100 scale,Not Applicable,Not Applicable,Not Applicable,Not Applicable,Index,Two,World Development Indicators (WDI),Annual,Units,Normal value,Public
datastructure,WB.DATA360:DS_DATA360(1.3),I,A,HND,WB_WDI_SI_POV_GINI,_T,_T,_T,0_TO_100,_Z,_Z,_Z,2024,45.7,_Z,IX,2,WB_WDI,P1Y,0,A,PU,Annual,Honduras,Gini index,Total,All age ranges or no breakdown by age,Total,0-100 scale,Not Applicable,Not Applicable,Not Applicable,Not Applicable,Index,Two,World Development Indicators (WDI),Annual,Units,Normal value,Public
datastructure,WB.DATA360:DS_DATA360(1.3),I,A,IDN,WB_WDI_SI_POV_GINI,_T,_T,_T,0_TO_100,_Z,_Z,_Z,2024,34.9,_Z,IX,2,WB_WDI,P1Y,0,A,PU,Annual,Indonesia,Gini index,Total,All age ranges or no breakdown by age,Total,0-100 scale,Not Applicable,Not Applicable,Not Applicable,Not Applicable,Index,Two,World Development Indicators (WDI),Annual,Units,Normal value,Public
datastructure,WB.DATA360:DS_DATA360(1.3),I,A,GTM,WB_WDI_SI_POV_GINI,_T,_T,_T,0_TO_100,_Z,_Z,_Z,1989,58.8,_Z,IX,2,WB_WDI,P1Y,0,A,PU,Annual,Guatemala,Gini index,Total,All age ranges or no breakdown by age,Total,0-100 scale,Not Applicable,Not Applicable,Not Applicable,Not Applicable,Index,Two,World Development Indicators (WDI),Annual,Units,Normal value,Public
datastructure,WB.DATA360:DS_DATA360(1.3),I,A,HND,WB_WDI_SI_POV_GINI,_T,_T,_T,0_TO_100,_Z,_Z,_Z,1989,55.4,_Z,IX,2,WB_WDI,P1Y,0,A,PU,Annual,Honduras,Gini index,Total,All age ranges or no breakdown by age,Total,0-100 scale,Not Applicable,Not Applicable,Not Applicable,Not Applicable,Index,Two,World Development Indicators (WDI),Annual,Units,Normal value,Public
datastructure,WB.DATA360:DS_DATA360(1.3),I,A,HUN,WB_WDI_SI_POV_GINI,_T,_T,_T,0_TO_100,_Z,_Z,_Z,1989,25.0,_Z,IX,2,WB_WDI,P1Y,0,A,PU,Annual,Hungary,Gini index,Total,All age ranges or no breakdown by age,Total,0-100 scale,Not Applicable,Not Applicable,Not Applicable,Not Applicable,Index,Two,World Development Indicators (WDI),Annual,Units,Normal value,Public
datastructure,WB.DATA360:DS_DATA360(1.3),I,A,ITA,WB_WDI_SI_POV_GINI,_T,_T,_T,0_TO_100,_Z,_Z,_Z,1989,32.1,_Z,IX,2,WB_WDI,P1Y,0,A,PU,Annual,Italy,Gini index,Total,All age ranges or no breakdown by age,Total,0-100 scale,Not Applicable,Not Applicable,Not Applicable,Not Applicable,Index,Two,World Development Indicators (WDI),Annual,Units,Normal value,Public
datastructure,WB.DATA360:DS_DATA360(1.3),I,A,MDG,WB_WDI_SI_POV_GINI,_T,_T,_T,0_TO_100,_Z,_Z,_Z,1980,46.8,_Z,IX,2,WB_WDI,P1Y,0,A,PU,Annual,Madagascar,Gini index,Total,All age ranges or no breakdown by age,Total,0-100 scale,Not Applicable,Not Applicable,Not Applicable,Not Applicable,Index,Two,World Development Indicators (WDI),Annual,Units,Normal value,Public
datastructure,WB.DATA360:DS_DATA360(1.3),I,A,CAN,WB_WDI_SI_POV_GINI,_T,_T,_T,0_TO_100,_Z,_Z,_Z,1988,31.2,_Z,IX,2,WB_WDI,P1Y,0,A,PU,Annual,Canada,Gini index,Total,All age ranges or no breakdown by age,Total,0-100 scale,Not Applicable,Not Applicable,Not Applicable,Not Applicable,Index,Two,World Development Indicators (WDI),Annual,Units,Normal value,Public
datastructure,WB.DATA360:DS_DATA360(1.3),I,A,COL,WB_WDI_SI_POV_GINI,_T,_T,_T,0_TO_100,_Z,_Z,_Z,1988,53.1,_Z,IX,2,WB_WDI,P1Y,0,A,PU,Annual,Colombia,Gini index,Total,All age ranges or no breakdown by age,Total,0-100 scale,Not Applicable,Not Applicable,Not Applicable,Not Applicable,Index,Two,World Development Indicators (WDI),Annual,Units,Normal value,Public
datastructure,WB.DATA360:DS_DATA360(1.3),I,A,CIV,WB_WDI_SI_POV_GINI,_T,_T,_T,0_TO_100,_Z,_Z,_Z,1988,36.9,_Z,IX,2,WB_WDI,P1Y,0,A,PU,Annual,Côte d’Ivoire,Gini index,Total,All age ranges or no breakdown by age,Total,0-100 scale,Not Applicable,Not Applicable,Not Applicable,Not Applicable,Index,Two,World Development Indicators (WDI),Annual,Units,Normal value,Public
datastructure,WB.DATA360:DS_DATA360(1.3),I,A,HRV,WB_WDI_SI_POV_GINI,_T,_T,_T,0_TO_100,_Z,_Z,_Z,1988,22.8,_Z,IX,2,WB_WDI,P1Y,0,A,PU,Annual,Croatia,Gini index,Total,All age ranges or no breakdown by age,Total,0-100 scale,Not Applicable,Not Applicable,Not Applicable,Not Applicable,Index,Two,World Development Indicators (WDI),Annual,Units,Normal value,Public
datastructure,WB.DATA360:DS_DATA360(1.3),I,A,BRA,WB_WDI_SI_POV_GINI,_T,_T,_T,0_TO_100,_Z,_Z,_Z,1990,60.5,_Z,IX,2,WB_WDI,P1Y,0,A,PU,Annual,Brazil,Gini index,Total,All age ranges or no breakdown by age,Total,0-100 scale,Not Applicable,Not Applicable,Not Applicable,Not Applicable,Index,Two,World Development Indicators (WDI),Annual,Units,Normal value,Public
datastructure,WB.DATA360:DS_DATA360(1.3),I,A,CAN,WB_WDI_SI_POV_GINI,_T,_T,_T,0_TO_100,_Z,_Z,_Z,1990,31.4,_Z,IX,2,WB_WDI,P1Y,0,A,PU,Annual,Canada,Gini index,Total,All age ranges or no breakdown by age,Total,0-100 scale,Not Applicable,Not Applicable,Not Applicable,Not Applicable,Index,Two,World Development Indicators (WDI),Annual,Units,Normal value,Public
datastructure,WB.DATA360:DS_DATA360(1.3),I,A,CHL,WB_WDI_SI_POV_GINI,_T,_T,_T,0_TO_100,_Z,_Z,_Z,1990,57.2,_Z,IX,2,WB_WDI,P1Y,0,A,PU,Annual,Chile,Gini index,Total,All age ranges or no breakdown by age,Total,0-100 scale,Not Applicable,Not Applicable,Not Applicable,Not Applicable,Index,Two,World Development Indicators (WDI),Annual,Units,Normal value,Public
datastructure,WB.DATA360:DS_DATA360(1.3),I,A,CHN,WB_WDI_SI_POV_GINI,_T,_T,_T,0_TO_100,_Z,_Z,_Z,1990,32.2,_Z,IX,2,WB_WDI,P1Y,0,A,PU,Annual,China,Gini index,Total,All age ranges or no breakdown by age,Total,0-100 scale,Not Applicable,Not Applicable,Not Applicable,Not Applicable,Index,Two,World Development Indicators (WDI),Annual,Units,Normal value,Public
datastructure,WB.DATA360:DS_DATA360(1.3),I,A,GBR,WB_WDI_SI_POV_GINI,_T,_T,_T,0_TO_100,_Z,_Z,_Z,1972,28.8,_Z,IX,2,WB_WDI,P1Y,0,A,PU,Annual,United Kingdom,Gini index,Total,All age ranges or no breakdown by age,Total,0-100 scale,Not Applicable,Not Applicable,Not Applicable,Not Applicable,Index,Two,World Development Indicators (WDI),Annual,Units,Normal value,Public
datastructure,WB.DATA360:DS_DATA360(1.3),I,A,USA,WB_WDI_SI_POV_GINI,_T,_T,_T,0_TO_100,_Z,_Z,_Z,1972,36.7,_Z,IX,2,WB_WDI,P1Y,0,A,PU,Annual,United States,Gini index,Total,All age ranges or no breakdown by age,Total,0-100 scale,Not Applicable,Not Applicable,Not Applicable,Not Applicable,Index,Two,World Development Indicators (WDI),Annual,Units,Normal value,Public
datastructure,WB.DATA360:DS_DATA360(1.3),I,A,GBR,WB_WDI_SI_POV_GINI,_T,_T,_T,0_TO_100,_Z,_Z,_Z,1983,29.8,_Z,IX,2,WB_WDI,P1Y,0,A,PU,Annual,United Kingdom,Gini index,Total,All age ranges or no breakdown by age,Total,0-100 scale,Not Applicable,Not Applicable,Not Applicable,Not Applicable,Index,Two,World Development Indicators (WDI),Annual,Units,Normal value,Public
datastructure,WB.DATA360:DS_DATA360(1.3),I,A,USA,WB_WDI_SI_POV_GINI,_T,_T,_T,0_TO_100,_Z,_Z,_Z,1983,37.3,_Z,IX,2,WB_WDI,P1Y,0,A,PU,Annual,United States,Gini index,Total,All age ranges or no breakdown by age,Total,0-100 scale,Not Applicable,Not Applicable,Not Applicable,Not Applicable,Index,Two,World Development Indicators (WDI),Annual,Units,Normal value,Public
datastructure,WB.DATA360:DS_DATA360(1.3),I,A,NLD,WB_WDI_SI_POV_GINI,_T,_T,_T,0_TO_100,_Z,_Z,_Z,1987,26.8,_Z,IX,2,WB_WDI,P1Y,0,A,PU,Annual,Netherlands,Gini index,Total,All age ranges or no breakdown by age,Total,0-100 scale,Not Applicable,Not Applicable,Not Applicable,Not Applicable,Index,Two,World Development Indicators (WDI),Annual,Units,Normal value,Public
datastructure,WB.DATA360:DS_DATA360(1.3),I,A,PAK,WB_WDI_SI_POV_GINI,_T,_T,_T,0_TO_100,_Z,_Z,_Z,1987,33.3,_Z,IX,2,WB_WDI,P1Y,0,A,PU,Annual,Pakistan,Gini index,Total,All age ranges or no breakdown by age,Total,0-100 scale,Not Applicable,Not Applicable,Not Applicable,Not Applicable,Index,Two,World Development Indicators (WDI),Annual,Units,Normal value,Public
datastructure,WB.DATA360:DS_DATA360(1.3),I,A,POL,WB_WDI_SI_POV_GINI,_T,_T,_T,0_TO_100,_Z,_Z,_Z,1987,25.5,_Z,IX,2,WB_WDI,P1Y,0,A,PU,Annual,Poland,Gini index,Total,All age ranges or no breakdown by age,Total,0-100 scale,Not Applicable,Not Applicable,Not Applicable,Not Applicable,Index,Two,World Development Indicators (WDI),Annual,Units,Normal value,Public
datastructure,WB.DATA360:DS_DATA360(1.3),I,A,KGZ,WB_WDI_SI_POV_GINI,_T,_T,_T,0_TO_100,_Z,_Z,_Z,2024,27.5,_Z,IX,2,WB_WDI,P1Y,0,A,PU,Annual,Kyrgyz Republic,Gini index,Total,All age ranges or no breakdown by age,Total,0-100 scale,Not Applicable,Not Applicable,Not Applicable,Not Applicable,Index,Two,World Development Indicators (WDI),Annual,Units,Normal value,Public
datastructure,WB.DATA360:DS_DATA360(1.3),I,A,LAO,WB_WDI_SI_POV_GINI,_T,_T,_T,0_TO_100,_Z,_Z,_Z,2024,34.7,_Z,IX,2,WB_WDI,P1Y,0,A,PU,Annual,Lao PDR,Gini index,Total,All age ranges or no breakdown by age,Total,0-100 scale,Not Applicable,Not Applicable,Not Applicable,Not Applicable,Index,Two,World Development Indicators (WDI),Annual,Units,Normal value,Public
datastructure,WB.DATA360:DS_DATA360(1.3),I,A,LUX,WB_WDI_SI_POV_GINI,_T,_T,_T,0_TO_100,_Z,_Z,_Z,1985,26.3,_Z,IX,2,WB_WDI,P1Y,0,A,PU,Annual,Luxembourg,Gini index,Total,All age ranges or no breakdown by age,Total,0-100 scale,Not Applicable,Not Applicable,Not Applicable,Not Applicable,Index,Two,World Development Indicators (WDI),Annual,Units,Normal value,Public
datastructure,WB.DATA360:DS_DATA360(1.3),I,A,ALB,WB_WDI_SI_POV_GINI,_T,_T,_T,0_TO_100,_Z,_Z,_Z,2019,30.1,_Z,IX,2,WB_WDI,P1Y,0,A,PU,Annual,Albania,Gini index,Total,All age ranges or no breakdown by age,Total,0-100 scale,Not Applicable,Not Applicable,Not Applicable,Not Applicable,Index,Two,World Development Indicators (WDI),Annual,Units,Normal value,Public
datastructure,WB.DATA360:DS_DATA360(1.3),I,A,MEX,WB_WDI_SI_POV_GINI,_T,_T,_T,0_TO_100,_Z,_Z,_Z,1989,50.1,_Z,IX,2,WB_WDI,P1Y,0,A,PU,Annual,Mexico,Gini index,Total,All age ranges or no breakdown by age,Total,0-100 scale,Not Applicable,Not Applicable,Not Applicable,Not Applicable,Index,Two,World Development Indicators (WDI),Annual,Units,Normal value,Public
datastructure,WB.DATA360:DS_DATA360(1.3),I,A,PAN,WB_WDI_SI_POV_GINI,_T,_T,_T,0_TO_100,_Z,_Z,_Z,1989,58.5,_Z,IX,2,WB_WDI,P1Y,0,A,PU,Annual,Panama,Gini index,Total,All age ranges or no breakdown by age,Total,0-100 scale,Not Applicable,Not Applicable,Not Applicable,Not Applicable,Index,Two,World Development Indicators (WDI),Annual,Units,Normal value,Public
datastructure,WB.DATA360:DS_DATA360(1.3),I,A,BRA,WB_WDI_SI_POV_GINI,_T,_T,_T,0_TO_100,_Z,_Z,_Z,2024,50.3,_Z,IX,2,WB_WDI,P1Y,0,A,PU,Annual,Brazil,Gini index,Total,All age ranges or no breakdown by age,Total,0-100 scale,Not Applicable,Not Applicable,Not Applicable,Not Applicable,Index,Two,World Development Indicators (WDI),Annual,Units,Normal value,Public
datastructure,WB.DATA360:DS_DATA360(1.3),I,A,CHL,WB_WDI_SI_POV_GINI,_T,_T,_T,0_TO_100,_Z,_Z,_Z,2024,43.0,_Z,IX,2,WB_WDI,P1Y,0,A,PU,Annual,Chile,Gini index,Total,All age ranges or no breakdown by age,Total,0-100 scale,Not Applicable,Not Applicable,Not Applicable,Not Applicable,Index,Two,World Development Indicators (WDI),Annual,Units,Normal value,Public
datastructure,WB.DATA360:DS_DATA360(1.3),I,A,COL,WB_WDI_SI_POV_GINI,_T,_T,_T,0_TO_100,_Z,_Z,_Z,2024,54.4,_Z,IX,2,WB_WDI,P1Y,0,A,PU,Annual,Colombia,Gini index,Total,All age ranges or no breakdown by age,Total,0-100 scale,Not Applicable,Not Applicable,Not Applicable,Not Applicable,Index,Two,World Development Indicators (WDI),Annual,Units,Normal value,Public
datastructure,WB.DATA360:DS_DATA360(1.3),I,A,COM,WB_WDI_SI_POV_GINI,_T,_T,_T,0_TO_100,_Z,_Z,_Z,2024,30.3,_Z,IX,2,WB_WDI,P1Y,0,A,PU,Annual,Comoros,Gini index,Total,All age ranges or no breakdown by age,Total,0-100 scale,Not Applicable,Not Applicable,Not Applicable,Not Applicable,Index,Two,World Development Indicators (WDI),Annual,Units,Normal value,Public
datastructure,WB.DATA360:DS_DATA360(1.3),I,A,CRI,WB_WDI_SI_POV_GINI,_T,_T,_T,0_TO_100,_Z,_Z,_Z,1990,45.2,_Z,IX,2,WB_WDI,P1Y,0,A,PU,Annual,Costa Rica,Gini index,Total,All age ranges or no breakdown by age,Total,0-100 scale,Not Applicable,Not Applicable,Not Applicable,Not Applicable,Index,Two,World Development Indicators (WDI),Annual,Units,Normal value,Public
datastructure,WB.DATA360:DS_DATA360(1.3),I,A,EGY,WB_WDI_SI_POV_GINI,_T,_T,_T,0_TO_100,_Z,_Z,_Z,1990,32.0,_Z,IX,2,WB_WDI,P1Y,0,A,PU,Annual,"Egypt, Arab Rep.",Gini index,Total,All age ranges or no breakdown by age,Total,0-100 scale,Not Applicable,Not Applicable,Not Applicable,Not Applicable,Index,Two,World Development Indicators (WDI),Annual,Units,Normal value,Public
datastructure,WB.DATA360:DS_DATA360(1.3),I,A,AUS,WB_WDI_SI_POV_GINI,_T,_T,_T,0_TO_100,_Z,_Z,_Z,1989,33.2,_Z,IX,2,WB_WDI,P1Y,0,A,PU,Annual,Australia,Gini index,Total,All age ranges or no breakdown by age,Total,0-100 scale,Not Applicable,Not Applicable,Not Applicable,Not Applicable,Index,Two,World Development Indicators (WDI),Annual,Units,Normal value,Public
datastructure,WB.DATA360:DS_DATA360(1.3),I,A,BOL,WB_WDI_SI_POV_GINI,_T,_T,_T,0_TO_100,_Z,_Z,_Z,1990,42.0,_Z,IX,2,WB_WDI,P1Y,0,A,PU,Annual,Bolivia,Gini index,Total,All age ranges or no breakdown by age,Total,0-100 scale,Not Applicable,Not Applicable,Not Applicable,Not Applicable,Index,Two,World Development Indicators (WDI),Annual,Units,Normal value,Public
datastructure,WB.DATA360:DS_DATA360(1.3),I,A,IND,WB_WDI_SI_POV_GINI,_T,_T,_T,0_TO_100,_Z,_Z,_Z,1983,27.2,_Z,IX,2,WB_WDI,P1Y,0,A,PU,Annual,India,Gini index,Total,All age ranges or no breakdown by age,Total,0-100 scale,Not Applicable,Not Applicable,Not Applicable,Not Applicable,Index,Two,World Development Indicators (WDI),Annual,Units,Normal value,Public
datastructure,WB.DATA360:DS_DATA360(1.3),I,A,ITA,WB_WDI_SI_POV_GINI,_T,_T,_T,0_TO_100,_Z,_Z,_Z,1983,29.8,_Z,IX,2,WB_WDI,P1Y,0,A,PU,Annual,Italy,Gini index,Total,All age ranges or no breakdown by age,Total,0-100 scale,Not Applicable,Not Applicable,Not Applicable,Not Applicable,Index,Two,World Development Indicators (WDI),Annual,Units,Normal value,Public
datastructure,WB.DATA360:DS_DATA360(1.3),I,A,PHL,WB_WDI_SI_POV_GINI,_T,_T,_T,0_TO_100,_Z,_Z,_Z,1988,40.7,_Z,IX,2,WB_WDI,P1Y,0,A,PU,Annual,Philippines,Gini index,Total,All age ranges or no breakdown by age,Total,0-100 scale,Not Applicable,Not Applicable,Not Applicable,Not Applicable,Index,Two,World Development Indicators (WDI),Annual,Units,Normal value,Public
datastructure,WB.DATA360:DS_DATA360(1.3),I,A,CAN,WB_WDI_SI_POV_GINI,_T,_T,_T,0_TO_100,_Z,_Z,_Z,1987,31.7,_Z,IX,2,WB_WDI,P1Y,0,A,PU,Annual,Canada,Gini index,Total,All age ranges or no breakdown by age,Total,0-100 scale,Not Applicable,Not Applicable,Not Applicable,Not Applicable,Index,Two,World Development Indicators (WDI),Annual,Units,Normal value,Public
datastructure,WB.DATA360:DS_DATA360(1.3),I,A,CHL,WB_WDI_SI_POV_GINI,_T,_T,_T,0_TO_100,_Z,_Z,_Z,1987,56.2,_Z,IX,2,WB_WDI,P1Y,0,A,PU,Annual,Chile,Gini index,Total,All age ranges or no breakdown by age,Total,0-100 scale,Not Applicable,Not Applicable,Not Applicable,Not Applicable,Index,Two,World Development Indicators (WDI),Annual,Units,Normal value,Public
datastructure,WB.DATA360:DS_DATA360(1.3),I,A,CHN,WB_WDI_SI_POV_GINI,_T,_T,_T,0_TO_100,_Z,_Z,_Z,1987,29.4,_Z,IX,2,WB_WDI,P1Y,0,A,PU,Annual,China,Gini index,Total,All age ranges or no breakdown by age,Total,0-100 scale,Not Applicable,Not Applicable,Not Applicable,Not Applicable,Index,Two,World Development Indicators (WDI),Annual,Units,Normal value,Public
datastructure,WB.DATA360:DS_DATA360(1.3),I,A,CIV,WB_WDI_SI_POV_GINI,_T,_T,_T,0_TO_100,_Z,_Z,_Z,1987,40.5,_Z,IX,2,WB_WDI,P1Y,0,A,PU,Annual,Côte d’Ivoire,Gini index,Total,All age ranges or no breakdown by age,Total,0-100 scale,Not Applicable,Not Applicable,Not Applicable,Not Applicable,Index,Two,World Development Indicators (WDI),Annual,Units,Normal value,Public
datastructure,WB.DATA360:DS_DATA360(1.3),I,A,DNK,WB_WDI_SI_POV_GINI,_T,_T,_T,0_TO_100,_Z,_Z,_Z,1987,26.2,_Z,IX,2,WB_WDI,P1Y,0,A,PU,Annual,Denmark,Gini index,Total,All age ranges or no breakdown by age,Total,0-100 scale,Not Applicable,Not Applicable,Not Applicable,Not Applicable,Index,Two,World Development Indicators (WDI),Annual,Units,Normal value,Public
datastructure,WB.DATA360:DS_DATA360(1.3),I,A,ECU,WB_WDI_SI_POV_GINI,_T,_T,_T,0_TO_100,_Z,_Z,_Z,1987,50.5,_Z,IX,2,WB_WDI,P1Y,0,A,PU,Annual,Ecuador,Gini index,Total,All age ranges or no breakdown by age,Total,0-100 scale,Not Applicable,Not Applicable,Not Applicable,Not Applicable,Index,Two,World Development Indicators (WDI),Annual,Units,Normal value,Public
datastructure,WB.DATA360:DS_DATA360(1.3),I,A,THA,WB_WDI_SI_POV_GINI,_T,_T,_T,0_TO_100,_Z,_Z,_Z,1988,43.8,_Z,IX,2,WB_WDI,P1Y,0,A,PU,Annual,Thailand,Gini index,Total,All age ranges or no breakdown by age,Total,0-100 scale,Not Applicable,Not Applicable,Not Applicable,Not Applicable,Index,Two,World Development Indicators (WDI),Annual,Units,Normal value,Public
datastructure,WB.DATA360:DS_DATA360(1.3),I,A,TTO,WB_WDI_SI_POV_GINI,_T,_T,_T,0_TO_100,_Z,_Z,_Z,1988,42.6,_Z,IX,2,WB_WDI,P1Y,0,A,PU,Annual,Trinidad and Tobago,Gini index,Total,All age ranges or no breakdown by age,Total,0-100 scale,Not Applicable,Not Applicable,Not Applicable,Not Applicable,Index,Two,World Development Indicators (WDI),Annual,Units,Normal value,Public
datastructure,WB.DATA360:DS_DATA360(1.3),I,A,GBR,WB_WDI_SI_POV_GINI,_T,_T,_T,0_TO_100,_Z,_Z,_Z,1988,34.3,_Z,IX,2,WB_WDI,P1Y,0,A,PU,Annual,United Kingdom,Gini index,Total,All age ranges or no breakdown by age,Total,0-100 scale,Not Applicable,Not Applicable,Not Applicable,Not Applicable,Index,Two,World Development Indicators (WDI),Annual,Units,Normal value,Public
datastructure,WB.DATA360:DS_DATA360(1.3),I,A,USA,WB_WDI_SI_POV_GINI,_T,_T,_T,0_TO_100,_Z,_Z,_Z,1988,37.7,_Z,IX,2,WB_WDI,P1Y,0,A,PU,Annual,United States,Gini index,Total,All age ranges or no breakdown by age,Total,0-100 scale,Not Applicable,Not Applicable,Not Applicable,Not Applicable,Index,Two,World Development Indicators (WDI),Annual,Units,Normal value,Public
datastructure,WB.DATA360:DS_DATA360(1.3),I,A,LUX,WB_WDI_SI_POV_GINI,_T,_T,_T,0_TO_100,_Z,_Z,_Z,1989,30.8,_Z,IX,2,WB_WDI,P1Y,0,A,PU,Annual,Luxembourg,Gini index,Total,All age ranges or no breakdown by age,Total,0-100 scale,Not Applicable,Not Applicable,Not Applicable,Not Applicable,Index,Two,World Development Indicators (WDI),Annual,Units,Normal value,Public
datastructure,WB.DATA360:DS_DATA360(1.3),I,A,MYS,WB_WDI_SI_POV_GINI,_T,_T,_T,0_TO_100,_Z,_Z,_Z,1989,46.2,_Z,IX,2,WB_WDI,P1Y,0,A,PU,Annual,Malaysia,Gini index,Total,All age ranges or no breakdown by age,Total,0-100 scale,Not Applicable,Not Applicable,Not Applicable,Not Applicable,Index,Two,World Development Indicators (WDI),Annual,Units,Normal value,Public
datastructure,WB.DATA360:DS_DATA360(1.3),I,A,ALB,WB_WDI_SI_POV_GINI,_T,_T,_T,0_TO_100,_Z,_Z,_Z,2016,33.7,_Z,IX,2,WB_WDI,P1Y,0,A,PU,Annual,Albania,Gini index,Total,All age ranges or no breakdown by age,Total,0-100 scale,Not Applicable,Not Applicable,Not Applicable,Not Applicable,Index,Two,World Development Indicators (WDI),Annual,Units,Normal value,Public
datastructure,WB.DATA360:DS_DATA360(1.3),I,A,ITA,WB_WDI_SI_POV_GINI,_T,_T,_T,0_TO_100,_Z,_Z,_Z,1980,32.9,_Z,IX,2,WB_WDI,P1Y,0,A,PU,Annual,Italy,Gini index,Total,All age ranges or no breakdown by age,Total,0-100 scale,Not Applicable,Not Applicable,Not Applicable,Not Applicable,Index,Two,World Development Indicators (WDI),Annual,Units,Normal value,Public
datastructure,WB.DATA360:DS_DATA360(1.3),I,A,GTM,WB_WDI_SI_POV_GINI,_T,_T,_T,0_TO_100,_Z,_Z,_Z,1986,54.1,_Z,IX,2,WB_WDI,P1Y,0,A,PU,Annual,Guatemala,Gini index,Total,All age ranges or no breakdown by age,Total,0-100 scale,Not Applicable,Not Applicable,Not Applicable,Not Applicable,Index,Two,World Development Indicators (WDI),Annual,Units,Normal value,Public
datastructure,WB.DATA360:DS_DATA360(1.3),I,A,ALB,WB_WDI_SI_POV_GINI,_T,_T,_T,0_TO_100,_Z,_Z,_Z,2014,34.6,_Z,IX,2,WB_WDI,P1Y,0,A,PU,Annual,Albania,Gini index,Total,All age ranges or no breakdown by age,Total,0-100 scale,Not Applicable,Not Applicable,Not Applicable,Not Applicable,Index,Two,World Development Indicators (WDI),Annual,Units,Normal value,Public
datastructure,WB.DATA360:DS_DATA360(1.3),I,A,PAK,WB_WDI_SI_POV_GINI,_T,_T,_T,0_TO_100,_Z,_Z,_Z,2024,33.5,_Z,IX,2,WB_WDI,P1Y,0,A,PU,Annual,Pakistan,Gini index,Total,All age ranges or no breakdown by age,Total,0-100 scale,Not Applicable,Not Applicable,Not Applicable,Not Applicable,Index,Two,World Development Indicators (WDI),Annual,Units,Normal value,Public
datastructure,WB.DATA360:DS_DATA360(1.3),I,A,PAN,WB_WDI_SI_POV_GINI,_T,_T,_T,0_TO_100,_Z,_Z,_Z,2024,49.7,_Z,IX,2,WB_WDI,P1Y,0,A,PU,Annual,Panama,Gini index,Total,All age ranges or no breakdown by age,Total,0-100 scale,Not Applicable,Not Applicable,Not Applicable,Not Applicable,Index,Two,World Development Indicators (WDI),Annual,Units,Normal value,Public
datastructure,WB.DATA360:DS_DATA360(1.3),I,A,PRY,WB_WDI_SI_POV_GINI,_T,_T,_T,0_TO_100,_Z,_Z,_Z,2024,44.2,_Z,IX,2,WB_WDI,P1Y,0,A,PU,Annual,Paraguay,Gini index,Total,All age ranges or no breakdown by age,Total,0-100 scale,Not Applicable,Not Applicable,Not Applicable,Not Applicable,Index,Two,World Development Indicators (WDI),Annual,Units,Normal value,Public
datastructure,WB.DATA360:DS_DATA360(1.3),I,A,PER,WB_WDI_SI_POV_GINI,_T,_T,_T,0_TO_100,_Z,_Z,_Z,2024,40.1,_Z,IX,2,WB_WDI,P1Y,0,A,PU,Annual,Peru,Gini index,Total,All age ranges or no breakdown by age,Total,0-100 scale,Not Applicable,Not Applicable,Not Applicable,Not Applicable,Index,Two,World Development Indicators (WDI),Annual,Units,Normal value,Public
datastructure,WB.DATA360:DS_DATA360(1.3),I,A,TUR,WB_WDI_SI_POV_GINI,_T,_T,_T,0_TO_100,_Z,_Z,_Z,1987,41.0,_Z,IX,2,WB_WDI,P1Y,0,A,PU,Annual,Türkiye,Gini index,Total,All age ranges or no breakdown by age,Total,0-100 scale,Not Applicable,Not Applicable,Not Applicable,Not Applicable,Index,Two,World Development Indicators (WDI),Annual,Units,Normal value,Public
datastructure,WB.DATA360:DS_DATA360(1.3),I,A,GBR,WB_WDI_SI_POV_GINI,_T,_T,_T,0_TO_100,_Z,_Z,_Z,1987,33.9,_Z,IX,2,WB_WDI,P1Y,0,A,PU,Annual,United Kingdom,Gini index,Total,All age ranges or no breakdown by age,Total,0-100 scale,Not Applicable,Not Applicable,Not Applicable,Not Applicable,Index,Two,World Development Indicators (WDI),Annual,Units,Normal value,Public
datastructure,WB.DATA360:DS_DATA360(1.3),I,A,USA,WB_WDI_SI_POV_GINI,_T,_T,_T,0_TO_100,_Z,_Z,_Z,1987,37.2,_Z,IX,2,WB_WDI,P1Y,0,A,PU,Annual,United States,Gini index,Total,All age ranges or no breakdown by age,Total,0-100 scale,Not Applicable,Not Applicable,Not Applicable,Not Applicable,Index,Two,World Development Indicators (WDI),Annual,Units,Normal value,Public
datastructure,WB.DATA360:DS_DATA360(1.3),I,A,VEN,WB_WDI_SI_POV_GINI,_T,_T,_T,0_TO_100,_Z,_Z,_Z,1987,53.4,_Z,IX,2,WB_WDI,P1Y,0,A,PU,Annual,"Venezuela, RB",Gini index,Total,All age ranges or no breakdown by age,Total,0-100 scale,Not Applicable,Not Applicable,Not Applicable,Not Applicable,Index,Two,World Development Indicators (WDI),Annual,Units,Normal value,Public
datastructure,WB.DATA360:DS_DATA360(1.3),I,A,BRA,WB_WDI_SI_POV_GINI,_T,_T,_T,0_TO_100,_Z,_Z,_Z,1987,59.6,_Z,IX,2,WB_WDI,P1Y,0,A,PU,Annual,Brazil,Gini index,Total,All age ranges or no breakdown by age,Total,0-100 scale,Not Applicable,Not Applicable,Not Applicable,Not Applicable,Index,Two,World Development Indicators (WDI),Annual,Units,Normal value,Public
datastructure,WB.DATA360:DS_DATA360(1.3),I,A,GEO,WB_WDI_SI_POV_GINI,_T,_T,_T,0_TO_100,_Z,_Z,_Z,2024,33.9,_Z,IX,2,WB_WDI,P1Y,0,A,PU,Annual,Georgia,Gini index,Total,All age ranges or no breakdown by age,Total,0-100 scale,Not Applicable,Not Applicable,Not Applicable,Not Applicable,Index,Two,World Development Indicators (WDI),Annual,Units,Normal value,Public
datastructure,WB.DATA360:DS_DATA360(1.3),I,A,SVN,WB_WDI_SI_POV_GINI,_T,_T,_T,0_TO_100,_Z,_Z,_Z,1987,23.6,_Z,IX,2,WB_WDI,P1Y,0,A,PU,Annual,Slovenia,Gini index,Total,All age ranges or no breakdown by age,Total,0-100 scale,Not Applicable,Not Applicable,Not Applicable,Not Applicable,Index,Two,World Development Indicators (WDI),Annual,Units,Normal value,Public
datastructure,WB.DATA360:DS_DATA360(1.3),I,A,SWE,WB_WDI_SI_POV_GINI,_T,_T,_T,0_TO_100,_Z,_Z,_Z,1987,23.1,_Z,IX,2,WB_WDI,P1Y,0,A,PU,Annual,Sweden,Gini index,Total,All age ranges or no breakdown by age,Total,0-100 scale,Not Applicable,Not Applicable,Not Applicable,Not Applicable,Index,Two,World Development Indicators (WDI),Annual,Units,Normal value,Public
datastructure,WB.DATA360:DS_DATA360(1.3),I,A,ALB,WB_WDI_SI_POV_GINI,_T,_T,_T,0_TO_100,_Z,_Z,_Z,1996,27.0,_Z,IX,2,WB_WDI,P1Y,0,A,PU,Annual,Albania,Gini index,Total,All age ranges or no breakdown by age,Total,0-100 scale,Not Applicable,Not Applicable,Not Applicable,Not Applicable,Index,Two,World Development Indicators (WDI),Annual,Units,Normal value,Public
datastructure,WB.DATA360:DS_DATA360(1.3),I,A,USA,WB_WDI_SI_POV_GINI,_T,_T,_T,0_TO_100,_Z,_Z,_Z,2024,41.8,_Z,IX,2,WB_WDI,P1Y,0,A,PU,Annual,United States,Gini index,Total,All age ranges or no breakdown by age,Total,0-100 scale,Not Applicable,Not Applicable,Not Applicable,Not Applicable,Index,Two,World Development Indicators (WDI),Annual,Units,Normal value,Public
datastructure,WB.DATA360:DS_DATA360(1.3),I,A,URY,WB_WDI_SI_POV_GINI,_T,_T,_T,0_TO_100,_Z,_Z,_Z,2024,40.0,_Z,IX,2,WB_WDI,P1Y,0,A,PU,Annual,Uruguay,Gini index,Total,All age ranges or no breakdown by age,Total,0-100 scale,Not Applicable,Not Applicable,Not Applicable,Not Applicable,Index,Two,World Development Indicators (WDI),Annual,Units,Normal value,Public
datastructure,WB.DATA360:DS_DATA360(1.3),I,A,UZB,WB_WDI_SI_POV_GINI,_T,_T,_T,0_TO_100,_Z,_Z,_Z,2024,34.6,_Z,IX,2,WB_WDI,P1Y,0,A,PU,Annual,Uzbekistan,Gini index,Total,All age ranges or no breakdown by age,Total,0-100 scale,Not Applicable,Not Applicable,Not Applicable,Not Applicable,Index,Two,World Development Indicators (WDI),Annual,Units,Normal value,Public
datastructure,WB.DATA360:DS_DATA360(1.3),I,A,GHA,WB_WDI_SI_POV_GINI,_T,_T,_T,0_TO_100,_Z,_Z,_Z,1988,36.0,_Z,IX,2,WB_WDI,P1Y,0,A,PU,Annual,Ghana,Gini index,Total,All age ranges or no breakdown by age,Total,0-100 scale,Not Applicable,Not Applicable,Not Applicable,Not Applicable,Index,Two,World Development Indicators (WDI),Annual,Units,Normal value,Public
datastructure,WB.DATA360:DS_DATA360(1.3),I,A,ITA,WB_WDI_SI_POV_GINI,_T,_T,_T,0_TO_100,_Z,_Z,_Z,1982,29.2,_Z,IX,2,WB_WDI,P1Y,0,A,PU,Annual,Italy,Gini index,Total,All age ranges or no breakdown by age,Total,0-100 scale,Not Applicable,Not Applicable,Not Applicable,Not Applicable,Index,Two,World Development Indicators (WDI),Annual,Units,Normal value,Public
datastructure,WB.DATA360:DS_DATA360(1.3),I,A,GBR,WB_WDI_SI_POV_GINI,_T,_T,_T,0_TO_100,_Z,_Z,_Z,1975,27.9,_Z,IX,2,WB_WDI,P1Y,0,A,PU,Annual,United Kingdom,Gini index,Total,All age ranges or no breakdown by age,Total,0-100 scale,Not Applicable,Not Applicable,Not Applicable,Not Applicable,Index,Two,World Development Indicators (WDI),Annual,Units,Normal value,Public
datastructure,WB.DATA360:DS_DATA360(1.3),I,A,USA,WB_WDI_SI_POV_GINI,_T,_T,_T,0_TO_100,_Z,_Z,_Z,1975,35.7,_Z,IX,2,WB_WDI,P1Y,0,A,PU,Annual,United States,Gini index,Total,All age ranges or no breakdown by age,Total,0-100 scale,Not Applicable,Not Applicable,Not Applicable,Not Applicable,Index,Two,World Development Indicators (WDI),Annual,Units,Normal value,Public
datastructure,WB.DATA360:DS_DATA360(1.3),I,A,CRI,WB_WDI_SI_POV_GINI,_T,_T,_T,0_TO_100,_Z,_Z,_Z,2024,45.8,_Z,IX,2,WB_WDI,P1Y,0,A,PU,Annual,Costa Rica,Gini index,Total,All age ranges or no breakdown by age,Total,0-100 scale,Not Applicable,Not Applicable,Not Applicable,Not Applicable,Index,Two,World Development Indicators (WDI),Annual,Units,Normal value,Public
datastructure,WB.DATA360:DS_DATA360(1.3),I,A,DOM,WB_WDI_SI_POV_GINI,_T,_T,_T,0_TO_100,_Z,_Z,_Z,2024,39.0,_Z,IX,2,WB_WDI,P1Y,0,A,PU,Annual,Dominican Republic,Gini index,Total,All age ranges or no breakdown by age,Total,0-100 scale,Not Applicable,Not Applicable,Not Applicable,Not Applicable,Index,Two,World Development Indicators (WDI),Annual,Units,Normal value,Public
datastructure,WB.DATA360:DS_DATA360(1.3),I,A,ECU,WB_WDI_SI_POV_GINI,_T,_T,_T,0_TO_100,_Z,_Z,_Z,2024,45.2,_Z,IX,2,WB_WDI,P1Y,0,A,PU,Annual,Ecuador,Gini index,Total,All age ranges or no breakdown by age,Total,0-100 scale,Not Applicable,Not Applicable,Not Applicable,Not Applicable,Index,Two,World Development Indicators (WDI),Annual,Units,Normal value,Public
datastructure,WB.DATA360:DS_DATA360(1.3),I,A,IDN,WB_WDI_SI_POV_GINI,_T,_T,_T,0_TO_100,_Z,_Z,_Z,1984,32.3,_Z,IX,2,WB_WDI,P1Y,0,A,PU,Annual,Indonesia,Gini index,Total,All age ranges or no breakdown by age,Total,0-100 scale,Not Applicable,Not Applicable,Not Applicable,Not Applicable,Index,Two,World Development Indicators (WDI),Annual,Units,Normal value,Public
datastructure,WB.DATA360:DS_DATA360(1.3),I,A,ITA,WB_WDI_SI_POV_GINI,_T,_T,_T,0_TO_100,_Z,_Z,_Z,1984,31.3,_Z,IX,2,WB_WDI,P1Y,0,A,PU,Annual,Italy,Gini index,Total,All age ranges or no breakdown by age,Total,0-100 scale,Not Applicable,Not Applicable,Not Applicable,Not Applicable,Index,Two,World Development Indicators (WDI),Annual,Units,Normal value,Public
datastructure,WB.DATA360:DS_DATA360(1.3),I,A,LUX,WB_WDI_SI_POV_GINI,_T,_T,_T,0_TO_100,_Z,_Z,_Z,1990,27.7,_Z,IX,2,WB_WDI,P1Y,0,A,PU,Annual,Luxembourg,Gini index,Total,All age ranges or no breakdown by age,Total,0-100 scale,Not Applicable,Not Applicable,Not Applicable,Not Applicable,Index,Two,World Development Indicators (WDI),Annual,Units,Normal value,Public
datastructure,WB.DATA360:DS_DATA360(1.3),I,A,ARG,WB_WDI_SI_POV_GINI,_T,_T,_T,0_TO_100,_Z,_Z,_Z,2023,42.4,_Z,IX,2,WB_WDI,P1Y,0,A,PU,Annual,Argentina,Gini index,Total,All age ranges or no breakdown by age,Total,0-100 scale,Not Applicable,Not Applicable,Not Applicable,Not Applicable,Index,Two,World Development Indicators (WDI),Annual,Units,Normal value,Public
datastructure,WB.DATA360:DS_DATA360(1.3),I,A,ARM,WB_WDI_SI_POV_GINI,_T,_T,_T,0_TO_100,_Z,_Z,_Z,2023,27.2,_Z,IX,2,WB_WDI,P1Y,0,A,PU,Annual,Armenia,Gini index,Total,All age ranges or no breakdown by age,Total,0-100 scale,Not Applicable,Not Applicable,Not Applicable,Not Applicable,Index,Two,World Development Indicators (WDI),Annual,Units,Normal value,Public
datastructure,WB.DATA360:DS_DATA360(1.3),I,A,BOL,WB_WDI_SI_POV_GINI,_T,_T,_T,0_TO_100,_Z,_Z,_Z,2024,40.9,_Z,IX,2,WB_WDI,P1Y,0,A,PU,Annual,Bolivia,Gini index,Total,All age ranges or no breakdown by age,Total,0-100 scale,Not Applicable,Not Applicable,Not Applicable,Not Applicable,Index,Two,World Development Indicators (WDI),Annual,Units,Normal value,Public
datastructure,WB.DATA360:DS_DATA360(1.3),I,A,MEX,WB_WDI_SI_POV_GINI,_T,_T,_T,0_TO_100,_Z,_Z,_Z,2024,42.6,_Z,IX,2,WB_WDI,P1Y,0,A,PU,Annual,Mexico,Gini index,Total,All age ranges or no breakdown by age,Total,0-100 scale,Not Applicable,Not Applicable,Not Applicable,Not Applicable,Index,Two,World Development Indicators (WDI),Annual,Units,Normal value,Public
datastructure,WB.DATA360:DS_DATA360(1.3),I,A,CRI,WB_WDI_SI_POV_GINI,_T,_T,_T,0_TO_100,_Z,_Z,_Z,1986,34.4,_Z,IX,2,WB_WDI,P1Y,0,A,PU,Annual,Costa Rica,Gini index,Total,All age ranges or no breakdown by age,Total,0-100 scale,Not Applicable,Not Applicable,Not Applicable,Not Applicable,Index,Two,World Development Indicators (WDI),Annual,Units,Normal value,Public
datastructure,WB.DATA360:DS_DATA360(1.3),I,A,CIV,WB_WDI_SI_POV_GINI,_T,_T,_T,0_TO_100,_Z,_Z,_Z,1986,38.0,_Z,IX,2,WB_WDI,P1Y,0,A,PU,Annual,Côte d’Ivoire,Gini index,Total,All age ranges or no breakdown by age,Total,0-100 scale,Not Applicable,Not Applicable,Not Applicable,Not Applicable,Index,Two,World Development Indicators (WDI),Annual,Units,Normal value,Public
datastructure,WB.DATA360:DS_DATA360(1.3),I,A,DOM,WB_WDI_SI_POV_GINI,_T,_T,_T,0_TO_100,_Z,_Z,_Z,1986,47.8,_Z,IX,2,WB_WDI,P1Y,0,A,PU,Annual,Dominican Republic,Gini index,Total,All age ranges or no breakdown by age,Total,0-100 scale,Not Applicable,Not Applicable,Not Applicable,Not Applicable,Index,Two,World Development Indicators (WDI),Annual,Units,Normal value,Public
datastructure,WB.DATA360:DS_DATA360(1.3),I,A,ESP,WB_WDI_SI_POV_GINI,_T,_T,_T,0_TO_100,_Z,_Z,_Z,1985,34.4,_Z,IX,2,WB_WDI,P1Y,0,A,PU,Annual,Spain,Gini index,Total,All age ranges or no breakdown by age,Total,0-100 scale,Not Applicable,Not Applicable,Not Applicable,Not Applicable,Index,Two,World Development Indicators (WDI),Annual,Units,Normal value,Public
datastructure,WB.DATA360:DS_DATA360(1.3),I,A,LKA,WB_WDI_SI_POV_GINI,_T,_T,_T,0_TO_100,_Z,_Z,_Z,1985,32.5,_Z,IX,2,WB_WDI,P1Y,0,A,PU,Annual,Sri Lanka,Gini index,Total,All age ranges or no breakdown by age,Total,0-100 scale,Not Applicable,Not Applicable,Not Applicable,Not Applicable,Index,Two,World Development Indicators (WDI),Annual,Units,Normal value,Public
datastructure,WB.DATA360:DS_DATA360(1.3),I,A,BRA,WB_WDI_SI_POV_GINI,_T,_T,_T,0_TO_100,_Z,_Z,_Z,1989,63.2,_Z,IX,2,WB_WDI,P1Y,0,A,PU,Annual,Brazil,Gini index,Total,All age ranges or no breakdown by age,Total,0-100 scale,Not Applicable,Not Applicable,Not Applicable,Not Applicable,Index,Two,World Development Indicators (WDI),Annual,Units,Normal value,Public
datastructure,WB.DATA360:DS_DATA360(1.3),I,A,BGR,WB_WDI_SI_POV_GINI,_T,_T,_T,0_TO_100,_Z,_Z,_Z,1989,23.4,_Z,IX,2,WB_WDI,P1Y,0,A,PU,Annual,Bulgaria,Gini index,Total,All age ranges or no breakdown by age,Total,0-100 scale,Not Applicable,Not Applicable,Not Applicable,Not Applicable,Index,Two,World Development Indicators (WDI),Annual,Units,Normal value,Public
datastructure,WB.DATA360:DS_DATA360(1.3),I,A,CAN,WB_WDI_SI_POV_GINI,_T,_T,_T,0_TO_100,_Z,_Z,_Z,1989,31.0,_Z,IX,2,WB_WDI,P1Y,0,A,PU,Annual,Canada,Gini index,Total,All age ranges or no breakdown by age,Total,0-100 scale,Not Applicable,Not Applicable,Not Applicable,Not Applicable,Index,Two,World Development Indicators (WDI),Annual,Units,Normal value,Public
datastructure,WB.DATA360:DS_DATA360(1.3),I,A,COL,WB_WDI_SI_POV_GINI,_T,_T,_T,0_TO_100,_Z,_Z,_Z,1989,52.8,_Z,IX,2,WB_WDI,P1Y,0,A,PU,Annual,Colombia,Gini index,Total,All age ranges or no breakdown by age,Total,0-100 scale,Not Applicable,Not Applicable,Not Applicable,Not Applicable,Index,Two,World Development Indicators (WDI),Annual,Units,Normal value,Public
datastructure,WB.DATA360:DS_DATA360(1.3),I,A,CRI,WB_WDI_SI_POV_GINI,_T,_T,_T,0_TO_100,_Z,_Z,_Z,1989,45.5,_Z,IX,2,WB_WDI,P1Y,0,A,PU,Annual,Costa Rica,Gini index,Total,All age ranges or no breakdown by age,Total,0-100 scale,Not Applicable,Not Applicable,Not Applicable,Not Applicable,Index,Two,World Development Indicators (WDI),Annual,Units,Normal value,Public
datastructure,WB.DATA360:DS_DATA360(1.3),I,A,NOR,WB_WDI_SI_POV_GINI,_T,_T,_T,0_TO_100,_Z,_Z,_Z,1986,24.6,_Z,IX,2,WB_WDI,P1Y,0,A,PU,Annual,Norway,Gini index,Total,All age ranges or no breakdown by age,Total,0-100 scale,Not Applicable,Not Applicable,Not Applicable,Not Applicable,Index,Two,World Development Indicators (WDI),Annual,Units,Normal value,Public
datastructure,WB.DATA360:DS_DATA360(1.3),I,A,POL,WB_WDI_SI_POV_GINI,_T,_T,_T,0_TO_100,_Z,_Z,_Z,1986,28.0,_Z,IX,2,WB_WDI,P1Y,0,A,PU,Annual,Poland,Gini index,Total,All age ranges or no breakdown by age,Total,0-100 scale,Not Applicable,Not Applicable,Not Applicable,Not Applicable,Index,Two,World Development Indicators (WDI),Annual,Units,Normal value,Public
datastructure,WB.DATA360:DS_DATA360(1.3),I,A,LUX,WB_WDI_SI_POV_GINI,_T,_T,_T,0_TO_100,_Z,_Z,_Z,1988,28.8,_Z,IX,2,WB_WDI,P1Y,0,A,PU,Annual,Luxembourg,Gini index,Total,All age ranges or no breakdown by age,Total,0-100 scale,Not Applicable,Not Applicable,Not Applicable,Not Applicable,Index,Two,World Development Indicators (WDI),Annual,Units,Normal value,Public
datastructure,WB.DATA360:DS_DATA360(1.3),I,A,UGA,WB_WDI_SI_POV_GINI,_T,_T,_T,0_TO_100,_Z,_Z,_Z,1989,44.4,_Z,IX,2,WB_WDI,P1Y,0,A,PU,Annual,Uganda,Gini index,Total,All age ranges or no breakdown by age,Total,0-100 scale,Not Applicable,Not Applicable,Not Applicable,Not Applicable,Index,Two,World Development Indicators (WDI),Annual,Units,Normal value,Public
datastructure,WB.DATA360:DS_DATA360(1.3),I,A,LUX,WB_WDI_SI_POV_GINI,_T,_T,_T,0_TO_100,_Z,_Z,_Z,1986,28.1,_Z,IX,2,WB_WDI,P1Y,0,A,PU,Annual,Luxembourg,Gini index,Total,All age ranges or no breakdown by age,Total,0-100 scale,Not Applicable,Not Applicable,Not Applicable,Not Applicable,Index,Two,World Development Indicators (WDI),Annual,Units,Normal value,Public
datastructure,WB.DATA360:DS_DATA360(1.3),I,A,BRA,WB_WDI_SI_POV_GINI,_T,_T,_T,0_TO_100,_Z,_Z,_Z,1982,58.4,_Z,IX,2,WB_WDI,P1Y,0,A,PU,Annual,Brazil,Gini index,Total,All age ranges or no breakdown by age,Total,0-100 scale,Not Applicable,Not Applicable,Not Applicable,Not Applicable,Index,Two,World Development Indicators (WDI),Annual,Units,Normal value,Public
datastructure,WB.DATA360:DS_DATA360(1.3),I,A,POL,WB_WDI_SI_POV_GINI,_T,_T,_T,0_TO_100,_Z,_Z,_Z,1989,26.8,_Z,IX,2,WB_WDI,P1Y,0,A,PU,Annual,Poland,Gini index,Total,All age ranges or no breakdown by age,Total,0-100 scale,Not Applicable,Not Applicable,Not Applicable,Not Applicable,Index,Two,World Development Indicators (WDI),Annual,Units,Normal value,Public
datastructure,WB.DATA360:DS_DATA360(1.3),I,A,ROU,WB_WDI_SI_POV_GINI,_T,_T,_T,0_TO_100,_Z,_Z,_Z,1989,23.3,_Z,IX,2,WB_WDI,P1Y,0,A,PU,Annual,Romania,Gini index,Total,All age ranges or no breakdown by age,Total,0-100 scale,Not Applicable,Not Applicable,Not Applicable,Not Applicable,Index,Two,World Development Indicators (WDI),Annual,Units,Normal value,Public
datastructure,WB.DATA360:DS_DATA360(1.3),I,A,GBR,WB_WDI_SI_POV_GINI,_T,_T,_T,0_TO_100,_Z,_Z,_Z,1971,29.3,_Z,IX,2,WB_WDI,P1Y,0,A,PU,Annual,United Kingdom,Gini index,Total,All age ranges or no breakdown by age,Total,0-100 scale,Not Applicable,Not Applicable,Not Applicable,Not Applicable,Index,Two,World Development Indicators (WDI),Annual,Units,Normal value,Public
datastructure,WB.DATA360:DS_DATA360(1.3),I,A,USA,WB_WDI_SI_POV_GINI,_T,_T,_T,0_TO_100,_Z,_Z,_Z,1971,36.9,_Z,IX,2,WB_WDI,P1Y,0,A,PU,Annual,United States,Gini index,Total,All age ranges or no breakdown by age,Total,0-100 scale,Not Applicable,Not Applicable,Not Applicable,Not Applicable,Index,Two,World Development Indicators (WDI),Annual,Units,Normal value,Public
datastructure,WB.DATA360:DS_DATA360(1.3),I,A,NGA,WB_WDI_SI_POV_GINI,_T,_T,_T,0_TO_100,_Z,_Z,_Z,1985,38.7,_Z,IX,2,WB_WDI,P1Y,0,A,PU,Annual,Nigeria,Gini index,Total,All age ranges or no breakdown by age,Total,0-100 scale,Not Applicable,Not Applicable,Not Applicable,Not Applicable,Index,Two,World Development Indicators (WDI),Annual,Units,Normal value,Public
datastructure,WB.DATA360:DS_DATA360(1.3),I,A,PER,WB_WDI_SI_POV_GINI,_T,_T,_T,0_TO_100,_Z,_Z,_Z,1985,45.6,_Z,IX,2,WB_WDI,P1Y,0,A,PU,Annual,Peru,Gini index,Total,All age ranges or no breakdown by age,Total,0-100 scale,Not Applicable,Not Applicable,Not Applicable,Not Applicable,Index,Two,World Development Indicators (WDI),Annual,Units,Normal value,Public
datastructure,WB.DATA360:DS_DATA360(1.3),I,A,PHL,WB_WDI_SI_POV_GINI,_T,_T,_T,0_TO_100,_Z,_Z,_Z,1985,41.0,_Z,IX,2,WB_WDI,P1Y,0,A,PU,Annual,Philippines,Gini index,Total,All age ranges or no breakdown by age,Total,0-100 scale,Not Applicable,Not Applicable,Not Applicable,Not Applicable,Index,Two,World Development Indicators (WDI),Annual,Units,Normal value,Public
datastructure,WB.DATA360:DS_DATA360(1.3),I,A,POL,WB_WDI_SI_POV_GINI,_T,_T,_T,0_TO_100,_Z,_Z,_Z,1985,25.1,_Z,IX,2,WB_WDI,P1Y,0,A,PU,Annual,Poland,Gini index,Total,All age ranges or no breakdown by age,Total,0-100 scale,Not Applicable,Not Applicable,Not Applicable,Not Applicable,Index,Two,World Development Indicators (WDI),Annual,Units,Normal value,Public
datastructure,WB.DATA360:DS_DATA360(1.3),I,A,ITA,WB_WDI_SI_POV_GINI,_T,_T,_T,0_TO_100,_Z,_Z,_Z,1977,34.0,_Z,IX,2,WB_WDI,P1Y,0,A,PU,Annual,Italy,Gini index,Total,All age ranges or no breakdown by age,Total,0-100 scale,Not Applicable,Not Applicable,Not Applicable,Not Applicable,Index,Two,World Development Indicators (WDI),Annual,Units,Normal value,Public
datastructure,WB.DATA360:DS_DATA360(1.3),I,A,TJK,WB_WDI_SI_POV_GINI,_T,_T,_T,0_TO_100,_Z,_Z,_Z,2024,36.1,_Z,IX,2,WB_WDI,P1Y,0,A,PU,Annual,Tajikistan,Gini index,Total,All age ranges or no breakdown by age,Total,0-100 scale,Not Applicable,Not Applicable,Not Applicable,Not Applicable,Index,Two,World Development Indicators (WDI),Annual,Units,Normal value,Public
datastructure,WB.DATA360:DS_DATA360(1.3),I,A,THA,WB_WDI_SI_POV_GINI,_T,_T,_T,0_TO_100,_Z,_Z,_Z,2024,33.3,_Z,IX,2,WB_WDI,P1Y,0,A,PU,Annual,Thailand,Gini index,Total,All age ranges or no breakdown by age,Total,0-100 scale,Not Applicable,Not Applicable,Not Applicable,Not Applicable,Index,Two,World Development Indicators (WDI),Annual,Units,Normal value,Public
datastructure,WB.DATA360:DS_DATA360(1.3),I,A,BRA,WB_WDI_SI_POV_GINI,_T,_T,_T,0_TO_100,_Z,_Z,_Z,1986,58.4,_Z,IX,2,WB_WDI,P1Y,0,A,PU,Annual,Brazil,Gini index,Total,All age ranges or no breakdown by age,Total,0-100 scale,Not Applicable,Not Applicable,Not Applicable,Not Applicable,Index,Two,World Development Indicators (WDI),Annual,Units,Normal value,Public
datastructure,WB.DATA360:DS_DATA360(1.3),I,A,CAN,WB_WDI_SI_POV_GINI,_T,_T,_T,0_TO_100,_Z,_Z,_Z,1986,31.7,_Z,IX,2,WB_WDI,P1Y,0,A,PU,Annual,Canada,Gini index,Total,All age ranges or no breakdown by age,Total,0-100 scale,Not Applicable,Not Applicable,Not Applicable,Not Applicable,Index,Two,World Development Indicators (WDI),Annual,Units,Normal value,Public
datastructure,WB.DATA360:DS_DATA360(1.3),I,A,CAN,WB_WDI_SI_POV_GINI,_T,_T,_T,0_TO_100,_Z,_Z,_Z,1982,32.9,_Z,IX,2,WB_WDI,P1Y,0,A,PU,Annual,Canada,Gini index,Total,All age ranges or no breakdown by age,Total,0-100 scale,Not Applicable,Not Applicable,Not Applicable,Not Applicable,Index,Two,World Development Indicators (WDI),Annual,Units,Normal value,Public
datastructure,WB.DATA360:DS_DATA360(1.3),I,A,COL,WB_WDI_SI_POV_GINI,_T,_T,_T,0_TO_100,_Z,_Z,_Z,1980,55.1,_Z,IX,2,WB_WDI,P1Y,0,A,PU,Annual,Colombia,Gini index,Total,All age ranges or no breakdown by age,Total,0-100 scale,Not Applicable,Not Applicable,Not Applicable,Not Applicable,Index,Two,World Development Indicators (WDI),Annual,Units,Normal value,Public
datastructure,WB.DATA360:DS_DATA360(1.3),I,A,FRA,WB_WDI_SI_POV_GINI,_T,_T,_T,0_TO_100,_Z,_Z,_Z,1979,34.0,_Z,IX,2,WB_WDI,P1Y,0,A,PU,Annual,France,Gini index,Total,All age ranges or no breakdown by age,Total,0-100 scale,Not Applicable,Not Applicable,Not Applicable,Not Applicable,Index,Two,World Development Indicators (WDI),Annual,Units,Normal value,Public
datastructure,WB.DATA360:DS_DATA360(1.3),I,A,BGD,WB_WDI_SI_POV_GINI,_T,_T,_T,0_TO_100,_Z,_Z,_Z,1988,28.8,_Z,IX,2,WB_WDI,P1Y,0,A,PU,Annual,Bangladesh,Gini index,Total,All age ranges or no breakdown by age,Total,0-100 scale,Not Applicable,Not Applicable,Not Applicable,Not Applicable,Index,Two,World Development Indicators (WDI),Annual,Units,Normal value,Public
datastructure,WB.DATA360:DS_DATA360(1.3),I,A,BEL,WB_WDI_SI_POV_GINI,_T,_T,_T,0_TO_100,_Z,_Z,_Z,1988,25.7,_Z,IX,2,WB_WDI,P1Y,0,A,PU,Annual,Belgium,Gini index,Total,All age ranges or no breakdown by age,Total,0-100 scale,Not Applicable,Not Applicable,Not Applicable,Not Applicable,Index,Two,World Development Indicators (WDI),Annual,Units,Normal value,Public
datastructure,WB.DATA360:DS_DATA360(1.3),I,A,BRA,WB_WDI_SI_POV_GINI,_T,_T,_T,0_TO_100,_Z,_Z,_Z,1988,61.4,_Z,IX,2,WB_WDI,P1Y,0,A,PU,Annual,Brazil,Gini index,Total,All age ranges or no breakdown by age,Total,0-100 scale,Not Applicable,Not Applicable,Not Applicable,Not Applicable,Index,Two,World Development Indicators (WDI),Annual,Units,Normal value,Public
datastructure,WB.DATA360:DS_DATA360(1.3),I,A,DZA,WB_WDI_SI_POV_GINI,_T,_T,_T,0_TO_100,_Z,_Z,_Z,1995,35.3,_Z,IX,2,WB_WDI,P1Y,0,A,PU,Annual,Algeria,Gini index,Total,All age ranges or no breakdown by age,Total,0-100 scale,Not Applicable,Not Applicable,Not Applicable,Not Applicable,Index,Two,World Development Indicators (WDI),Annual,Units,Normal value,Public
datastructure,WB.DATA360:DS_DATA360(1.3),I,A,ARG,WB_WDI_SI_POV_GINI,_T,_T,_T,0_TO_100,_Z,_Z,_Z,1995,48.9,_Z,IX,2,WB_WDI,P1Y,0,A,PU,Annual,Argentina,Gini index,Total,All age ranges or no breakdown by age,Total,0-100 scale,Not Applicable,Not Applicable,Not Applicable,Not Applicable,Index,Two,World Development Indicators (WDI),Annual,Units,Normal value,Public
datastructure,WB.DATA360:DS_DATA360(1.3),I,A,CIV,WB_WDI_SI_POV_GINI,_T,_T,_T,0_TO_100,_Z,_Z,_Z,1985,45.5,_Z,IX,2,WB_WDI,P1Y,0,A,PU,Annual,Côte d’Ivoire,Gini index,Total,All age ranges or no breakdown by age,Total,0-100 scale,Not Applicable,Not Applicable,Not Applicable,Not Applicable,Index,Two,World Development Indicators (WDI),Annual,Units,Normal value,Public
datastructure,WB.DATA360:DS_DATA360(1.3),I,A,NLD,WB_WDI_SI_POV_GINI,_T,_T,_T,0_TO_100,_Z,_Z,_Z,1983,28.4,_Z,IX,2,WB_WDI,P1Y,0,A,PU,Annual,Netherlands,Gini index,Total,All age ranges or no breakdown by age,Total,0-100 scale,Not Applicable,Not Applicable,Not Applicable,Not Applicable,Index,Two,World Development Indicators (WDI),Annual,Units,Normal value,Public
datastructure,WB.DATA360:DS_DATA360(1.3),I,A,ISR,WB_WDI_SI_POV_GINI,_T,_T,_T,0_TO_100,_Z,_Z,_Z,1979,36.3,_Z,IX,2,WB_WDI,P1Y,0,A,PU,Annual,Israel,Gini index,Total,All age ranges or no breakdown by age,Total,0-100 scale,Not Applicable,Not Applicable,Not Applicable,Not Applicable,Index,Two,World Development Indicators (WDI),Annual,Units,Normal value,Public
datastructure,WB.DATA360:DS_DATA360(1.3),I,A,ITA,WB_WDI_SI_POV_GINI,_T,_T,_T,0_TO_100,_Z,_Z,_Z,1979,33.3,_Z,IX,2,WB_WDI,P1Y,0,A,PU,Annual,Italy,Gini index,Total,All age ranges or no breakdown by age,Total,0-100 scale,Not Applicable,Not Applicable,Not Applicable,Not Applicable,Index,Two,World Development Indicators (WDI),Annual,Units,Normal value,Public
datastructure,WB.DATA360:DS_DATA360(1.3),I,A,LUX,WB_WDI_SI_POV_GINI,_T,_T,_T,0_TO_100,_Z,_Z,_Z,1987,29.5,_Z,IX,2,WB_WDI,P1Y,0,A,PU,Annual,Luxembourg,Gini index,Total,All age ranges or no breakdown by age,Total,0-100 scale,Not Applicable,Not Applicable,Not Applicable,Not Applicable,Index,Two,World Development Indicators (WDI),Annual,Units,Normal value,Public
datastructure,WB.DATA360:DS_DATA360(1.3),I,A,MYS,WB_WDI_SI_POV_GINI,_T,_T,_T,0_TO_100,_Z,_Z,_Z,1987,47.0,_Z,IX,2,WB_WDI,P1Y,0,A,PU,Annual,Malaysia,Gini index,Total,All age ranges or no breakdown by age,Total,0-100 scale,Not Applicable,Not Applicable,Not Applicable,Not Applicable,Index,Two,World Development Indicators (WDI),Annual,Units,Normal value,Public
datastructure,WB.DATA360:DS_DATA360(1.3),I,A,MRT,WB_WDI_SI_POV_GINI,_T,_T,_T,0_TO_100,_Z,_Z,_Z,1987,43.9,_Z,IX,2,WB_WDI,P1Y,0,A,PU,Annual,Mauritania,Gini index,Total,All age ranges or no breakdown by age,Total,0-100 scale,Not Applicable,Not Applicable,Not Applicable,Not Applicable,Index,Two,World Development Indicators (WDI),Annual,Units,Normal value,Public
datastructure,WB.DATA360:DS_DATA360(1.3),I,A,CRI,WB_WDI_SI_POV_GINI,_T,_T,_T,0_TO_100,_Z,_Z,_Z,1981,47.5,_Z,IX,2,WB_WDI,P1Y,0,A,PU,Annual,Costa Rica,Gini index,Total,All age ranges or no breakdown by age,Total,0-100 scale,Not Applicable,Not Applicable,Not Applicable,Not Applicable,Index,Two,World Development Indicators (WDI),Annual,Units,Normal value,Public
datastructure,WB.DATA360:DS_DATA360(1.3),I,A,ESP,WB_WDI_SI_POV_GINI,_T,_T,_T,0_TO_100,_Z,_Z,_Z,1980,34.5,_Z,IX,2,WB_WDI,P1Y,0,A,PU,Annual,Spain,Gini index,Total,All age ranges or no breakdown by age,Total,0-100 scale,Not Applicable,Not Applicable,Not Applicable,Not Applicable,Index,Two,World Development Indicators (WDI),Annual,Units,Normal value,Public
datastructure,WB.DATA360:DS_DATA360(1.3),I,A,FIN,WB_WDI_SI_POV_GINI,_T,_T,_T,0_TO_100,_Z,_Z,_Z,1987,22.2,_Z,IX,2,WB_WDI,P1Y,0,A,PU,Annual,Finland,Gini index,Total,All age ranges or no breakdown by age,Total,0-100 scale,Not Applicable,Not Applicable,Not Applicable,Not Applicable,Index,Two,World Development Indicators (WDI),Annual,Units,Normal value,Public
datastructure,WB.DATA360:DS_DATA360(1.3),I,A,GHA,WB_WDI_SI_POV_GINI,_T,_T,_T,0_TO_100,_Z,_Z,_Z,1987,35.3,_Z,IX,2,WB_WDI,P1Y,0,A,PU,Annual,Ghana,Gini index,Total,All age ranges or no breakdown by age,Total,0-100 scale,Not Applicable,Not Applicable,Not Applicable,Not Applicable,Index,Two,World Development Indicators (WDI),Annual,Units,Normal value,Public
datastructure,WB.DATA360:DS_DATA360(1.3),I,A,ITA,WB_WDI_SI_POV_GINI,_T,_T,_T,0_TO_100,_Z,_Z,_Z,1981,31.6,_Z,IX,2,WB_WDI,P1Y,0,A,PU,Annual,Italy,Gini index,Total,All age ranges or no breakdown by age,Total,0-100 scale,Not Applicable,Not Applicable,Not Applicable,Not Applicable,Index,Two,World Development Indicators (WDI),Annual,Units,Normal value,Public
datastructure,WB.DATA360:DS_DATA360(1.3),I,A,ITA,WB_WDI_SI_POV_GINI,_T,_T,_T,0_TO_100,_Z,_Z,_Z,1978,33.3,_Z,IX,2,WB_WDI,P1Y,0,A,PU,Annual,Italy,Gini index,Total,All age ranges or no breakdown by age,Total,0-100 scale,Not Applicable,Not Applicable,Not Applicable,Not Applicable,Index,Two,World Development Indicators (WDI),Annual,Units,Normal value,Public
datastructure,WB.DATA360:DS_DATA360(1.3),I,A,FRA,WB_WDI_SI_POV_GINI,_T,_T,_T,0_TO_100,_Z,_Z,_Z,1975,35.9,_Z,IX,2,WB_WDI,P1Y,0,A,PU,Annual,France,Gini index,Total,All age ranges or no breakdown by age,Total,0-100 scale,Not Applicable,Not Applicable,Not Applicable,Not Applicable,Index,Two,World Development Indicators (WDI),Annual,Units,Normal value,Public
datastructure,WB.DATA360:DS_DATA360(1.3),I,A,MYS,WB_WDI_SI_POV_GINI,_T,_T,_T,0_TO_100,_Z,_Z,_Z,1984,48.5,_Z,IX,2,WB_WDI,P1Y,0,A,PU,Annual,Malaysia,Gini index,Total,All age ranges or no breakdown by age,Total,0-100 scale,Not Applicable,Not Applicable,Not Applicable,Not Applicable,Index,Two,World Development Indicators (WDI),Annual,Units,Normal value,Public
datastructure,WB.DATA360:DS_DATA360(1.3),I,A,MEX,WB_WDI_SI_POV_GINI,_T,_T,_T,0_TO_100,_Z,_Z,_Z,1984,48.5,_Z,IX,2,WB_WDI,P1Y,0,A,PU,Annual,Mexico,Gini index,Total,All age ranges or no breakdown by age,Total,0-100 scale,Not Applicable,Not Applicable,Not Applicable,Not Applicable,Index,Two,World Development Indicators (WDI),Annual,Units,Normal value,Public
datastructure,WB.DATA360:DS_DATA360(1.3),I,A,MAR,WB_WDI_SI_POV_GINI,_T,_T,_T,0_TO_100,_Z,_Z,_Z,1984,36.5,_Z,IX,2,WB_WDI,P1Y,0,A,PU,Annual,Morocco,Gini index,Total,All age ranges or no breakdown by age,Total,0-100 scale,Not Applicable,Not Applicable,Not Applicable,Not Applicable,Index,Two,World Development Indicators (WDI),Annual,Units,Normal value,Public
datastructure,WB.DATA360:DS_DATA360(1.3),I,A,NPL,WB_WDI_SI_POV_GINI,_T,_T,_T,0_TO_100,_Z,_Z,_Z,1984,30.1,_Z,IX,2,WB_WDI,P1Y,0,A,PU,Annual,Nepal,Gini index,Total,All age ranges or no breakdown by age,Total,0-100 scale,Not Applicable,Not Applicable,Not Applicable,Not Applicable,Index,Two,World Development Indicators (WDI),Annual,Units,Normal value,Public
datastructure,WB.DATA360:DS_DATA360(1.3),I,A,CHE,WB_WDI_SI_POV_GINI,_T,_T,_T,0_TO_100,_Z,_Z,_Z,1982,36.0,_Z,IX,2,WB_WDI,P1Y,0,A,PU,Annual,Switzerland,Gini index,Total,All age ranges or no breakdown by age,Total,0-100 scale,Not Applicable,Not Applicable,Not Applicable,Not Applicable,Index,Two,World Development Indicators (WDI),Annual,Units,Normal value,Public
datastructure,WB.DATA360:DS_DATA360(1.3),I,A,GBR,WB_WDI_SI_POV_GINI,_T,_T,_T,0_TO_100,_Z,_Z,_Z,1982,29.9,_Z,IX,2,WB_WDI,P1Y,0,A,PU,Annual,United Kingdom,Gini index,Total,All age ranges or no breakdown by age,Total,0-100 scale,Not Applicable,Not Applicable,Not Applicable,Not Applicable,Index,Two,World Development Indicators (WDI),Annual,Units,Normal value,Public
datastructure,WB.DATA360:DS_DATA360(1.3),I,A,USA,WB_WDI_SI_POV_GINI,_T,_T,_T,0_TO_100,_Z,_Z,_Z,1982,36.7,_Z,IX,2,WB_WDI,P1Y,0,A,PU,Annual,United States,Gini index,Total,All age ranges or no breakdown by age,Total,0-100 scale,Not Applicable,Not Applicable,Not Applicable,Not Applicable,Index,Two,World Development Indicators (WDI),Annual,Units,Normal value,Public
datastructure,WB.DATA360:DS_DATA360(1.3),I,A,GBR,WB_WDI_SI_POV_GINI,_T,_T,_T,0_TO_100,_Z,_Z,_Z,1978,27.2,_Z,IX,2,WB_WDI,P1Y,0,A,PU,Annual,United Kingdom,Gini index,Total,All age ranges or no breakdown by age,Total,0-100 scale,Not Applicable,Not Applicable,Not Applicable,Not Applicable,Index,Two,World Development Indicators (WDI),Annual,Units,Normal value,Public
datastructure,WB.DATA360:DS_DATA360(1.3),I,A,USA,WB_WDI_SI_POV_GINI,_T,_T,_T,0_TO_100,_Z,_Z,_Z,1978,34.8,_Z,IX,2,WB_WDI,P1Y,0,A,PU,Annual,United States,Gini index,Total,All age ranges or no breakdown by age,Total,0-100 scale,Not Applicable,Not Applicable,Not Applicable,Not Applicable,Index,Two,World Development Indicators (WDI),Annual,Units,Normal value,Public
datastructure,WB.DATA360:DS_DATA360(1.3),I,A,BEL,WB_WDI_SI_POV_GINI,_T,_T,_T,0_TO_100,_Z,_Z,_Z,1985,25.2,_Z,IX,2,WB_WDI,P1Y,0,A,PU,Annual,Belgium,Gini index,Total,All age ranges or no breakdown by age,Total,0-100 scale,Not Applicable,Not Applicable,Not Applicable,Not Applicable,Index,Two,World Development Indicators (WDI),Annual,Units,Normal value,Public
datastructure,WB.DATA360:DS_DATA360(1.3),I,A,BWA,WB_WDI_SI_POV_GINI,_T,_T,_T,0_TO_100,_Z,_Z,_Z,1985,54.2,_Z,IX,2,WB_WDI,P1Y,0,A,PU,Annual,Botswana,Gini index,Total,All age ranges or no breakdown by age,Total,0-100 scale,Not Applicable,Not Applicable,Not Applicable,Not Applicable,Index,Two,World Development Indicators (WDI),Annual,Units,Normal value,Public
datastructure,WB.DATA360:DS_DATA360(1.3),I,A,BRA,WB_WDI_SI_POV_GINI,_T,_T,_T,0_TO_100,_Z,_Z,_Z,1985,55.5,_Z,IX,2,WB_WDI,P1Y,0,A,PU,Annual,Brazil,Gini index,Total,All age ranges or no breakdown by age,Total,0-100 scale,Not Applicable,Not Applicable,Not Applicable,Not Applicable,Index,Two,World Development Indicators (WDI),Annual,Units,Normal value,Public
datastructure,WB.DATA360:DS_DATA360(1.3),I,A,CAN,WB_WDI_SI_POV_GINI,_T,_T,_T,0_TO_100,_Z,_Z,_Z,1985,33.2,_Z,IX,2,WB_WDI,P1Y,0,A,PU,Annual,Canada,Gini index,Total,All age ranges or no breakdown by age,Total,0-100 scale,Not Applicable,Not Applicable,Not Applicable,Not Applicable,Index,Two,World Development Indicators (WDI),Annual,Units,Normal value,Public
datastructure,WB.DATA360:DS_DATA360(1.3),I,A,FRA,WB_WDI_SI_POV_GINI,_T,_T,_T,0_TO_100,_Z,_Z,_Z,1984,33.4,_Z,IX,2,WB_WDI,P1Y,0,A,PU,Annual,France,Gini index,Total,All age ranges or no breakdown by age,Total,0-100 scale,Not Applicable,Not Applicable,Not Applicable,Not Applicable,Index,Two,World Development Indicators (WDI),Annual,Units,Normal value,Public
datastructure,WB.DATA360:DS_DATA360(1.3),I,A,GBR,WB_WDI_SI_POV_GINI,_T,_T,_T,0_TO_100,_Z,_Z,_Z,1979,27.4,_Z,IX,2,WB_WDI,P1Y,0,A,PU,Annual,United Kingdom,Gini index,Total,All age ranges or no breakdown by age,Total,0-100 scale,Not Applicable,Not Applicable,Not Applicable,Not Applicable,Index,Two,World Development Indicators (WDI),Annual,Units,Normal value,Public
datastructure,WB.DATA360:DS_DATA360(1.3),I,A,USA,WB_WDI_SI_POV_GINI,_T,_T,_T,0_TO_100,_Z,_Z,_Z,1979,34.8,_Z,IX,2,WB_WDI,P1Y,0,A,PU,Annual,United States,Gini index,Total,All age ranges or no breakdown by age,Total,0-100 scale,Not Applicable,Not Applicable,Not Applicable,Not Applicable,Index,Two,World Development Indicators (WDI),Annual,Units,Normal value,Public
datastructure,WB.DATA360:DS_DATA360(1.3),I,A,NOR,WB_WDI_SI_POV_GINI,_T,_T,_T,0_TO_100,_Z,_Z,_Z,1979,26.9,_Z,IX,2,WB_WDI,P1Y,0,A,PU,Annual,Norway,Gini index,Total,All age ranges or no breakdown by age,Total,0-100 scale,Not Applicable,Not Applicable,Not Applicable,Not Applicable,Index,Two,World Development Indicators (WDI),Annual,Units,Normal value,Public
datastructure,WB.DATA360:DS_DATA360(1.3),I,A,PAN,WB_WDI_SI_POV_GINI,_T,_T,_T,0_TO_100,_Z,_Z,_Z,1979,48.7,_Z,IX,2,WB_WDI,P1Y,0,A,PU,Annual,Panama,Gini index,Total,All age ranges or no breakdown by age,Total,0-100 scale,Not Applicable,Not Applicable,Not Applicable,Not Applicable,Index,Two,World Development Indicators (WDI),Annual,Units,Normal value,Public
datastructure,WB.DATA360:DS_DATA360(1.3),I,A,CHN,WB_WDI_SI_POV_GINI,_T,_T,_T,0_TO_100,_Z,_Z,_Z,1984,27.1,_Z,IX,2,WB_WDI,P1Y,0,A,PU,Annual,China,Gini index,Total,All age ranges or no breakdown by age,Total,0-100 scale,Not Applicable,Not Applicable,Not Applicable,Not Applicable,Index,Two,World Development Indicators (WDI),Annual,Units,Normal value,Public
datastructure,WB.DATA360:DS_DATA360(1.3),I,A,GBR,WB_WDI_SI_POV_GINI,_T,_T,_T,0_TO_100,_Z,_Z,_Z,1977,27.1,_Z,IX,2,WB_WDI,P1Y,0,A,PU,Annual,United Kingdom,Gini index,Total,All age ranges or no breakdown by age,Total,0-100 scale,Not Applicable,Not Applicable,Not Applicable,Not Applicable,Index,Two,World Development Indicators (WDI),Annual,Units,Normal value,Public
datastructure,WB.DATA360:DS_DATA360(1.3),I,A,USA,WB_WDI_SI_POV_GINI,_T,_T,_T,0_TO_100,_Z,_Z,_Z,1977,35.5,_Z,IX,2,WB_WDI,P1Y,0,A,PU,Annual,United States,Gini index,Total,All age ranges or no breakdown by age,Total,0-100 scale,Not Applicable,Not Applicable,Not Applicable,Not Applicable,Index,Two,World Development Indicators (WDI),Annual,Units,Normal value,Public
datastructure,WB.DATA360:DS_DATA360(1.3),I,A,SWE,WB_WDI_SI_POV_GINI,_T,_T,_T,0_TO_100,_Z,_Z,_Z,1975,24.3,_Z,IX,2,WB_WDI,P1Y,0,A,PU,Annual,Sweden,Gini index,Total,All age ranges or no breakdown by age,Total,0-100 scale,Not Applicable,Not Applicable,Not Applicable,Not Applicable,Index,Two,World Development Indicators (WDI),Annual,Units,Normal value,Public
datastructure,WB.DATA360:DS_DATA360(1.3),I,A,ARG,WB_WDI_SI_POV_GINI,_T,_T,_T,0_TO_100,_Z,_Z,_Z,1993,44.8,_Z,IX,2,WB_WDI,P1Y,0,A,PU,Annual,Argentina,Gini index,Total,All age ranges or no breakdown by age,Total,0-100 scale,Not Applicable,Not Applicable,Not Applicable,Not Applicable,Index,Two,World Development Indicators (WDI),Annual,Units,Normal value,Public
datastructure,WB.DATA360:DS_DATA360(1.3),I,A,CAN,WB_WDI_SI_POV_GINI,_T,_T,_T,0_TO_100,_Z,_Z,_Z,1977,33.7,_Z,IX,2,WB_WDI,P1Y,0,A,PU,Annual,Canada,Gini index,Total,All age ranges or no breakdown by age,Total,0-100 scale,Not Applicable,Not Applicable,Not Applicable,Not Applicable,Index,Two,World Development Indicators (WDI),Annual,Units,Normal value,Public
datastructure,WB.DATA360:DS_DATA360(1.3),I,A,SWE,WB_WDI_SI_POV_GINI,_T,_T,_T,0_TO_100,_Z,_Z,_Z,1981,22.9,_Z,IX,2,WB_WDI,P1Y,0,A,PU,Annual,Sweden,Gini index,Total,All age ranges or no breakdown by age,Total,0-100 scale,Not Applicable,Not Applicable,Not Applicable,Not Applicable,Index,Two,World Development Indicators (WDI),Annual,Units,Normal value,Public
datastructure,WB.DATA360:DS_DATA360(1.3),I,A,THA,WB_WDI_SI_POV_GINI,_T,_T,_T,0_TO_100,_Z,_Z,_Z,1981,45.2,_Z,IX,2,WB_WDI,P1Y,0,A,PU,Annual,Thailand,Gini index,Total,All age ranges or no breakdown by age,Total,0-100 scale,Not Applicable,Not Applicable,Not Applicable,Not Applicable,Index,Two,World Development Indicators (WDI),Annual,Units,Normal value,Public
datastructure,WB.DATA360:DS_DATA360(1.3),I,A,GBR,WB_WDI_SI_POV_GINI,_T,_T,_T,0_TO_100,_Z,_Z,_Z,1981,29.7,_Z,IX,2,WB_WDI,P1Y,0,A,PU,Annual,United Kingdom,Gini index,Total,All age ranges or no breakdown by age,Total,0-100 scale,Not Applicable,Not Applicable,Not Applicable,Not Applicable,Index,Two,World Development Indicators (WDI),Annual,Units,Normal value,Public
datastructure,WB.DATA360:DS_DATA360(1.3),I,A,USA,WB_WDI_SI_POV_GINI,_T,_T,_T,0_TO_100,_Z,_Z,_Z,1981,35.5,_Z,IX,2,WB_WDI,P1Y,0,A,PU,Annual,United States,Gini index,Total,All age ranges or no breakdown by age,Total,0-100 scale,Not Applicable,Not Applicable,Not Applicable,Not Applicable,Index,Two,World Development Indicators (WDI),Annual,Units,Normal value,Public
datastructure,WB.DATA360:DS_DATA360(1.3),I,A,ARG,WB_WDI_SI_POV_GINI,_T,_T,_T,0_TO_100,_Z,_Z,_Z,1992,45.5,_Z,IX,2,WB_WDI,P1Y,0,A,PU,Annual,Argentina,Gini index,Total,All age ranges or no breakdown by age,Total,0-100 scale,Not Applicable,Not Applicable,Not Applicable,Not Applicable,Index,Two,World Development Indicators (WDI),Annual,Units,Normal value,Public
datastructure,WB.DATA360:DS_DATA360(1.3),I,A,ARG,WB_WDI_SI_POV_GINI,_T,_T,_T,0_TO_100,_Z,_Z,_Z,1980,40.8,_Z,IX,2,WB_WDI,P1Y,0,A,PU,Annual,Argentina,Gini index,Total,All age ranges or no breakdown by age,Total,0-100 scale,Not Applicable,Not Applicable,Not Applicable,Not Applicable,Index,Two,World Development Indicators (WDI),Annual,Units,Normal value,Public
datastructure,WB.DATA360:DS_DATA360(1.3),I,A,ARG,WB_WDI_SI_POV_GINI,_T,_T,_T,0_TO_100,_Z,_Z,_Z,1998,50.7,_Z,IX,2,WB_WDI,P1Y,0,A,PU,Annual,Argentina,Gini index,Total,All age ranges or no breakdown by age,Total,0-100 scale,Not Applicable,Not Applicable,Not Applicable,Not Applicable,Index,Two,World Development Indicators (WDI),Annual,Units,Normal value,Public
datastructure,WB.DATA360:DS_DATA360(1.3),I,A,IND,WB_WDI_SI_POV_GINI,_T,_T,_T,0_TO_100,_Z,_Z,_Z,1977,29.7,_Z,IX,2,WB_WDI,P1Y,0,A,PU,Annual,India,Gini index,Total,All age ranges or no breakdown by age,Total,0-100 scale,Not Applicable,Not Applicable,Not Applicable,Not Applicable,Index,Two,World Development Indicators (WDI),Annual,Units,Normal value,Public
datastructure,WB.DATA360:DS_DATA360(1.3),I,A,USA,WB_WDI_SI_POV_GINI,_T,_T,_T,0_TO_100,_Z,_Z,_Z,1967,36.9,_Z,IX,2,WB_WDI,P1Y,0,A,PU,Annual,United States,Gini index,Total,All age ranges or no breakdown by age,Total,0-100 scale,Not Applicable,Not Applicable,Not Applicable,Not Applicable,Index,Two,World Development Indicators (WDI),Annual,Units,Normal value,Public
datastructure,WB.DATA360:DS_DATA360(1.3),I,A,ARG,WB_WDI_SI_POV_GINI,_T,_T,_T,0_TO_100,_Z,_Z,_Z,2024,42.4,_Z,IX,2,WB_WDI,P1Y,0,A,PU,Annual,Argentina,Gini index,Total,All age ranges or no breakdown by age,Total,0-100 scale,Not Applicable,Not Applicable,Not Applicable,Not Applicable,Index,Two,World Development Indicators (WDI),Annual,Units,Normal value,Public
datastructure,WB.DATA360:DS_DATA360(1.3),I,A,ARM,WB_WDI_SI_POV_GINI,_T,_T,_T,0_TO_100,_Z,_Z,_Z,2024,27.4,_Z,IX,2,WB_WDI,P1Y,0,A,PU,Annual,Armenia,Gini index,Total,All age ranges or no breakdown by age,Total,0-100 scale,Not Applicable,Not Applicable,Not Applicable,Not Applicable,Index,Two,World Development Indicators (WDI),Annual,Units,Normal value,Public
datastructure,WB.DATA360:DS_DATA360(1.3),I,A,BRA,WB_WDI_SI_POV_GINI,_T,_T,_T,0_TO_100,_Z,_Z,_Z,1981,57.9,_Z,IX,2,WB_WDI,P1Y,0,A,PU,Annual,Brazil,Gini index,Total,All age ranges or no breakdown by age,Total,0-100 scale,Not Applicable,Not Applicable,Not Applicable,Not Applicable,Index,Two,World Development Indicators (WDI),Annual,Units,Normal value,Public
datastructure,WB.DATA360:DS_DATA360(1.3),I,A,CAN,WB_WDI_SI_POV_GINI,_T,_T,_T,0_TO_100,_Z,_Z,_Z,1981,33.0,_Z,IX,2,WB_WDI,P1Y,0,A,PU,Annual,Canada,Gini index,Total,All age ranges or no breakdown by age,Total,0-100 scale,Not Applicable,Not Applicable,Not Applicable,Not Applicable,Index,Two,World Development Indicators (WDI),Annual,Units,Normal value,Public
datastructure,WB.DATA360:DS_DATA360(1.3),I,A,CHN,WB_WDI_SI_POV_GINI,_T,_T,_T,0_TO_100,_Z,_Z,_Z,1981,28.2,_Z,IX,2,WB_WDI,P1Y,0,A,PU,Annual,China,Gini index,Total,All age ranges or no breakdown by age,Total,0-100 scale,Not Applicable,Not Applicable,Not Applicable,Not Applicable,Index,Two,World Development Indicators (WDI),Annual,Units,Normal value,Public
datastructure,WB.DATA360:DS_DATA360(1.3),I,A,GBR,WB_WDI_SI_POV_GINI,_T,_T,_T,0_TO_100,_Z,_Z,_Z,1969,27.9,_Z,IX,2,WB_WDI,P1Y,0,A,PU,Annual,United Kingdom,Gini index,Total,All age ranges or no breakdown by age,Total,0-100 scale,Not Applicable,Not Applicable,Not Applicable,Not Applicable,Index,Two,World Development Indicators (WDI),Annual,Units,Normal value,Public
datastructure,WB.DATA360:DS_DATA360(1.3),I,A,USA,WB_WDI_SI_POV_GINI,_T,_T,_T,0_TO_100,_Z,_Z,_Z,1969,36.0,_Z,IX,2,WB_WDI,P1Y,0,A,PU,Annual,United States,Gini index,Total,All age ranges or no breakdown by age,Total,0-100 scale,Not Applicable,Not Applicable,Not Applicable,Not Applicable,Index,Two,World Development Indicators (WDI),Annual,Units,Normal value,Public
datastructure,WB.DATA360:DS_DATA360(1.3),I,A,GBR,WB_WDI_SI_POV_GINI,_T,_T,_T,0_TO_100,_Z,_Z,_Z,1968,26.8,_Z,IX,2,WB_WDI,P1Y,0,A,PU,Annual,United Kingdom,Gini index,Total,All age ranges or no breakdown by age,Total,0-100 scale,Not Applicable,Not Applicable,Not Applicable,Not Applicable,Index,Two,World Development Indicators (WDI),Annual,Units,Normal value,Public
datastructure,WB.DATA360:DS_DATA360(1.3),I,A,USA,WB_WDI_SI_POV_GINI,_T,_T,_T,0_TO_100,_Z,_Z,_Z,1968,36.3,_Z,IX,2,WB_WDI,P1Y,0,A,PU,Annual,United States,Gini index,Total,All age ranges or no breakdown by age,Total,0-100 scale,Not Applicable,Not Applicable,Not Applicable,Not Applicable,Index,Two,World Development Indicators (WDI),Annual,Units,Normal value,Public
datastructure,WB.DATA360:DS_DATA360(1.3),I,A,CAN,WB_WDI_SI_POV_GINI,_T,_T,_T,0_TO_100,_Z,_Z,_Z,1979,33.5,_Z,IX,2,WB_WDI,P1Y,0,A,PU,Annual,Canada,Gini index,Total,All age ranges or no breakdown by age,Total,0-100 scale,Not Applicable,Not Applicable,Not Applicable,Not Applicable,Index,Two,World Development Indicators (WDI),Annual,Units,Normal value,Public
datastructure,WB.DATA360:DS_DATA360(1.3),I,A,BGD,WB_WDI_SI_POV_GINI,_T,_T,_T,0_TO_100,_Z,_Z,_Z,1983,25.9,_Z,IX,2,WB_WDI,P1Y,0,A,PU,Annual,Bangladesh,Gini index,Total,All age ranges or no breakdown by age,Total,0-100 scale,Not Applicable,Not Applicable,Not Applicable,Not Applicable,Index,Two,World Development Indicators (WDI),Annual,Units,Normal value,Public
datastructure,WB.DATA360:DS_DATA360(1.3),I,A,BRA,WB_WDI_SI_POV_GINI,_T,_T,_T,0_TO_100,_Z,_Z,_Z,1983,58.9,_Z,IX,2,WB_WDI,P1Y,0,A,PU,Annual,Brazil,Gini index,Total,All age ranges or no breakdown by age,Total,0-100 scale,Not Applicable,Not Applicable,Not Applicable,Not Applicable,Index,Two,World Development Indicators (WDI),Annual,Units,Normal value,Public
datastructure,WB.DATA360:DS_DATA360(1.3),I,A,BRA,WB_WDI_SI_POV_GINI,_T,_T,_T,0_TO_100,_Z,_Z,_Z,1984,58.3,_Z,IX,2,WB_WDI,P1Y,0,A,PU,Annual,Brazil,Gini index,Total,All age ranges or no breakdown by age,Total,0-100 scale,Not Applicable,Not Applicable,Not Applicable,Not Applicable,Index,Two,World Development Indicators (WDI),Annual,Units,Normal value,Public
datastructure,WB.DATA360:DS_DATA360(1.3),I,A,CAN,WB_WDI_SI_POV_GINI,_T,_T,_T,0_TO_100,_Z,_Z,_Z,1984,33.5,_Z,IX,2,WB_WDI,P1Y,0,A,PU,Annual,Canada,Gini index,Total,All age ranges or no breakdown by age,Total,0-100 scale,Not Applicable,Not Applicable,Not Applicable,Not Applicable,Index,Two,World Development Indicators (WDI),Annual,Units,Normal value,Public
datastructure,WB.DATA360:DS_DATA360(1.3),I,A,USA,WB_WDI_SI_POV_GINI,_T,_T,_T,0_TO_100,_Z,_Z,_Z,1964,37.4,_Z,IX,2,WB_WDI,P1Y,0,A,PU,Annual,United States,Gini index,Total,All age ranges or no breakdown by age,Total,0-100 scale,Not Applicable,Not Applicable,Not Applicable,Not Applicable,Index,Two,World Development Indicators (WDI),Annual,Units,Normal value,Public
datastructure,WB.DATA360:DS_DATA360(1.3),I,A,GBR,WB_WDI_SI_POV_GINI,_T,_T,_T,0_TO_100,_Z,_Z,_Z,1974,29.0,_Z,IX,2,WB_WDI,P1Y,0,A,PU,Annual,United Kingdom,Gini index,Total,All age ranges or no breakdown by age,Total,0-100 scale,Not Applicable,Not Applicable,Not Applicable,Not Applicable,Index,Two,World Development Indicators (WDI),Annual,Units,Normal value,Public
datastructure,WB.DATA360:DS_DATA360(1.3),I,A,GBR,WB_WDI_SI_POV_GINI,_T,_T,_T,0_TO_100,_Z,_Z,_Z,1970,28.0,_Z,IX,2,WB_WDI,P1Y,0,A,PU,Annual,United Kingdom,Gini index,Total,All age ranges or no breakdown by age,Total,0-100 scale,Not Applicable,Not Applicable,Not Applicable,Not Applicable,Index,Two,World Development Indicators (WDI),Annual,Units,Normal value,Public
datastructure,WB.DATA360:DS_DATA360(1.3),I,A,USA,WB_WDI_SI_POV_GINI,_T,_T,_T,0_TO_100,_Z,_Z,_Z,1970,36.6,_Z,IX,2,WB_WDI,P1Y,0,A,PU,Annual,United States,Gini index,Total,All age ranges or no breakdown by age,Total,0-100 scale,Not Applicable,Not Applicable,Not Applicable,Not Applicable,Index,Two,World Development Indicators (WDI),Annual,Units,Normal value,Public
datastructure,WB.DATA360:DS_DATA360(1.3),I,A,ARG,WB_WDI_SI_POV_GINI,_T,_T,_T,0_TO_100,_Z,_Z,_Z,1986,42.8,_Z,IX,2,WB_WDI,P1Y,0,A,PU,Annual,Argentina,Gini index,Total,All age ranges or no breakdown by age,Total,0-100 scale,Not Applicable,Not Applicable,Not Applicable,Not Applicable,Index,Two,World Development Indicators (WDI),Annual,Units,Normal value,Public
datastructure,WB.DATA360:DS_DATA360(1.3),I,A,GBR,WB_WDI_SI_POV_GINI,_T,_T,_T,0_TO_100,_Z,_Z,_Z,1973,28.8,_Z,IX,2,WB_WDI,P1Y,0,A,PU,Annual,United Kingdom,Gini index,Total,All age ranges or no breakdown by age,Total,0-100 scale,Not Applicable,Not Applicable,Not Applicable,Not Applicable,Index,Two,World Development Indicators (WDI),Annual,Units,Normal value,Public
datastructure,WB.DATA360:DS_DATA360(1.3),I,A,USA,WB_WDI_SI_POV_GINI,_T,_T,_T,0_TO_100,_Z,_Z,_Z,1973,36.1,_Z,IX,2,WB_WDI,P1Y,0,A,PU,Annual,United States,Gini index,Total,All age ranges or no breakdown by age,Total,0-100 scale,Not Applicable,Not Applicable,Not Applicable,Not Applicable,Index,Two,World Development Indicators (WDI),Annual,Units,Normal value,Public
datastructure,WB.DATA360:DS_DATA360(1.3),I,A,AUS,WB_WDI_SI_POV_GINI,_T,_T,_T,0_TO_100,_Z,_Z,_Z,1985,32.5,_Z,IX,2,WB_WDI,P1Y,0,A,PU,Annual,Australia,Gini index,Total,All age ranges or no breakdown by age,Total,0-100 scale,Not Applicable,Not Applicable,Not Applicable,Not Applicable,Index,Two,World Development Indicators (WDI),Annual,Units,Normal value,Public
datastructure,WB.DATA360:DS_DATA360(1.3),I,A,BGD,WB_WDI_SI_POV_GINI,_T,_T,_T,0_TO_100,_Z,_Z,_Z,1985,26.9,_Z,IX,2,WB_WDI,P1Y,0,A,PU,Annual,Bangladesh,Gini index,Total,All age ranges or no breakdown by age,Total,0-100 scale,Not Applicable,Not Applicable,Not Applicable,Not Applicable,Index,Two,World Development Indicators (WDI),Annual,Units,Normal value,Public
datastructure,WB.DATA360:DS_DATA360(1.3),I,A,CAN,WB_WDI_SI_POV_GINI,_T,_T,_T,0_TO_100,_Z,_Z,_Z,1975,34.1,_Z,IX,2,WB_WDI,P1Y,0,A,PU,Annual,Canada,Gini index,Total,All age ranges or no breakdown by age,Total,0-100 scale,Not Applicable,Not Applicable,Not Applicable,Not Applicable,Index,Two,World Development Indicators (WDI),Annual,Units,Normal value,Public
datastructure,WB.DATA360:DS_DATA360(1.3),I,A,AUS,WB_WDI_SI_POV_GINI,_T,_T,_T,0_TO_100,_Z,_Z,_Z,1981,31.3,_Z,IX,2,WB_WDI,P1Y,0,A,PU,Annual,Australia,Gini index,Total,All age ranges or no breakdown by age,Total,0-100 scale,Not Applicable,Not Applicable,Not Applicable,Not Applicable,Index,Two,World Development Indicators (WDI),Annual,Units,Normal value,Public
datastructure,WB.DATA360:DS_DATA360(1.3),I,A,USA,WB_WDI_SI_POV_GINI,_T,_T,_T,0_TO_100,_Z,_Z,_Z,1966,37.1,_Z,IX,2,WB_WDI,P1Y,0,A,PU,Annual,United States,Gini index,Total,All age ranges or no breakdown by age,Total,0-100 scale,Not Applicable,Not Applicable,Not Applicable,Not Applicable,Index,Two,World Development Indicators (WDI),Annual,Units,Normal value,Public
datastructure,WB.DATA360:DS_DATA360(1.3),I,A,CAN,WB_WDI_SI_POV_GINI,_T,_T,_T,0_TO_100,_Z,_Z,_Z,1973,34.9,_Z,IX,2,WB_WDI,P1Y,0,A,PU,Annual,Canada,Gini index,Total,All age ranges or no breakdown by age,Total,0-100 scale,Not Applicable,Not Applicable,Not Applicable,Not Applicable,Index,Two,World Development Indicators (WDI),Annual,Units,Normal value,Public
datastructure,WB.DATA360:DS_DATA360(1.3),I,A,CAN,WB_WDI_SI_POV_GINI,_T,_T,_T,0_TO_100,_Z,_Z,_Z,1971,37.2,_Z,IX,2,WB_WDI,P1Y,0,A,PU,Annual,Canada,Gini index,Total,All age ranges or no breakdown by age,Total,0-100 scale,Not Applicable,Not Applicable,Not Applicable,Not Applicable,Index,Two,World Development Indicators (WDI),Annual,Units,Normal value,Public
datastructure,WB.DATA360:DS_DATA360(1.3),I,A,USA,WB_WDI_SI_POV_GINI,_T,_T,_T,0_TO_100,_Z,_Z,_Z,1963,36.7,_Z,IX,2,WB_WDI,P1Y,0,A,PU,Annual,United States,Gini index,Total,All age ranges or no breakdown by age,Total,0-100 scale,Not Applicable,Not Applicable,Not Applicable,Not Applicable,Index,Two,World Development Indicators (WDI),Annual,Units,Normal value,Public
datastructure,WB.DATA360:DS_DATA360(1.3),I,A,FRA,WB_WDI_SI_POV_GINI,_T,_T,_T,0_TO_100,_Z,_Z,_Z,1970,37.1,_Z,IX,2,WB_WDI,P1Y,0,A,PU,Annual,France,Gini index,Total,All age ranges or no breakdown by age,Total,0-100 scale,Not Applicable,Not Applicable,Not Applicable,Not Applicable,Index,Two,World Development Indicators (WDI),Annual,Units,Normal value,Public
datastructure,WB.DATA360:DS_DATA360(1.3),I,A,USA,WB_WDI_SI_POV_GINI,_T,_T,_T,0_TO_100,_Z,_Z,_Z,1965,36.8,_Z,IX,2,WB_WDI,P1Y,0,A,PU,Annual,United States,Gini index,Total,All age ranges or no breakdown by age,Total,0-100 scale,Not Applicable,Not Applicable,Not Applicable,Not Applicable,Index,Two,World Development Indicators (WDI),Annual,Units,Normal value,Public
datastructure,WB.DATA360:DS_DATA360(1.3),I,A,DZA,WB_WDI_SI_POV_GINI,_T,_T,_T,0_TO_100,_Z,_Z,_Z,1988,37.4,_Z,IX,2,WB_WDI,P1Y,0,A,PU,Annual,Algeria,Gini index,Total,All age ranges or no breakdown by age,Total,0-100 scale,Not Applicable,Not Applicable,Not Applicable,Not Applicable,Index,Two,World Development Indicators (WDI),Annual,Units,Normal value,Public
datastructure,WB.DATA360:DS_DATA360(1.3),I,A,ARG,WB_WDI_SI_POV_GINI,_T,_T,_T,0_TO_100,_Z,_Z,_Z,1987,45.3,_Z,IX,2,WB_WDI,P1Y,0,A,PU,Annual,Argentina,Gini index,Total,All age ranges or no breakdown by age,Total,0-100 scale,Not Applicable,Not Applicable,Not Applicable,Not Applicable,Index,Two,World Development Indicators (WDI),Annual,Units,Normal value,Public
datastructure,WB.DATA360:DS_DATA360(1.3),I,A,CRI,WB_WDI_SI_POV_GINI,_T,_T,_T,0_TO_100,_Z,_Z,_Z,2025,45.5,_Z,IX,2,WB_WDI,P1Y,0,A,PU,Annual,Costa Rica,Gini index,Total,All age ranges or no breakdown by age,Total,0-100 scale,Not Applicable,Not Applicable,Not Applicable,Not Applicable,Index,Two,World Development Indicators (WDI),Annual,Units,Normal value,Public
datastructure,WB.DATA360:DS_DATA360(1.3),I,A,ECU,WB_WDI_SI_POV_GINI,_T,_T,_T,0_TO_100,_Z,_Z,_Z,2025,45.9,_Z,IX,2,WB_WDI,P1Y,0,A,PU,Annual,Ecuador,Gini index,Total,All age ranges or no breakdown by age,Total,0-100 scale,Not Applicable,Not Applicable,Not Applicable,Not Applicable,Index,Two,World Development Indicators (WDI),Annual,Units,Normal value,Public
datastructure,WB.DATA360:DS_DATA360(1.3),I,A,IDN,WB_WDI_SI_POV_GINI,_T,_T,_T,0_TO_100,_Z,_Z,_Z,2025,34.4,_Z,IX,2,WB_WDI,P1Y,0,A,PU,Annual,Indonesia,Gini index,Total,All age ranges or no breakdown by age,Total,0-100 scale,Not Applicable,Not Applicable,Not Applicable,Not Applicable,Index,Two,World Development Indicators (WDI),Annual,Units,Normal value,Public
datastructure,WB.DATA360:DS_DATA360(1.3),I,A,UZB,WB_WDI_SI_POV_GINI,_T,_T,_T,0_TO_100,_Z,_Z,_Z,2025,32.7,_Z,IX,2,WB_WDI,P1Y,0,A,PU,Annual,Uzbekistan,Gini index,Total,All age ranges or no breakdown by age,Total,0-100 scale,Not Applicable,Not Applicable,Not Applicable,Not Applicable,Index,Two,World Development Indicators (WDI),Annual,Units,Normal value,Public
